jumlah_siswa;jumlah_guru;rasio_guru_siswa;persentase_guru_bersertifikasi;rata_rata_nilai;prestasi_akademik;akreditasi;persentase_fasilitas_layak;kehadiran_siswa;persentase_lulusan_melanjutkan;status_sekolah
252;11;22.91;61.52;69.1;13;B;45.0;87.22;69.46;Tidak Unggul
585;21;27.86;54.54;68.39;5;C;65.22;77.99;50.0;Tidak Unggul
420;30;14.0;98.12;84.3;16;A;70.53;93.4;76.21;Unggul
256;12;21.33;66.24;74.58;13;B;82.53;80.57;94.35;Tidak Unggul
221;10;22.1;71.37;75.2;9;C;59.22;81.75;67.33;Tidak Unggul
850;40;21.25;79.06;74.45;14;B;80.27;93.47;88.37;Unggul
170;10;17.0;72.71;71.53;17;A;80.23;91.17;88.22;Tidak Unggul
764;30;25.47;66.21;63.95;12;B;72.4;81.65;63.08;Tidak Unggul
271;15;18.07;64.4;79.83;15;A;85.46;95.55;77.17;Unggul
616;33;18.67;79.19;87.21;12;A;82.77;84.37;90.18;Unggul
364;27;13.48;89.36;88.28;17;A;82.69;90.22;85.24;Unggul
480;20;24.0;56.35;71.31;8;B;70.48;81.7;70.27;Tidak Unggul
608;29;20.97;81.23;86.02;13;B;86.06;87.02;78.73;Unggul
237;11;21.55;68.81;79.85;12;B;73.86;91.91;64.37;Tidak Unggul
522;21;24.86;64.29;79.39;14;B;72.99;85.31;82.4;Tidak Unggul
249;15;16.6;74.54;88.73;16;A;75.61;99.0;77.82;Unggul
813;35;23.23;69.63;67.9;7;C;67.41;76.98;65.18;Tidak Unggul
280;16;17.5;58.64;74.47;12;B;68.36;89.78;68.72;Tidak Unggul
811;38;21.34;62.99;74.39;15;A;75.8;87.46;82.54;Unggul
458;28;16.36;71.42;83.08;12;A;77.85;87.69;78.69;Unggul
919;33;27.85;59.31;62.88;9;B;66.09;81.11;71.88;Tidak Unggul
493;32;15.41;84.78;77.38;17;B;78.56;89.87;92.96;Unggul
641;34;18.85;68.97;73.41;11;B;84.21;88.23;76.46;Unggul
563;23;24.48;61.21;68.09;6;C;54.78;79.59;65.13;Tidak Unggul
955;49;19.49;65.7;83.86;14;B;67.92;90.17;77.57;Unggul
535;36;14.86;80.7;83.83;15;A;74.75;95.45;82.65;Unggul
341;14;24.36;48.76;70.6;11;C;60.95;78.37;73.47;Tidak Unggul
426;16;26.62;71.84;77.57;11;B;71.25;91.83;71.35;Tidak Unggul
310;14;22.14;72.29;76.07;9;C;82.27;87.79;75.73;Tidak Unggul
609;30;20.3;64.29;65.93;9;B;74.89;87.48;79.77;Tidak Unggul
463;21;22.05;77.16;82.67;13;B;73.66;89.08;77.57;Tidak Unggul
171;8;21.38;71.83;76.64;13;A;71.43;89.23;73.06;Tidak Unggul
402;18;22.33;79.3;81.54;11;C;79.95;83.65;69.81;Tidak Unggul
897;36;24.92;74.28;72.71;11;B;65.11;89.59;78.74;Tidak Unggul
710;34;20.88;69.73;75.46;14;A;67.25;89.31;74.21;Unggul
624;41;15.22;84.11;81.04;12;A;69.29;85.2;81.58;Unggul
208;19;10.95;86.48;92.54;15;A;77.61;94.66;77.99;Unggul
660;40;16.5;79.52;76.14;17;A;89.8;89.74;82.27;Unggul
831;57;14.58;83.58;85.88;17;B;88.08;93.38;78.04;Unggul
625;32;19.53;73.47;76.51;9;B;75.01;85.07;64.83;Tidak Unggul
849;41;20.71;73.0;78.96;13;A;60.31;90.76;85.46;Unggul
932;51;18.27;76.34;89.02;14;A;77.59;85.87;79.32;Unggul
339;15;22.6;72.09;64.54;11;B;71.72;82.86;67.28;Tidak Unggul
836;63;13.27;74.24;87.28;16;A;84.91;92.99;79.13;Unggul
712;26;27.38;76.17;75.18;7;B;54.05;87.99;73.47;Tidak Unggul
716;29;24.69;52.06;78.29;13;B;65.51;88.26;67.74;Tidak Unggul
393;17;23.12;71.31;76.07;8;C;63.14;84.6;70.64;Tidak Unggul
981;70;14.01;70.73;83.56;16;B;89.73;87.79;81.64;Unggul
654;26;25.15;65.83;70.7;13;B;69.0;78.09;72.96;Tidak Unggul
280;15;18.67;68.24;79.77;16;B;77.63;97.08;79.27;Unggul
634;24;26.42;59.4;76.9;11;B;56.48;84.08;66.37;Tidak Unggul
968;44;22.0;67.78;72.75;10;C;58.65;88.93;69.24;Tidak Unggul
796;32;24.88;70.46;72.85;12;C;75.61;87.41;74.72;Tidak Unggul
170;9;18.89;87.36;78.33;16;A;63.03;83.98;78.74;Unggul
990;39;25.38;66.86;72.0;10;B;55.52;85.25;70.32;Tidak Unggul
316;13;24.31;73.59;76.82;8;B;75.83;86.42;70.67;Tidak Unggul
423;19;22.26;64.63;69.86;6;C;70.54;77.99;62.79;Tidak Unggul
537;34;15.79;87.73;90.53;18;A;74.5;91.28;82.1;Unggul
750;33;22.73;56.49;63.41;10;C;63.74;80.03;67.06;Tidak Unggul
465;22;21.14;68.32;75.19;11;B;80.16;88.76;75.26;Tidak Unggul
163;8;20.38;77.67;72.71;13;B;76.57;85.68;72.82;Tidak Unggul
391;21;18.62;77.84;89.49;18;A;86.81;93.12;82.73;Unggul
926;38;24.37;67.6;75.82;7;B;77.16;80.43;67.64;Unggul
495;37;13.38;88.93;79.05;17;A;100.0;91.49;88.79;Unggul
714;28;25.5;59.55;65.13;6;B;64.46;81.99;71.46;Tidak Unggul
489;17;28.76;72.55;67.46;10;B;78.63;84.16;67.22;Tidak Unggul
241;9;26.78;47.01;76.66;8;C;73.25;83.51;59.52;Tidak Unggul
516;23;22.43;51.55;68.53;8;C;63.94;79.09;62.0;Tidak Unggul
604;33;18.3;65.15;80.19;11;B;77.91;90.23;81.4;Unggul
577;18;32.06;62.55;62.93;5;B;46.25;85.37;54.68;Tidak Unggul
658;42;15.67;69.41;83.74;15;B;81.68;89.07;76.47;Unggul
925;41;22.56;54.42;75.97;9;C;61.56;82.82;60.58;Tidak Unggul
184;11;16.73;80.07;90.97;18;A;76.37;94.58;83.14;Unggul
355;16;22.19;70.48;72.88;12;C;78.96;87.21;72.31;Tidak Unggul
230;12;19.17;72.79;80.32;16;A;71.46;89.76;81.46;Unggul
711;30;23.7;54.41;68.41;9;B;67.43;81.28;64.1;Tidak Unggul
537;22;24.41;69.06;73.33;9;B;77.46;85.31;63.36;Tidak Unggul
151;10;15.1;86.55;80.03;15;A;78.5;85.65;79.55;Unggul
539;20;26.95;48.91;70.19;6;C;60.16;80.72;55.89;Tidak Unggul
715;52;13.75;96.01;80.88;16;A;79.5;97.09;90.76;Unggul
255;18;14.17;72.57;78.96;13;A;71.4;83.19;76.07;Unggul
921;74;12.45;82.8;89.27;20;A;88.7;88.06;81.22;Unggul
971;72;13.49;85.87;88.29;19;A;100.0;95.89;91.64;Unggul
626;22;28.45;63.42;62.12;5;C;77.5;88.49;65.67;Tidak Unggul
852;45;18.93;53.08;73.53;10;B;67.92;92.23;69.18;Unggul
551;26;21.19;68.76;73.81;10;B;69.67;84.92;64.62;Unggul
879;57;15.42;84.97;86.29;16;A;79.08;93.06;80.23;Unggul
705;34;20.74;82.73;76.54;13;B;65.6;91.79;76.16;Unggul
311;16;19.44;69.92;74.16;10;B;66.1;81.93;75.17;Tidak Unggul
351;18;19.5;65.77;73.58;8;C;65.78;79.66;78.67;Tidak Unggul
419;18;23.28;73.16;77.13;8;C;48.48;83.8;69.98;Tidak Unggul
965;32;30.16;75.25;60.0;5;C;58.88;78.44;64.79;Tidak Unggul
420;22;19.09;72.1;75.61;12;B;78.38;87.46;64.81;Tidak Unggul
605;28;21.61;70.08;81.08;12;B;88.32;85.51;67.47;Tidak Unggul
611;33;18.52;84.11;73.11;15;B;79.83;93.37;81.22;Unggul
876;35;25.03;57.18;67.21;10;B;59.89;85.98;60.63;Tidak Unggul
401;23;17.43;76.2;84.68;13;A;69.45;88.26;73.67;Unggul
851;38;22.39;91.35;73.93;13;B;72.84;80.72;75.46;Unggul
445;23;19.35;72.88;71.8;12;B;70.74;86.79;72.35;Tidak Unggul
874;29;30.14;63.23;65.06;2;C;56.26;80.09;52.69;Tidak Unggul
869;47;18.49;72.62;63.28;13;B;86.24;87.82;84.75;Unggul
898;37;24.27;70.78;61.78;10;C;70.47;82.07;61.36;Tidak Unggul
487;25;19.48;83.06;79.56;13;B;78.71;85.92;76.4;Unggul
202;17;11.88;75.48;86.85;21;A;93.04;99.0;98.0;Unggul
941;38;24.76;71.11;74.7;12;B;67.81;90.86;75.05;Tidak Unggul
366;24;15.25;80.39;76.79;16;A;66.34;88.72;71.36;Unggul
913;31;29.45;64.79;68.82;10;C;65.06;84.65;70.81;Tidak Unggul
337;8;42.12;56.72;72.46;8;C;55.85;82.46;60.16;Tidak Unggul
529;20;26.45;73.14;68.24;5;B;67.69;77.91;66.08;Tidak Unggul
642;48;13.38;90.92;94.73;21;A;87.54;93.67;98.0;Unggul
190;8;23.75;66.96;75.28;13;A;83.35;91.17;66.05;Tidak Unggul
306;16;19.12;89.09;83.07;15;B;88.61;88.58;85.68;Unggul
164;8;20.5;80.26;74.94;9;B;83.68;83.72;76.53;Tidak Unggul
962;43;22.37;75.31;73.58;9;C;79.73;83.28;68.92;Tidak Unggul
214;10;21.4;68.65;71.34;11;A;79.31;86.19;80.98;Tidak Unggul
988;44;22.45;69.15;75.58;12;B;64.43;84.14;74.65;Tidak Unggul
670;30;22.33;58.25;67.88;9;C;64.02;82.99;76.03;Tidak Unggul
493;31;15.9;86.19;92.87;18;A;81.04;87.3;78.48;Unggul
278;9;30.89;70.31;60.0;6;C;62.96;83.35;66.59;Tidak Unggul
797;38;20.97;75.96;78.09;11;B;76.47;86.23;60.22;Unggul
621;30;20.7;88.19;73.47;12;B;73.3;83.64;77.54;Tidak Unggul
212;9;23.56;55.0;68.74;12;B;76.62;84.29;66.05;Tidak Unggul
288;11;26.18;60.65;64.11;5;C;54.65;75.0;64.01;Tidak Unggul
648;37;17.51;90.23;91.32;18;A;67.65;89.32;84.01;Unggul
742;34;21.82;64.79;70.52;9;B;72.67;80.44;71.42;Tidak Unggul
541;26;20.81;58.35;62.9;10;B;66.24;91.32;65.35;Tidak Unggul
824;39;21.13;66.98;74.59;14;B;79.49;90.01;87.59;Unggul
568;41;13.85;89.54;89.58;20;A;97.83;95.5;90.57;Unggul
438;30;14.6;75.62;78.3;17;A;86.24;90.94;83.78;Unggul
528;28;18.86;91.64;85.49;17;A;72.23;91.69;74.55;Unggul
922;42;21.95;76.81;68.24;11;B;69.47;87.63;69.71;Unggul
639;50;12.78;87.44;86.83;19;A;100.0;97.91;86.86;Unggul
380;24;15.83;73.52;81.42;13;B;79.31;86.47;75.83;Unggul
190;8;23.75;80.51;72.97;10;A;82.62;84.92;71.94;Tidak Unggul
177;11;16.09;92.3;76.54;15;A;79.99;89.83;72.96;Unggul
284;11;25.82;52.66;65.65;7;C;66.45;79.93;58.54;Tidak Unggul
350;13;26.92;58.75;67.23;10;C;73.18;83.47;54.09;Tidak Unggul
989;39;25.36;63.63;77.25;9;B;55.18;87.88;71.69;Tidak Unggul
929;37;25.11;64.01;77.31;11;B;72.56;88.99;69.2;Tidak Unggul
182;9;20.22;53.99;75.28;10;B;71.16;84.35;62.97;Tidak Unggul
197;8;24.62;64.57;74.98;11;B;63.08;93.8;71.23;Tidak Unggul
652;33;19.76;64.22;72.79;12;B;61.8;87.16;76.04;Tidak Unggul
556;22;25.27;55.83;69.22;6;C;82.65;85.13;65.02;Tidak Unggul
723;56;12.91;92.07;80.29;20;A;92.79;97.77;91.77;Unggul
877;30;29.23;60.86;67.51;6;C;72.57;85.37;66.72;Tidak Unggul
954;47;20.3;76.96;71.66;11;B;79.39;89.75;70.58;Unggul
248;12;20.67;59.56;71.52;7;B;68.92;82.75;64.01;Tidak Unggul
833;49;17.0;85.37;82.5;17;B;74.36;89.99;78.1;Unggul
875;34;25.74;72.88;72.95;10;B;78.36;82.71;77.31;Tidak Unggul
696;50;13.92;83.22;92.75;20;A;90.48;96.5;91.47;Unggul
888;31;28.65;77.13;64.06;7;C;66.4;85.69;67.77;Tidak Unggul
762;26;29.31;57.19;60.56;4;C;58.59;81.75;50.05;Tidak Unggul
611;38;16.08;72.09;77.4;13;B;80.97;89.81;86.5;Unggul
792;28;28.29;60.55;70.42;5;C;62.94;81.67;63.84;Tidak Unggul
918;37;24.81;57.74;70.4;6;B;58.94;78.42;60.89;Tidak Unggul
154;8;19.25;70.33;75.31;12;B;78.81;85.38;75.76;Tidak Unggul
367;18;20.39;86.47;78.54;11;B;77.42;84.33;66.87;Tidak Unggul
652;37;17.62;64.58;78.38;15;A;82.42;94.62;72.88;Unggul
916;51;17.96;70.37;82.06;17;B;81.11;89.14;78.29;Unggul
547;29;18.86;76.53;82.16;13;B;91.2;90.63;80.79;Unggul
944;37;25.51;68.64;81.44;14;B;79.77;82.53;75.86;Unggul
542;35;15.49;78.03;81.73;16;A;75.18;88.11;89.01;Unggul
356;13;27.38;80.05;69.73;9;B;63.18;83.34;71.53;Tidak Unggul
164;13;12.62;82.52;88.28;22;A;88.18;96.76;90.18;Unggul
703;30;23.43;70.14;71.27;8;C;63.27;81.54;67.63;Tidak Unggul
610;27;22.59;59.39;73.27;8;B;53.99;87.2;71.69;Tidak Unggul
840;30;28.0;60.29;62.59;2;C;64.81;76.77;55.56;Tidak Unggul
724;39;18.56;80.78;71.33;13;B;68.54;89.05;80.28;Unggul
892;47;18.98;77.1;86.93;15;A;89.45;87.67;69.78;Unggul
390;19;20.53;73.58;90.1;15;B;67.2;93.69;77.31;Unggul
713;56;12.73;88.51;81.76;24;A;98.68;99.0;92.21;Unggul
245;16;15.31;79.06;80.22;15;B;83.32;90.06;79.64;Unggul
883;42;21.02;85.4;84.51;13;A;82.33;88.22;84.53;Unggul
634;30;21.13;72.19;75.33;10;B;69.39;83.17;76.7;Tidak Unggul
556;22;25.27;69.99;82.37;10;B;71.87;83.93;73.07;Tidak Unggul
380;19;20.0;80.24;67.29;15;B;71.44;84.35;70.59;Tidak Unggul
898;40;22.45;60.07;67.25;7;C;69.64;81.5;71.67;Tidak Unggul
804;39;20.62;68.26;75.78;12;B;71.54;90.4;73.69;Unggul
320;8;40.0;79.87;75.02;8;B;66.16;83.79;72.75;Tidak Unggul
690;25;27.6;58.92;71.79;4;C;62.79;82.11;62.72;Tidak Unggul
185;11;16.82;79.48;71.34;13;B;76.06;84.17;75.92;Tidak Unggul
674;22;30.64;59.05;62.03;10;C;60.0;82.75;71.65;Tidak Unggul
309;16;19.31;88.28;86.11;16;A;76.15;92.88;83.81;Unggul
988;52;19.0;60.17;74.08;10;B;70.0;84.1;71.87;Tidak Unggul
848;46;18.43;69.13;81.97;15;A;67.16;91.28;76.88;Unggul
392;23;17.04;82.93;82.65;16;B;76.42;87.51;76.64;Unggul
235;8;29.38;56.7;61.62;4;C;61.35;83.98;57.53;Tidak Unggul
945;36;26.25;62.72;68.53;6;B;64.75;83.04;66.78;Tidak Unggul
727;46;15.8;82.44;83.81;15;B;84.7;88.54;82.0;Unggul
831;37;22.46;68.29;69.73;10;B;73.57;86.98;71.09;Tidak Unggul
706;34;20.76;65.46;74.36;15;B;82.29;88.65;74.79;Unggul
723;50;14.46;76.83;83.63;18;A;84.91;94.47;85.87;Unggul
795;48;16.56;73.48;85.64;18;A;99.01;87.87;74.75;Unggul
945;53;17.83;88.98;74.52;19;B;82.05;87.93;74.51;Unggul
177;12;14.75;90.3;85.86;16;A;88.95;91.92;81.99;Unggul
769;47;16.36;67.99;79.96;11;B;74.92;86.51;82.59;Unggul
705;40;17.62;82.51;77.01;15;A;81.37;90.81;88.25;Unggul
489;29;16.86;79.55;94.63;16;B;76.45;92.48;76.68;Unggul
947;41;23.1;82.88;70.21;11;B;71.79;83.62;88.31;Unggul
480;21;22.86;89.89;78.42;11;B;65.67;87.05;67.85;Unggul
789;28;28.18;64.83;66.57;3;C;68.5;78.46;54.38;Tidak Unggul
655;31;21.13;69.98;75.21;14;B;77.19;83.09;64.09;Tidak Unggul
497;21;23.67;57.41;71.8;10;C;72.25;83.97;64.43;Tidak Unggul
622;24;25.92;72.61;77.19;10;B;58.03;84.82;70.3;Tidak Unggul
380;16;23.75;69.23;88.65;13;B;58.8;84.06;79.49;Tidak Unggul
339;18;18.83;61.32;69.05;12;B;71.86;87.51;78.47;Tidak Unggul
374;20;18.7;76.07;64.8;14;B;65.83;90.0;82.71;Tidak Unggul
534;26;20.54;94.3;74.87;14;A;56.73;87.86;88.77;Unggul
526;28;18.79;80.08;76.76;12;B;81.64;90.14;86.39;Unggul
432;19;22.74;61.05;77.6;11;B;74.25;83.07;81.49;Tidak Unggul
782;39;20.05;75.9;79.32;13;B;71.49;87.16;79.7;Unggul
777;59;13.17;89.74;86.64;21;A;90.46;98.8;87.45;Unggul
894;33;27.09;63.78;73.56;5;C;74.95;78.14;65.37;Tidak Unggul
408;20;20.4;61.06;73.37;14;A;68.36;87.81;72.08;Tidak Unggul
508;24;21.17;76.37;88.16;14;A;86.53;87.19;82.29;Unggul
859;32;26.84;72.02;77.05;12;B;67.57;90.02;70.15;Tidak Unggul
605;29;20.86;73.12;85.19;12;B;71.35;85.55;73.5;Unggul
560;17;32.94;51.62;66.93;8;B;58.05;89.26;59.74;Tidak Unggul
798;42;19.0;75.0;77.21;13;B;79.17;92.16;80.33;Unggul
467;32;14.59;87.18;75.42;17;A;89.58;92.58;78.41;Unggul
826;34;24.29;63.87;74.26;12;B;72.09;87.51;72.71;Tidak Unggul
374;13;28.77;52.99;65.0;2;C;55.16;84.77;56.21;Tidak Unggul
968;39;24.82;77.05;80.73;8;C;61.61;81.99;66.62;Tidak Unggul
383;18;21.28;70.0;75.68;11;B;86.86;87.03;72.28;Tidak Unggul
833;32;26.03;70.51;66.11;11;B;66.4;85.5;63.83;Tidak Unggul
813;33;24.64;55.58;79.12;9;B;67.3;83.64;68.34;Tidak Unggul
976;37;26.38;57.67;66.31;10;C;54.54;82.49;62.74;Tidak Unggul
523;19;27.53;78.87;60.73;5;C;75.91;82.13;57.5;Tidak Unggul
821;38;21.61;81.05;75.75;9;B;55.35;91.36;64.34;Unggul
757;26;29.12;63.04;61.57;4;C;67.23;76.99;54.73;Tidak Unggul
621;36;17.25;61.74;79.03;16;B;86.97;90.82;78.21;Unggul
382;13;29.38;47.57;71.59;6;B;54.65;78.55;54.84;Tidak Unggul
841;34;24.74;55.43;73.6;10;B;69.08;85.51;69.95;Tidak Unggul
262;15;17.47;65.15;81.89;13;A;81.67;90.62;78.88;Unggul
979;42;23.31;69.38;69.09;12;B;92.11;83.02;69.2;Unggul
646;27;23.93;79.29;79.96;11;B;88.67;87.8;72.53;Unggul
591;29;20.38;70.77;77.27;15;B;83.52;82.48;68.36;Unggul
713;24;29.71;56.7;63.13;3;C;61.57;83.55;60.32;Tidak Unggul
417;30;13.9;79.32;85.46;16;B;89.41;86.61;82.78;Unggul
659;44;14.98;83.92;79.4;14;A;80.44;86.42;73.9;Unggul
956;53;18.04;79.79;68.8;10;B;77.01;88.39;84.66;Unggul
535;27;19.81;71.37;78.82;12;B;66.16;83.79;70.05;Tidak Unggul
536;25;21.44;77.58;77.12;8;C;67.86;85.47;70.65;Tidak Unggul
262;12;21.83;64.33;68.98;9;B;74.69;89.8;66.76;Tidak Unggul
762;38;20.05;84.18;77.21;9;C;71.95;89.04;65.79;Tidak Unggul
774;40;19.35;65.24;78.64;10;B;75.31;84.31;72.3;Unggul
230;20;11.5;69.85;77.13;19;A;84.09;93.05;85.66;Unggul
848;47;18.04;72.61;81.59;16;A;84.71;88.68;88.56;Unggul
262;9;29.11;54.96;60.0;10;B;56.81;86.69;65.16;Tidak Unggul
151;11;13.73;71.35;82.99;14;B;85.52;90.96;77.88;Unggul
791;50;15.82;87.95;83.37;15;B;66.93;87.82;86.1;Unggul
369;22;16.77;79.32;81.05;16;A;89.15;93.33;85.99;Unggul
715;54;13.24;68.22;80.49;15;B;70.18;85.7;81.98;Unggul
885;49;18.06;69.29;80.91;14;A;75.57;92.43;84.36;Unggul
374;19;19.68;75.05;68.2;14;A;69.4;92.41;81.82;Tidak Unggul
534;21;25.43;83.68;81.69;10;B;79.78;88.64;85.32;Tidak Unggul
552;21;26.29;71.36;74.95;10;B;61.15;86.35;68.57;Tidak Unggul
787;32;24.59;77.11;72.93;9;C;69.32;88.66;70.18;Tidak Unggul
279;9;31.0;66.27;67.76;9;B;60.41;80.83;60.28;Tidak Unggul
202;8;25.25;50.73;71.89;9;C;61.58;75.61;62.18;Tidak Unggul
833;41;20.32;73.59;65.09;9;B;75.94;89.26;71.72;Tidak Unggul
879;26;33.81;50.98;61.69;5;B;59.5;83.29;63.01;Tidak Unggul
821;54;15.2;73.57;80.59;13;A;77.63;90.29;84.43;Unggul
859;32;26.84;53.54;71.03;6;C;52.39;80.54;57.83;Tidak Unggul
565;39;14.49;78.51;69.42;17;A;73.8;93.01;83.33;Unggul
396;22;18.0;79.19;87.93;15;B;72.21;93.95;78.86;Unggul
985;71;13.87;73.67;75.83;15;A;75.74;88.68;74.6;Unggul
588;24;24.5;62.78;68.55;8;C;77.72;87.08;70.29;Tidak Unggul
352;14;25.14;67.82;70.71;6;C;68.03;85.83;65.08;Tidak Unggul
333;15;22.2;68.72;69.21;10;B;72.75;84.44;68.86;Tidak Unggul
272;15;18.13;71.29;69.94;12;B;61.74;94.03;66.51;Tidak Unggul
550;27;20.37;95.02;82.3;16;B;90.06;88.07;86.06;Unggul
916;63;14.54;90.97;93.6;16;A;97.84;86.38;76.4;Unggul
443;22;20.14;70.01;72.47;15;B;68.93;83.82;67.85;Tidak Unggul
429;14;30.64;55.96;60.0;2;C;47.31;81.65;58.01;Tidak Unggul
986;55;17.93;76.92;73.24;14;B;90.06;92.88;77.43;Unggul
759;31;24.48;72.32;74.22;12;B;76.21;83.71;74.99;Tidak Unggul
347;12;28.92;57.64;60.0;3;C;71.8;77.68;56.59;Tidak Unggul
660;34;19.41;73.63;71.54;14;A;83.9;85.49;78.85;Unggul
901;41;21.98;63.23;71.24;9;B;50.74;85.84;72.14;Tidak Unggul
293;21;13.95;83.45;81.47;19;A;100.0;91.63;97.78;Unggul
758;52;14.58;73.22;87.17;13;B;79.2;91.93;77.02;Unggul
350;24;14.58;72.61;81.32;18;A;89.39;94.78;83.58;Unggul
273;12;22.75;73.28;77.83;11;B;69.07;82.92;68.69;Tidak Unggul
336;17;19.76;79.19;88.13;12;B;76.45;87.14;72.89;Unggul
475;22;21.59;89.95;83.08;11;B;63.31;87.01;72.58;Tidak Unggul
613;31;19.77;60.28;79.24;10;B;82.2;85.01;80.59;Unggul
498;29;17.17;74.02;83.78;15;B;74.73;87.4;83.4;Unggul
920;36;25.56;73.22;70.18;7;C;62.15;88.87;63.23;Tidak Unggul
809;31;26.1;62.69;71.75;4;B;64.86;82.22;59.73;Tidak Unggul
913;67;13.63;100.0;86.35;18;A;100.0;97.23;87.32;Unggul
552;37;14.92;87.38;82.79;15;B;76.67;89.05;78.24;Unggul
495;26;19.04;57.73;85.27;14;B;80.66;90.28;76.9;Unggul
660;33;20.0;73.7;77.86;12;B;84.28;85.63;78.47;Tidak Unggul
296;12;24.67;65.62;67.47;9;C;68.77;85.78;64.19;Tidak Unggul
297;18;16.5;80.76;85.2;17;A;86.92;91.61;78.73;Unggul
860;43;20.0;71.36;76.02;16;B;53.38;86.21;83.76;Unggul
969;65;14.91;91.4;78.4;18;A;78.57;82.29;83.3;Unggul
638;37;17.24;77.78;84.34;16;A;81.32;87.22;81.91;Unggul
789;30;26.3;45.0;68.22;7;C;63.71;81.02;53.25;Tidak Unggul
700;32;21.88;72.17;82.45;17;A;84.82;88.82;77.25;Unggul
487;18;27.06;78.18;68.05;9;C;52.39;77.9;58.56;Tidak Unggul
790;33;23.94;56.26;72.71;8;C;57.89;76.8;51.91;Tidak Unggul
928;41;22.63;83.0;83.6;11;B;82.6;94.04;74.39;Unggul
622;23;27.04;66.34;63.59;3;C;66.97;79.55;57.55;Tidak Unggul
300;17;17.65;72.38;75.52;15;B;67.82;87.02;82.35;Tidak Unggul
564;25;22.56;70.27;75.15;10;B;72.09;85.66;67.08;Tidak Unggul
447;19;23.53;73.03;63.98;13;B;73.23;84.35;71.1;Tidak Unggul
760;36;21.11;73.64;83.83;14;B;74.67;93.03;76.41;Unggul
412;20;20.6;70.37;74.27;14;B;67.9;87.22;78.74;Unggul
913;55;16.6;90.03;89.31;16;B;73.52;88.0;86.45;Unggul
293;11;26.64;64.82;74.92;8;B;60.6;81.98;67.16;Tidak Unggul
495;19;26.05;58.09;73.99;8;B;77.47;80.74;62.16;Tidak Unggul
773;31;24.94;68.83;74.25;10;B;69.21;79.48;64.33;Tidak Unggul
721;30;24.03;77.12;74.67;13;B;77.58;88.94;78.58;Unggul
151;8;18.88;58.87;73.35;12;B;63.21;87.88;77.97;Tidak Unggul
453;21;21.57;64.65;65.39;12;B;81.67;81.67;76.99;Tidak Unggul
403;19;21.21;63.5;87.14;16;B;90.53;88.54;78.42;Unggul
801;54;14.83;100.0;78.76;17;A;88.45;93.32;88.8;Unggul
602;29;20.76;64.17;71.59;9;B;69.17;82.68;72.13;Tidak Unggul
186;11;16.91;67.06;82.1;11;B;75.06;89.39;73.62;Unggul
309;9;34.33;57.33;74.73;7;C;67.79;85.93;65.27;Tidak Unggul
158;11;14.36;75.71;82.14;18;A;72.35;93.17;87.87;Unggul
382;19;20.11;71.61;67.93;11;B;66.11;87.3;77.28;Tidak Unggul
248;17;14.59;89.08;82.51;13;B;74.87;88.15;85.32;Unggul
808;36;22.44;77.19;80.79;14;A;74.48;84.61;88.58;Unggul
965;41;23.54;55.0;73.0;8;C;69.49;81.31;62.93;Tidak Unggul
357;18;19.83;64.85;75.7;12;B;83.81;90.01;82.24;Unggul
280;15;18.67;76.05;77.03;12;B;83.78;85.16;77.3;Tidak Unggul
553;24;23.04;58.9;66.98;7;B;53.89;87.13;66.19;Tidak Unggul
301;19;15.84;74.66;79.75;14;A;93.14;87.73;75.24;Unggul
203;12;16.92;100.0;88.75;17;A;100.0;89.21;87.25;Unggul
269;11;24.45;63.93;76.9;12;B;86.57;87.39;70.83;Tidak Unggul
822;29;28.34;46.8;64.48;8;C;53.14;77.11;57.85;Tidak Unggul
777;53;14.66;80.19;92.51;21;A;84.84;96.59;81.52;Unggul
736;29;25.38;48.32;69.45;6;B;50.77;79.52;63.9;Tidak Unggul
774;25;30.96;72.96;68.3;5;B;65.62;75.85;58.82;Tidak Unggul
569;26;21.88;56.84;71.28;12;B;69.24;82.14;66.23;Tidak Unggul
571;20;28.55;58.63;65.09;10;B;64.49;79.12;67.45;Tidak Unggul
253;10;25.3;50.22;61.26;8;B;54.09;83.36;56.78;Tidak Unggul
403;13;31.0;48.26;66.82;4;C;64.16;84.62;57.69;Tidak Unggul
376;12;31.33;64.11;65.95;9;C;64.02;81.17;63.14;Tidak Unggul
261;14;18.64;65.15;74.7;11;B;75.66;90.99;69.19;Tidak Unggul
659;39;16.9;62.73;84.01;15;B;91.56;86.87;79.68;Unggul
622;36;17.28;69.2;79.27;15;B;79.01;85.89;72.95;Unggul
248;17;14.59;86.78;87.05;17;A;88.27;89.59;90.95;Unggul
302;16;18.88;69.63;80.75;11;B;76.3;82.3;75.13;Tidak Unggul
487;19;25.63;71.44;76.47;10;B;59.34;85.11;69.28;Tidak Unggul
855;35;24.43;86.51;81.31;11;B;74.05;91.71;73.97;Unggul
971;44;22.07;75.12;77.73;9;B;72.26;83.64;62.0;Unggul
312;11;28.36;58.23;60.0;5;C;64.01;78.78;56.07;Tidak Unggul
869;32;27.16;72.4;61.26;8;B;72.2;79.86;56.82;Tidak Unggul
830;41;20.24;94.91;75.77;15;B;76.91;87.62;76.63;Unggul
310;22;14.09;76.4;86.06;19;A;100.0;90.32;93.61;Unggul
729;34;21.44;72.74;76.79;10;B;53.17;89.01;63.05;Unggul
950;36;26.39;55.54;68.33;5;B;68.79;78.78;53.53;Tidak Unggul
547;23;23.78;74.69;73.81;11;B;66.64;87.13;70.51;Tidak Unggul
426;18;23.67;61.89;76.79;12;B;86.22;91.73;74.74;Tidak Unggul
965;64;15.08;88.5;86.64;18;A;92.73;92.46;82.53;Unggul
653;25;26.12;64.63;71.79;6;B;51.26;81.49;56.51;Tidak Unggul
541;24;22.54;79.66;70.06;9;C;60.71;85.47;66.21;Tidak Unggul
284;12;23.67;61.93;64.5;9;C;51.02;78.84;67.39;Tidak Unggul
344;10;34.4;63.87;67.14;11;C;73.33;78.34;65.57;Tidak Unggul
550;22;25.0;60.46;68.85;6;C;67.09;82.71;67.48;Tidak Unggul
789;34;23.21;89.95;68.94;15;B;78.83;86.21;68.79;Unggul
182;8;22.75;76.11;79.58;10;B;51.1;87.19;64.88;Tidak Unggul
837;27;31.0;70.29;60.41;6;C;53.35;75.0;68.26;Tidak Unggul
609;27;22.56;74.28;65.0;10;B;75.51;80.9;71.55;Tidak Unggul
619;48;12.9;93.0;87.53;18;A;98.8;94.26;95.28;Unggul
524;26;20.15;60.53;74.49;10;B;71.03;86.41;73.34;Tidak Unggul
171;8;21.38;64.49;75.53;9;B;72.46;87.9;68.77;Tidak Unggul
899;48;18.73;69.52;75.1;12;B;82.42;88.93;83.24;Unggul
819;49;16.71;82.84;85.91;16;A;97.07;95.65;92.41;Unggul
187;8;23.38;74.01;82.91;13;B;64.09;91.59;69.9;Tidak Unggul
379;13;29.15;49.93;65.12;11;C;61.76;83.84;60.37;Tidak Unggul
514;19;27.05;67.69;74.44;9;B;56.23;84.01;63.9;Tidak Unggul
712;39;18.26;60.7;88.42;15;A;82.35;90.19;81.89;Unggul
587;47;12.49;91.62;90.18;19;A;76.43;94.92;84.19;Unggul
925;64;14.45;88.62;84.26;23;A;90.59;98.46;93.13;Unggul
432;24;18.0;85.97;80.48;12;B;78.75;87.74;81.89;Unggul
176;14;12.57;80.26;74.34;14;B;74.1;91.39;89.93;Unggul
375;31;12.1;85.77;83.79;22;A;100.0;91.55;86.93;Unggul
426;18;23.67;59.69;83.3;13;B;75.66;85.76;79.62;Tidak Unggul
947;38;24.92;62.52;72.58;7;B;66.97;84.18;65.44;Tidak Unggul
758;43;17.63;76.9;92.26;16;A;80.08;93.64;95.21;Unggul
433;30;14.43;82.92;84.09;15;B;80.5;92.7;87.33;Unggul
630;29;21.72;66.54;71.2;13;B;63.91;83.5;75.94;Tidak Unggul
602;47;12.81;90.06;86.39;19;A;85.3;93.71;84.08;Unggul
978;35;27.94;70.69;67.23;6;C;60.38;79.0;59.3;Tidak Unggul
965;50;19.3;66.04;90.95;13;A;100.0;95.01;81.31;Unggul
808;38;21.26;67.85;75.81;10;B;68.37;80.1;66.17;Tidak Unggul
665;32;20.78;67.63;68.69;9;B;63.44;91.07;72.52;Tidak Unggul
696;51;13.65;85.9;83.74;17;A;75.52;94.62;94.83;Unggul
341;12;28.42;68.13;70.47;6;B;68.4;75.0;60.16;Tidak Unggul
198;9;22.0;78.96;65.57;8;B;58.86;82.3;63.66;Tidak Unggul
661;28;23.61;65.6;77.49;12;B;79.19;88.75;73.23;Unggul
166;13;12.77;72.2;84.79;19;A;98.39;93.17;94.74;Unggul
321;16;20.06;71.07;76.08;10;B;76.88;80.64;69.83;Tidak Unggul
369;16;23.06;70.85;71.31;8;C;60.82;80.83;76.42;Tidak Unggul
307;11;27.91;72.12;64.09;12;C;69.23;84.2;71.19;Tidak Unggul
626;28;22.36;64.77;74.46;12;B;82.55;81.98;74.44;Tidak Unggul
195;10;19.5;58.19;78.49;11;C;74.87;88.64;81.63;Tidak Unggul
522;20;26.1;70.14;73.53;5;C;59.2;79.97;57.11;Tidak Unggul
667;28;23.82;71.74;76.92;8;C;75.88;86.28;59.92;Tidak Unggul
248;10;24.8;62.08;62.11;8;B;70.0;79.89;62.46;Tidak Unggul
894;42;21.29;56.83;70.52;11;B;76.71;83.71;74.64;Unggul
186;12;15.5;80.18;81.14;18;A;93.58;96.8;89.52;Unggul
429;13;33.0;63.6;71.96;6;C;60.62;79.36;62.15;Tidak Unggul
498;22;22.64;78.0;80.09;14;B;72.52;83.08;78.15;Tidak Unggul
646;21;30.76;55.25;84.22;7;C;68.81;81.3;69.77;Tidak Unggul
451;20;22.55;80.17;84.6;12;B;74.88;89.0;76.69;Tidak Unggul
330;10;33.0;65.96;71.81;9;C;76.88;79.57;70.82;Tidak Unggul
756;28;27.0;78.3;70.25;12;B;67.11;76.23;70.85;Tidak Unggul
248;14;17.71;72.73;82.52;17;B;78.16;85.47;86.79;Unggul
849;33;25.73;59.74;73.94;9;B;72.08;85.31;68.28;Tidak Unggul
265;20;13.25;84.34;90.79;16;A;83.99;87.39;89.68;Unggul
340;8;42.5;62.35;69.11;6;B;67.37;86.37;79.81;Tidak Unggul
402;18;22.33;61.18;83.5;9;C;66.57;85.6;67.83;Tidak Unggul
310;23;13.48;93.75;80.99;13;B;74.82;88.11;86.11;Unggul
405;16;25.31;73.34;73.49;6;C;60.18;85.04;63.09;Tidak Unggul
472;21;22.48;66.73;79.21;12;B;71.16;83.92;74.83;Tidak Unggul
277;22;12.59;88.84;85.89;20;A;100.0;92.62;89.2;Unggul
167;8;20.88;60.39;66.3;10;B;71.95;86.83;78.15;Tidak Unggul
942;36;26.17;76.01;61.72;7;C;59.22;80.41;62.34;Tidak Unggul
884;38;23.26;77.54;81.05;11;B;79.8;86.61;64.38;Unggul
715;36;19.86;76.49;76.53;10;B;76.13;86.64;67.3;Unggul
719;44;16.34;77.95;84.93;15;A;74.85;88.96;89.22;Unggul
472;35;13.49;91.34;91.32;16;B;86.09;96.29;87.8;Unggul
835;43;19.42;90.02;77.59;15;A;80.68;88.34;71.57;Unggul
941;46;20.46;72.05;74.33;11;B;77.22;86.57;71.46;Tidak Unggul
775;27;28.7;52.99;65.73;7;B;60.68;82.97;57.39;Tidak Unggul
437;29;15.07;87.02;78.13;19;B;69.48;92.08;76.67;Unggul
812;33;24.61;66.17;67.75;10;B;72.62;79.92;67.92;Tidak Unggul
788;56;14.07;93.8;75.82;13;A;84.64;90.19;87.16;Unggul
304;17;17.88;77.79;72.06;16;B;69.44;86.56;74.53;Unggul
639;27;23.67;75.0;72.84;14;A;83.76;92.97;73.0;Unggul
535;29;18.45;81.48;77.69;19;B;84.71;92.55;75.21;Unggul
934;39;23.95;70.53;83.34;11;C;81.44;86.28;62.92;Unggul
253;10;25.3;77.8;70.7;12;B;61.33;85.94;84.5;Tidak Unggul
542;23;23.57;68.58;81.68;10;A;81.18;90.38;78.67;Tidak Unggul
960;34;28.24;55.21;70.43;9;C;58.18;86.25;65.83;Tidak Unggul
395;19;20.79;68.39;80.74;12;B;67.68;90.03;74.11;Tidak Unggul
325;13;25.0;69.46;76.45;13;A;69.52;90.99;67.22;Tidak Unggul
188;8;23.5;75.53;68.39;13;B;74.43;89.13;72.35;Tidak Unggul
626;28;22.36;80.31;73.79;16;B;74.04;89.35;83.67;Unggul
831;61;13.62;88.17;88.49;18;A;96.55;94.0;83.78;Unggul
908;38;23.89;67.05;71.81;8;C;59.71;82.37;67.64;Tidak Unggul
687;49;14.02;69.37;72.12;17;A;87.68;92.1;80.17;Unggul
967;40;24.18;72.17;70.18;10;B;64.14;83.25;84.09;Unggul
557;21;26.52;58.06;77.02;10;C;72.12;86.62;68.38;Tidak Unggul
674;45;14.98;76.5;80.4;17;A;86.26;92.94;82.83;Unggul
977;52;18.79;76.3;76.76;14;A;71.27;90.08;68.55;Unggul
655;25;26.2;71.93;78.04;9;C;59.82;84.11;63.16;Tidak Unggul
974;42;23.19;72.06;74.58;8;B;57.59;87.13;79.77;Tidak Unggul
185;12;15.42;79.08;89.84;17;A;70.81;89.07;84.88;Unggul
834;35;23.83;74.66;73.0;12;B;71.1;84.44;79.9;Tidak Unggul
169;8;21.12;62.6;80.31;12;C;83.49;88.34;74.81;Tidak Unggul
470;26;18.08;68.34;71.11;10;B;65.42;92.2;72.66;Tidak Unggul
925;32;28.91;57.39;71.56;6;C;63.74;80.61;65.85;Tidak Unggul
661;29;22.79;58.79;67.69;10;C;66.39;85.77;62.91;Tidak Unggul
549;28;19.61;77.42;84.52;15;A;92.79;88.34;85.72;Unggul
803;33;24.33;64.75;73.67;7;C;71.2;82.4;72.46;Tidak Unggul
620;20;31.0;62.45;74.36;7;B;61.9;83.85;72.08;Tidak Unggul
292;15;19.47;69.26;70.01;12;B;63.2;87.3;71.69;Tidak Unggul
241;20;12.05;57.18;83.64;15;A;66.8;91.59;88.26;Unggul
503;35;14.37;86.44;84.81;17;A;79.69;91.85;80.22;Unggul
983;36;27.31;63.71;77.84;9;B;85.28;79.78;71.64;Tidak Unggul
949;42;22.6;67.8;71.64;11;B;67.73;82.38;73.82;Tidak Unggul
876;39;22.46;56.01;65.16;7;B;53.06;88.14;64.66;Tidak Unggul
200;9;22.22;77.51;61.85;12;C;52.78;81.96;60.47;Tidak Unggul
814;36;22.61;84.44;73.9;11;B;85.76;86.45;72.7;Tidak Unggul
847;54;15.69;62.19;76.3;13;A;73.73;89.12;77.65;Unggul
724;36;20.11;69.96;73.97;11;B;76.51;93.6;70.15;Unggul
339;17;19.94;83.58;77.45;13;B;80.47;88.07;71.48;Tidak Unggul
274;12;22.83;62.1;76.95;7;C;60.78;86.13;70.03;Tidak Unggul
299;8;37.38;51.71;62.51;3;C;52.91;75.86;61.53;Tidak Unggul
463;16;28.94;50.48;68.33;3;C;48.41;76.89;66.41;Tidak Unggul
719;42;17.12;86.6;87.2;18;A;71.97;94.4;83.24;Unggul
491;22;22.32;90.17;68.83;9;C;78.66;87.18;70.79;Tidak Unggul
454;19;23.89;79.98;76.73;11;B;81.34;88.6;79.73;Tidak Unggul
841;44;19.11;63.79;83.85;11;B;74.01;87.19;79.43;Unggul
831;50;16.62;76.8;88.54;17;A;84.74;91.56;86.0;Unggul
987;48;20.56;67.54;79.76;11;B;78.83;89.35;74.54;Unggul
932;63;14.79;74.43;85.57;19;A;65.27;96.01;80.23;Unggul
203;8;25.38;61.89;71.82;11;B;75.71;85.53;72.13;Tidak Unggul
593;42;14.12;92.16;95.0;21;A;97.08;93.88;84.46;Unggul
762;38;20.05;73.43;82.76;16;B;94.5;88.71;82.74;Unggul
413;16;25.81;72.6;78.35;12;B;78.3;84.04;76.28;Tidak Unggul
202;8;25.25;77.18;68.88;10;B;76.36;84.37;80.95;Tidak Unggul
721;47;15.34;76.13;77.1;15;B;80.75;90.51;89.89;Unggul
769;54;14.24;84.12;85.52;16;A;84.37;92.49;75.66;Unggul
154;11;14.0;79.05;95.0;18;A;83.54;95.81;84.86;Unggul
252;16;15.75;80.8;84.02;14;B;74.54;80.1;86.85;Unggul
345;23;15.0;96.72;89.82;20;A;96.56;92.21;91.81;Unggul
923;38;24.29;77.21;67.48;8;B;71.74;84.54;68.81;Tidak Unggul
499;35;14.26;84.51;92.95;19;A;90.89;95.21;86.4;Unggul
196;11;17.82;70.04;84.09;14;B;63.56;92.51;71.03;Tidak Unggul
972;40;24.3;68.6;62.46;8;C;71.71;84.07;57.87;Tidak Unggul
969;53;18.28;79.34;85.79;14;A;91.95;85.86;76.35;Unggul
805;49;16.43;82.85;80.08;15;A;84.82;92.07;80.17;Unggul
418;21;19.9;74.26;82.93;15;A;73.76;90.18;82.5;Unggul
519;12;43.25;60.83;65.14;7;C;64.52;88.64;63.4;Tidak Unggul
785;53;14.81;80.34;84.27;19;A;95.79;95.61;77.98;Unggul
255;8;31.88;71.19;65.19;9;B;69.3;79.73;64.11;Tidak Unggul
819;34;24.09;76.53;70.09;9;B;81.6;83.82;72.06;Tidak Unggul
808;60;13.47;81.56;88.6;18;A;100.0;97.87;88.81;Unggul
806;29;27.79;50.53;62.0;5;B;58.69;80.75;58.08;Tidak Unggul
269;16;16.81;80.07;81.88;16;A;70.59;91.13;77.23;Unggul
980;68;14.41;89.97;85.84;18;A;82.67;92.2;90.62;Unggul
936;38;24.63;71.06;87.62;11;B;89.09;92.21;74.83;Unggul
753;32;23.53;60.93;68.08;11;B;74.39;84.42;65.73;Tidak Unggul
207;8;25.88;58.26;65.99;6;B;64.7;84.06;64.43;Tidak Unggul
495;37;13.38;97.6;82.01;16;A;95.7;88.83;76.96;Unggul
890;43;20.7;69.4;79.25;7;C;65.17;80.84;67.23;Tidak Unggul
623;26;23.96;79.02;75.27;10;B;69.75;92.41;71.5;Tidak Unggul
266;17;15.65;76.17;83.27;18;A;79.39;88.74;84.85;Unggul
979;57;17.18;85.84;82.78;16;A;95.43;90.73;73.61;Unggul
940;75;12.53;95.84;84.6;19;A;93.14;98.11;94.8;Unggul
276;18;15.33;79.76;75.76;16;A;82.01;92.02;76.49;Unggul
542;20;27.1;70.48;71.92;8;B;68.33;86.4;58.04;Tidak Unggul
790;40;19.75;81.07;75.39;10;B;71.39;80.59;71.15;Unggul
207;10;20.7;63.05;71.85;15;B;66.57;90.35;70.4;Tidak Unggul
783;38;20.61;73.3;81.78;14;B;88.11;82.48;72.84;Unggul
662;29;22.83;70.58;80.36;9;B;53.94;86.44;69.46;Unggul
900;49;18.37;75.06;80.16;15;B;78.34;96.33;76.4;Unggul
951;55;17.29;78.84;68.53;14;B;82.41;92.36;82.06;Unggul
245;16;15.31;81.82;86.14;13;A;65.98;89.21;79.74;Unggul
787;41;19.2;76.48;85.94;12;A;77.73;86.32;73.38;Unggul
267;13;20.54;67.86;76.55;12;B;67.6;85.61;65.41;Tidak Unggul
709;25;28.36;65.75;72.64;7;B;55.19;81.06;62.43;Tidak Unggul
750;31;24.19;83.36;66.99;10;B;73.79;85.64;70.54;Tidak Unggul
637;35;18.2;74.92;73.06;14;A;83.31;83.49;73.58;Unggul
386;26;14.85;95.32;84.05;21;A;100.0;90.56;90.91;Unggul
421;28;15.04;86.53;74.43;12;B;73.72;91.05;80.77;Unggul
338;11;30.73;55.2;64.61;5;C;65.98;83.74;54.11;Tidak Unggul
853;32;26.66;67.28;67.74;5;C;69.41;82.53;56.01;Tidak Unggul
596;20;29.8;47.76;60.0;5;C;57.64;79.23;50.0;Tidak Unggul
730;53;13.77;100.0;95.0;20;A;96.12;89.46;86.78;Unggul
939;46;20.41;71.16;74.09;10;B;67.49;84.38;76.52;Unggul
396;17;23.29;74.31;79.07;13;B;73.32;87.13;76.54;Tidak Unggul
225;10;22.5;62.38;75.99;8;B;60.49;80.6;71.39;Tidak Unggul
303;13;23.31;58.41;70.53;7;B;60.99;78.06;63.43;Tidak Unggul
805;33;24.39;72.33;74.66;10;B;58.67;88.88;68.39;Tidak Unggul
584;29;20.14;75.63;82.92;12;B;64.18;89.2;80.92;Unggul
235;16;14.69;76.49;87.7;17;B;88.74;87.18;84.37;Unggul
846;34;24.88;71.33;60.0;11;C;54.76;86.89;69.92;Tidak Unggul
434;27;16.07;74.26;70.24;14;B;83.43;90.87;71.21;Tidak Unggul
369;17;21.71;68.82;76.81;12;B;77.51;88.87;77.28;Tidak Unggul
218;13;16.77;84.2;75.18;14;B;79.2;86.26;74.05;Tidak Unggul
196;10;19.6;60.14;69.86;11;B;64.72;90.2;66.42;Tidak Unggul
243;8;30.38;50.25;68.25;8;B;66.31;88.51;62.76;Tidak Unggul
899;32;28.09;60.47;64.48;5;C;72.44;83.92;62.59;Tidak Unggul
602;27;22.3;58.78;64.17;13;C;62.27;87.53;70.12;Tidak Unggul
353;15;23.53;67.64;68.9;9;B;64.4;83.6;73.07;Tidak Unggul
367;19;19.32;82.22;85.66;13;B;83.76;88.96;66.29;Unggul
623;28;22.25;73.38;69.15;8;B;57.15;87.49;65.01;Tidak Unggul
581;22;26.41;68.57;72.63;7;B;55.41;83.68;80.97;Tidak Unggul
490;25;19.6;68.73;81.13;17;A;81.04;88.02;84.33;Unggul
700;22;31.82;51.54;64.42;5;C;67.1;76.4;56.46;Tidak Unggul
761;25;30.44;59.1;64.67;4;C;58.71;83.37;63.33;Tidak Unggul
438;16;27.38;62.28;71.45;6;B;60.58;88.02;58.55;Tidak Unggul
403;23;17.52;70.97;76.7;16;B;80.24;91.7;75.12;Unggul
883;61;14.48;83.21;88.39;20;A;88.93;99.0;89.37;Unggul
506;19;26.63;69.68;65.68;6;C;58.72;76.31;65.36;Tidak Unggul
172;11;15.64;78.88;81.23;16;B;83.99;84.49;80.13;Tidak Unggul
911;37;24.62;63.02;64.85;8;C;68.18;81.86;70.17;Tidak Unggul
671;32;20.97;76.99;76.25;10;C;65.83;79.1;65.73;Tidak Unggul
907;45;20.16;64.95;79.49;14;B;77.83;87.92;78.99;Unggul
986;33;29.88;61.94;60.0;4;C;52.78;81.72;60.39;Tidak Unggul
249;14;17.79;80.0;86.35;13;B;64.83;81.93;80.36;Unggul
951;42;22.64;76.69;77.36;12;B;89.41;88.85;75.4;Unggul
329;14;23.5;68.59;65.55;7;B;68.23;80.08;69.84;Tidak Unggul
372;18;20.67;68.37;77.66;11;B;67.21;85.12;77.42;Tidak Unggul
911;39;23.36;69.16;61.34;9;C;56.07;82.45;65.1;Tidak Unggul
808;46;17.57;79.48;75.67;19;A;73.31;92.12;94.03;Unggul
591;24;24.62;66.43;75.81;9;C;59.74;86.05;69.84;Tidak Unggul
757;27;28.04;61.85;66.14;12;B;59.28;83.93;67.27;Tidak Unggul
918;47;19.53;69.69;79.9;10;B;72.21;89.05;65.51;Unggul
474;18;26.33;67.22;78.53;10;B;82.64;88.06;80.36;Tidak Unggul
665;30;22.17;70.93;67.27;10;B;63.21;84.91;64.81;Tidak Unggul
165;9;18.33;82.91;91.1;15;A;100.0;96.56;73.19;Unggul
941;32;29.41;72.53;65.64;5;C;64.55;78.18;64.22;Tidak Unggul
485;35;13.86;83.95;84.46;18;A;100.0;89.85;85.15;Unggul
908;51;17.8;71.59;76.35;15;B;70.88;88.08;84.03;Unggul
407;19;21.42;79.39;71.49;12;B;68.93;93.94;68.26;Tidak Unggul
646;32;20.19;77.29;66.7;12;B;71.09;90.59;80.39;Tidak Unggul
309;10;30.9;54.28;60.0;4;C;55.26;82.0;63.34;Tidak Unggul
624;28;22.29;64.39;77.91;7;B;74.12;86.56;68.56;Tidak Unggul
813;26;31.27;57.06;62.51;9;C;50.42;81.32;59.66;Tidak Unggul
839;37;22.68;59.01;64.72;6;B;71.96;83.19;60.68;Tidak Unggul
824;61;13.51;70.33;75.65;16;A;76.64;87.93;86.13;Unggul
529;26;20.35;77.84;67.28;10;B;85.99;92.02;77.07;Unggul
694;36;19.28;75.36;79.95;12;B;76.16;86.39;71.49;Unggul
840;48;17.5;78.66;74.26;18;B;89.91;87.18;77.22;Unggul
576;27;21.33;68.06;75.77;12;B;70.93;82.89;74.79;Tidak Unggul
762;44;17.32;91.46;82.42;16;B;89.52;97.45;83.82;Unggul
417;21;19.86;61.36;80.97;10;B;70.48;90.27;67.29;Tidak Unggul
984;61;16.13;83.6;81.54;19;A;92.06;94.76;77.83;Unggul
726;26;27.92;72.37;67.46;7;B;67.24;77.28;63.91;Tidak Unggul
566;16;35.38;50.24;65.48;7;C;79.4;84.94;63.32;Tidak Unggul
317;15;21.13;77.8;75.92;14;B;85.75;88.22;81.47;Tidak Unggul
991;33;30.03;58.14;64.23;6;B;67.95;80.81;59.45;Tidak Unggul
192;8;24.0;67.44;70.45;7;B;68.98;88.1;54.87;Tidak Unggul
705;32;22.03;64.87;80.29;9;B;69.58;80.59;67.44;Unggul
434;33;13.15;85.01;81.19;14;A;70.51;86.64;85.83;Unggul
546;21;26.0;80.79;80.62;12;B;63.25;81.2;81.26;Tidak Unggul
161;8;20.12;99.47;86.21;17;B;74.22;87.8;91.46;Unggul
756;32;23.62;70.61;75.0;10;B;86.21;82.32;70.28;Tidak Unggul
451;16;28.19;72.89;76.39;8;B;63.75;86.89;63.21;Tidak Unggul
402;22;18.27;84.25;84.36;20;B;80.19;88.91;83.82;Unggul
648;23;28.17;65.77;60.81;9;C;67.96;82.43;65.17;Tidak Unggul
903;32;28.22;75.62;68.86;8;C;57.23;80.61;61.57;Tidak Unggul
184;8;23.0;63.19;73.96;9;B;81.13;87.99;67.19;Tidak Unggul
876;38;23.05;65.72;81.68;10;C;49.29;87.14;75.6;Tidak Unggul
998;48;20.79;65.74;67.06;9;B;78.06;84.4;62.59;Unggul
239;8;29.88;52.44;68.54;8;C;75.62;85.54;60.73;Tidak Unggul
925;38;24.34;69.86;67.74;12;C;73.89;83.96;76.25;Tidak Unggul
754;49;15.39;84.79;89.33;15;A;76.06;89.55;86.87;Unggul
751;33;22.76;81.19;83.77;13;A;83.84;88.53;81.27;Unggul
567;37;15.32;77.05;74.82;15;A;74.58;92.0;91.67;Unggul
264;12;22.0;75.71;79.97;7;C;84.46;78.22;70.14;Tidak Unggul
766;36;21.28;59.33;84.12;16;B;82.25;92.21;77.04;Unggul
345;10;34.5;81.86;74.93;8;C;56.63;80.41;58.83;Tidak Unggul
975;68;14.34;83.35;88.9;16;A;87.48;92.2;77.75;Unggul
650;31;20.97;69.55;82.02;15;B;66.27;84.94;63.66;Unggul
775;43;18.02;79.23;76.74;13;B;70.97;92.58;78.56;Unggul
642;23;27.91;66.82;79.95;10;B;75.35;87.8;70.78;Tidak Unggul
224;11;20.36;58.01;73.31;13;B;70.79;91.25;74.87;Tidak Unggul
562;21;26.76;60.5;62.22;6;B;61.55;81.96;55.59;Tidak Unggul
525;16;32.81;68.44;64.64;6;C;66.31;80.6;61.78;Tidak Unggul
569;22;25.86;77.74;75.69;11;B;65.93;80.62;70.37;Tidak Unggul
878;53;16.57;82.92;78.14;16;A;78.77;91.48;79.69;Unggul
426;24;17.75;88.98;77.06;15;A;97.31;95.0;83.66;Unggul
910;45;20.22;74.03;69.86;10;B;77.33;88.4;76.39;Tidak Unggul
825;31;26.61;71.06;71.61;9;B;70.42;83.12;68.46;Tidak Unggul
543;20;27.15;61.37;71.86;9;B;67.22;93.33;65.0;Tidak Unggul
606;37;16.38;79.1;79.69;15;A;74.63;95.0;82.24;Unggul
341;21;16.24;75.34;73.86;13;A;83.13;87.26;77.38;Unggul
888;37;24.0;75.27;78.34;11;B;75.42;85.5;76.8;Tidak Unggul
838;37;22.65;78.27;84.5;11;B;80.63;83.55;75.33;Unggul
248;20;12.4;83.27;86.47;21;A;74.25;94.66;93.2;Unggul
697;47;14.83;68.44;86.12;15;A;80.07;95.37;81.3;Unggul
245;11;22.27;77.87;71.09;7;C;66.62;85.19;68.21;Tidak Unggul
813;32;25.41;56.43;72.53;8;C;67.68;87.69;56.49;Tidak Unggul
812;51;15.92;83.09;85.41;15;A;83.11;95.18;76.31;Unggul
339;14;24.21;70.36;72.7;10;B;73.69;88.98;69.32;Tidak Unggul
885;35;25.29;63.78;66.31;8;B;65.96;89.01;68.0;Tidak Unggul
186;8;23.25;74.72;67.74;9;C;61.16;85.63;75.66;Tidak Unggul
929;35;26.54;59.14;78.79;9;B;58.31;85.62;67.61;Tidak Unggul
518;29;17.86;85.97;79.49;13;B;73.96;83.08;65.12;Unggul
844;46;18.35;95.1;82.11;12;A;99.63;89.55;78.17;Unggul
674;23;29.3;75.73;74.09;8;B;71.48;84.32;57.47;Tidak Unggul
428;24;17.83;71.26;85.56;15;A;100.0;95.69;77.67;Unggul
366;29;12.62;66.29;87.03;17;A;93.02;92.31;78.97;Unggul
947;52;18.21;80.02;71.36;12;B;69.59;85.81;87.6;Unggul
422;23;18.35;66.52;80.9;12;A;77.72;84.89;72.65;Unggul
211;9;23.44;62.02;79.23;6;C;86.49;87.46;66.39;Tidak Unggul
745;41;18.17;89.28;81.43;15;B;85.19;89.91;78.09;Unggul
878;51;17.22;96.96;79.03;17;A;92.42;92.0;77.98;Unggul
491;35;14.03;97.07;88.25;20;B;80.1;93.22;92.97;Unggul
546;24;22.75;65.22;80.38;8;B;65.28;79.05;68.51;Tidak Unggul
848;40;21.2;83.02;75.89;14;B;69.07;84.79;75.19;Unggul
168;8;21.0;55.3;76.62;11;B;69.14;91.54;66.09;Tidak Unggul
326;19;17.16;61.73;79.35;12;B;76.6;88.21;69.94;Tidak Unggul
761;40;19.02;77.44;82.82;16;A;76.94;91.97;73.06;Unggul
545;23;23.7;71.7;73.96;7;C;73.48;83.15;64.36;Tidak Unggul
594;23;25.83;67.38;72.61;11;B;67.52;84.23;73.36;Tidak Unggul
382;17;22.47;76.12;76.89;10;B;73.53;83.66;77.12;Tidak Unggul
225;11;20.45;67.02;84.84;14;B;85.97;85.83;82.16;Tidak Unggul
414;17;24.35;69.12;71.47;10;B;86.07;88.26;73.69;Tidak Unggul
604;33;18.3;77.75;80.71;12;B;77.85;88.87;76.94;Unggul
945;53;17.83;85.16;79.39;14;B;72.96;88.79;82.74;Unggul
867;31;27.97;64.59;65.68;8;B;69.21;87.0;68.34;Tidak Unggul
884;42;21.05;75.96;71.69;14;B;93.19;86.23;81.1;Unggul
533;28;19.04;64.24;81.56;13;A;86.02;92.16;75.31;Unggul
713;33;21.61;76.81;70.74;17;A;81.13;87.13;79.2;Unggul
1000;39;25.64;71.68;68.88;9;B;68.31;82.59;64.47;Tidak Unggul
655;37;17.7;69.72;71.51;12;B;75.51;84.62;76.94;Tidak Unggul
516;36;14.33;70.26;68.03;14;B;67.86;93.36;75.47;Unggul
293;16;18.31;85.15;84.53;15;B;82.59;94.63;89.58;Unggul
218;8;27.25;85.94;65.11;12;B;63.18;86.7;81.7;Tidak Unggul
248;18;13.78;100.0;95.0;21;A;82.58;92.91;79.1;Unggul
545;18;30.28;68.18;79.06;9;C;64.77;82.28;69.45;Tidak Unggul
174;8;21.75;80.02;76.75;13;B;58.84;88.34;81.8;Tidak Unggul
618;21;29.43;72.65;60.0;4;B;58.59;78.23;57.14;Tidak Unggul
633;23;27.52;61.25;66.94;5;C;46.26;82.89;62.76;Tidak Unggul
714;35;20.4;82.25;90.02;13;B;87.27;89.53;77.53;Unggul
300;19;15.79;72.47;83.35;12;B;60.36;88.61;73.72;Unggul
293;17;17.24;97.32;86.33;14;A;66.51;90.77;79.76;Unggul
718;43;16.7;82.09;86.79;15;B;63.11;93.62;73.07;Unggul
188;8;23.5;64.01;64.65;7;C;69.6;83.59;65.96;Tidak Unggul
258;15;17.2;75.09;87.18;17;B;81.76;96.12;76.75;Unggul
842;46;18.3;58.18;86.14;11;B;88.24;89.88;74.59;Unggul
191;15;12.73;76.33;86.08;20;A;95.34;98.06;92.2;Unggul
335;15;22.33;63.64;71.55;10;C;56.61;83.59;71.76;Tidak Unggul
547;35;15.63;89.74;91.61;16;B;77.92;88.46;86.89;Unggul
372;26;14.31;87.41;92.82;20;A;88.9;93.6;88.68;Unggul
783;55;14.24;74.32;81.14;18;A;89.53;89.91;91.02;Unggul
282;14;20.14;71.25;74.46;15;A;66.37;84.79;77.71;Tidak Unggul
312;12;26.0;64.35;67.11;9;C;69.92;80.25;67.39;Tidak Unggul
364;21;17.33;86.03;68.75;10;B;67.22;82.21;76.21;Tidak Unggul
882;55;16.04;65.3;72.99;15;B;68.98;90.76;75.18;Unggul
384;23;16.7;86.92;81.18;19;A;94.26;89.14;82.97;Unggul
992;66;15.03;83.22;93.05;19;A;89.6;89.41;81.52;Unggul
807;29;27.83;57.04;73.27;6;B;63.55;79.12;55.06;Tidak Unggul
900;34;26.47;57.7;77.31;9;B;72.36;85.99;76.24;Tidak Unggul
737;39;18.9;74.49;69.46;8;C;58.26;84.14;64.96;Tidak Unggul
158;8;19.75;66.57;73.94;11;B;73.79;88.41;68.31;Tidak Unggul
223;16;13.94;82.05;83.63;17;A;100.0;95.26;86.12;Unggul
641;25;25.64;68.46;67.53;6;B;59.39;81.82;61.08;Tidak Unggul
402;13;30.92;69.03;70.35;5;C;64.23;79.08;59.19;Tidak Unggul
379;19;19.95;70.15;76.41;14;A;98.12;90.09;80.9;Unggul
668;22;30.36;66.76;64.43;6;B;77.54;75.59;66.33;Tidak Unggul
323;19;17.0;84.87;87.97;15;B;76.05;89.3;82.27;Unggul
802;42;19.1;75.34;84.81;15;A;82.6;92.73;85.5;Unggul
317;21;15.1;86.74;84.8;17;A;89.67;89.69;84.73;Unggul
319;18;17.72;69.13;70.02;14;B;90.37;87.56;71.92;Tidak Unggul
542;24;22.58;70.45;80.91;11;A;67.48;81.91;63.75;Tidak Unggul
944;30;31.47;49.65;62.84;6;C;81.84;81.3;68.7;Tidak Unggul
783;35;22.37;78.51;60.0;8;B;67.97;82.13;74.16;Tidak Unggul
343;16;21.44;67.4;72.39;10;B;70.17;85.41;79.01;Tidak Unggul
666;24;27.75;60.97;74.2;8;B;73.42;83.35;69.39;Tidak Unggul
178;13;13.69;70.25;79.81;15;A;77.73;91.02;80.06;Unggul
314;12;26.17;59.86;67.9;4;B;56.87;78.84;59.43;Tidak Unggul
571;39;14.64;68.63;81.74;14;B;74.08;89.56;80.4;Unggul
488;21;23.24;61.95;66.65;9;B;64.37;80.8;72.84;Tidak Unggul
797;30;26.57;71.96;73.87;8;B;52.97;82.17;62.68;Tidak Unggul
645;44;14.66;81.35;84.08;14;A;66.65;90.58;77.85;Unggul
514;17;30.24;54.06;69.71;8;B;59.24;82.53;64.16;Tidak Unggul
982;43;22.84;78.79;76.47;13;B;76.68;88.29;77.22;Unggul
491;26;18.88;78.17;80.38;16;A;74.08;91.62;84.81;Unggul
649;28;23.18;78.35;80.96;9;B;87.4;87.16;76.9;Unggul
806;46;17.52;87.14;80.55;13;B;82.68;90.72;78.85;Unggul
660;52;12.69;69.48;84.51;19;B;79.33;85.99;93.77;Unggul
476;25;19.04;81.44;80.61;16;B;91.52;84.94;77.54;Unggul
366;26;14.08;90.24;81.98;12;B;77.34;94.84;87.86;Unggul
450;21;21.43;75.8;76.8;11;A;73.97;90.75;80.75;Unggul
281;17;16.53;82.54;72.95;14;B;84.06;88.16;77.22;Tidak Unggul
953;39;24.44;66.04;69.94;6;B;64.44;84.52;76.63;Tidak Unggul
219;13;16.85;83.53;81.51;13;B;78.25;86.85;70.43;Unggul
401;13;30.85;60.28;65.22;4;C;62.78;81.08;65.01;Tidak Unggul
564;27;20.89;61.4;77.57;17;B;70.38;86.73;78.55;Tidak Unggul
936;45;20.8;67.76;72.01;12;B;69.05;86.22;60.89;Tidak Unggul
594;23;25.83;68.84;79.23;10;B;64.13;85.31;83.9;Tidak Unggul
331;29;11.41;90.47;77.38;16;A;90.11;95.54;89.16;Unggul
316;16;19.75;88.19;77.3;14;A;69.53;97.25;79.73;Unggul
240;13;18.46;73.97;79.29;12;B;90.17;88.93;76.55;Unggul
863;57;15.14;76.27;92.05;19;A;84.0;88.32;94.14;Unggul
680;49;13.88;81.54;90.35;16;B;78.49;91.0;81.7;Unggul
188;12;15.67;74.55;87.05;16;A;82.04;90.97;93.62;Unggul
275;12;22.92;60.34;67.19;10;C;58.34;76.1;63.9;Tidak Unggul
600;29;20.69;91.35;67.03;10;B;75.64;84.59;68.13;Tidak Unggul
322;23;14.0;77.89;93.99;20;A;94.61;94.76;87.55;Unggul
802;32;25.06;55.5;68.21;9;C;66.49;87.8;71.29;Tidak Unggul
903;40;22.58;73.44;73.62;9;B;66.39;88.16;64.93;Tidak Unggul
369;18;20.5;73.68;71.83;10;B;74.29;89.59;62.52;Tidak Unggul
787;33;23.85;77.38;73.94;12;B;76.33;85.03;67.53;Tidak Unggul
207;11;18.82;82.18;72.54;15;A;78.21;85.59;75.39;Tidak Unggul
809;47;17.21;74.6;85.73;10;A;84.75;82.81;71.42;Unggul
625;23;27.17;70.31;68.87;10;B;73.57;85.22;77.05;Tidak Unggul
605;26;23.27;82.37;78.68;14;B;90.75;86.42;75.3;Unggul
978;40;24.45;84.83;73.34;11;B;70.99;84.13;80.61;Unggul
510;27;18.89;69.63;84.84;15;A;72.69;85.76;70.92;Unggul
150;15;10.0;74.09;80.12;15;B;92.14;89.17;83.42;Unggul
536;24;22.33;81.67;77.75;12;B;64.39;86.66;79.7;Unggul
497;19;26.16;65.98;74.59;7;C;57.96;80.43;70.93;Tidak Unggul
339;26;13.04;65.37;80.14;15;A;73.94;95.94;81.56;Unggul
654;24;27.25;62.85;79.0;9;B;68.99;84.32;63.83;Tidak Unggul
340;20;17.0;77.25;71.69;14;B;75.91;87.71;77.82;Tidak Unggul
657;45;14.6;82.02;82.29;20;A;93.93;94.27;85.38;Unggul
518;36;14.39;74.47;75.58;16;A;79.79;88.03;76.08;Unggul
558;42;13.29;100.0;84.68;16;A;80.98;93.93;84.75;Unggul
973;46;21.15;72.8;69.53;10;B;72.29;89.3;72.56;Unggul
266;16;16.62;79.91;83.54;16;A;72.53;86.93;88.56;Unggul
283;13;21.77;67.2;74.5;7;C;72.37;82.97;66.75;Tidak Unggul
207;13;15.92;81.23;89.16;17;A;93.54;86.22;81.38;Unggul
705;49;14.39;81.82;87.45;15;A;85.47;88.32;82.74;Unggul
834;32;26.06;45.72;72.09;7;C;62.87;79.58;61.42;Tidak Unggul
821;29;28.31;59.35;75.22;10;C;72.05;85.36;69.62;Tidak Unggul
322;13;24.77;63.61;69.82;9;B;63.45;80.5;63.44;Tidak Unggul
978;66;14.82;92.25;94.69;20;A;87.26;94.21;87.85;Unggul
964;35;27.54;56.02;67.5;5;C;57.38;78.9;51.17;Tidak Unggul
298;12;24.83;58.18;82.23;6;B;71.31;82.16;66.84;Tidak Unggul
229;17;13.47;86.8;90.16;14;A;78.23;92.72;82.61;Unggul
362;25;14.48;91.46;84.25;16;B;65.91;96.29;77.3;Unggul
352;19;18.53;59.0;76.99;10;B;63.58;81.48;75.8;Tidak Unggul
913;57;16.02;79.64;85.25;13;B;99.37;91.88;79.23;Unggul
378;12;31.5;45.0;73.39;3;C;58.4;86.21;66.92;Tidak Unggul
825;43;19.19;69.2;67.68;10;B;77.13;89.48;72.1;Unggul
376;14;26.86;80.99;77.29;10;C;66.19;85.4;73.56;Tidak Unggul
808;31;26.06;71.56;76.52;12;C;71.58;80.7;75.38;Tidak Unggul
681;44;15.48;65.72;84.81;16;B;69.69;92.91;72.87;Unggul
590;43;13.72;74.59;82.76;19;A;100.0;98.63;85.45;Unggul
551;26;21.19;67.73;74.33;14;A;70.95;90.36;85.24;Unggul
196;8;24.5;62.13;73.7;7;C;62.4;87.22;72.94;Tidak Unggul
382;12;31.83;50.85;75.68;9;C;70.0;86.8;62.04;Tidak Unggul
454;22;20.64;81.36;74.83;16;A;90.09;92.25;83.36;Unggul
675;37;18.24;79.08;75.79;11;B;74.23;90.56;73.24;Unggul
292;22;13.27;82.54;80.28;20;A;72.95;88.74;86.46;Unggul
564;29;19.45;93.06;81.45;17;B;63.82;96.64;85.72;Unggul
662;40;16.55;74.21;90.09;17;B;91.95;92.55;82.08;Unggul
522;28;18.64;83.23;75.21;13;B;75.79;90.33;69.33;Tidak Unggul
715;30;23.83;62.68;80.95;14;B;86.02;88.75;75.88;Unggul
408;14;29.14;67.08;70.35;6;C;67.39;77.16;71.35;Tidak Unggul
805;42;19.17;73.98;76.15;10;B;64.89;78.97;73.67;Unggul
620;33;18.79;65.3;71.81;10;B;75.48;87.73;72.2;Unggul
161;8;20.12;80.26;84.41;14;B;83.11;90.18;78.38;Unggul
479;22;21.77;60.51;70.01;10;B;71.24;86.07;67.45;Tidak Unggul
885;50;17.7;77.01;90.56;15;A;82.26;89.69;66.74;Unggul
933;29;32.17;55.51;61.67;5;C;54.18;78.36;58.57;Tidak Unggul
507;21;24.14;51.09;72.76;6;B;72.13;81.0;57.89;Tidak Unggul
557;36;15.47;79.15;87.84;12;A;76.17;86.91;70.9;Unggul
817;50;16.34;82.31;86.0;14;A;81.4;86.43;81.14;Unggul
522;24;21.75;63.27;66.5;7;C;59.39;80.05;68.29;Tidak Unggul
157;8;19.62;77.58;73.52;13;B;68.76;90.08;76.57;Tidak Unggul
271;19;14.26;76.52;87.37;18;B;79.91;94.71;85.9;Unggul
497;23;21.61;60.07;74.38;12;C;62.7;76.89;68.27;Tidak Unggul
825;34;24.26;67.63;77.24;12;B;54.92;85.52;63.25;Tidak Unggul
239;15;15.93;85.11;87.64;19;A;76.68;89.96;81.23;Unggul
797;29;27.48;61.82;68.38;6;C;75.25;83.19;66.04;Tidak Unggul
847;31;27.32;58.86;64.75;8;C;59.63;83.25;57.56;Tidak Unggul
465;32;14.53;83.54;83.72;14;A;72.98;93.37;80.53;Unggul
327;19;17.21;76.29;92.49;16;A;91.75;91.69;85.41;Unggul
689;36;19.14;67.56;80.07;18;B;78.34;87.38;78.41;Unggul
881;31;28.42;56.87;76.51;7;C;57.09;75.26;60.05;Tidak Unggul
190;8;23.75;64.65;79.59;10;B;63.25;86.13;73.2;Tidak Unggul
889;45;19.76;62.67;79.7;11;B;73.72;82.13;68.71;Tidak Unggul
853;35;24.37;70.35;65.77;7;C;64.09;80.06;66.16;Tidak Unggul
651;32;20.34;90.76;75.88;11;B;77.13;83.15;72.37;Unggul
294;15;19.6;65.13;82.66;15;A;80.09;93.67;82.97;Unggul
350;19;18.42;71.34;77.59;15;B;75.22;84.27;77.04;Unggul
873;57;15.32;86.5;92.39;16;A;87.7;90.9;89.52;Unggul
610;37;16.49;63.77;81.09;15;A;78.58;91.24;84.31;Unggul
881;44;20.02;70.27;72.69;12;B;61.71;90.19;75.76;Unggul
901;68;13.25;88.42;91.46;21;A;100.0;93.61;96.38;Unggul
707;27;26.19;68.75;68.32;8;C;70.57;87.66;73.44;Tidak Unggul
696;45;15.47;77.92;88.91;24;A;87.76;92.11;80.47;Unggul
402;23;17.48;76.73;80.64;15;B;81.64;94.98;80.36;Unggul
539;28;19.25;87.98;91.66;18;A;81.02;91.1;79.73;Unggul
743;31;23.97;66.55;61.37;6;B;66.23;78.26;70.43;Tidak Unggul
405;28;14.46;84.81;79.82;18;B;92.27;87.72;80.88;Unggul
858;45;19.07;64.5;82.04;14;A;75.04;89.75;76.95;Unggul
964;38;25.37;61.71;69.54;10;B;70.26;87.35;63.17;Tidak Unggul
599;35;17.11;90.89;70.05;14;B;67.85;91.86;84.45;Unggul
159;8;19.88;69.34;84.02;10;B;77.8;89.51;72.96;Tidak Unggul
973;37;26.3;61.28;71.99;7;B;65.65;79.64;55.59;Tidak Unggul
947;68;13.93;82.16;78.5;16;A;84.38;87.54;82.19;Unggul
391;19;20.58;82.93;69.26;12;B;54.38;87.71;61.75;Tidak Unggul
400;22;18.18;66.99;69.53;11;B;69.91;88.58;78.64;Tidak Unggul
154;8;19.25;75.31;73.74;12;B;63.7;85.21;71.35;Tidak Unggul
268;14;19.14;73.03;82.6;10;B;64.98;84.67;71.42;Tidak Unggul
950;69;13.77;75.15;85.92;18;A;73.89;92.74;81.58;Unggul
523;25;20.92;72.9;76.46;14;B;74.11;86.15;73.85;Tidak Unggul
214;16;13.38;71.11;85.57;14;B;94.3;90.74;82.82;Unggul
295;14;21.07;58.58;75.13;9;C;75.62;86.98;68.44;Tidak Unggul
373;21;17.76;87.42;80.5;18;A;80.23;93.66;77.16;Unggul
388;22;17.64;65.35;82.28;12;A;81.23;88.37;85.16;Unggul
326;17;19.18;85.05;72.93;14;B;98.65;91.37;73.05;Unggul
928;44;21.09;68.97;81.57;14;B;69.64;83.76;74.43;Unggul
431;30;14.37;97.59;94.33;22;A;83.2;94.64;85.26;Unggul
212;8;26.5;62.09;64.71;9;B;62.45;85.2;69.11;Tidak Unggul
366;23;15.91;80.61;79.01;18;B;68.56;87.37;81.23;Unggul
976;63;15.49;77.1;74.09;17;A;86.49;95.94;83.49;Unggul
944;33;28.61;45.0;61.69;6;C;54.34;76.44;51.21;Tidak Unggul
838;41;20.44;53.95;69.14;8;C;73.34;85.1;69.62;Tidak Unggul
610;32;19.06;54.15;82.54;10;C;77.23;85.9;61.25;Tidak Unggul
759;49;15.49;81.23;79.59;16;A;91.83;87.83;79.51;Unggul
254;14;18.14;73.0;78.6;11;A;80.58;86.91;71.85;Unggul
248;19;13.05;84.36;88.94;19;A;78.7;90.82;86.06;Unggul
660;25;26.4;60.8;60.6;7;B;63.12;84.07;70.04;Tidak Unggul
534;30;17.8;65.74;85.67;19;B;77.61;87.83;88.28;Unggul
554;22;25.18;73.02;63.09;7;B;63.63;82.96;64.01;Tidak Unggul
972;48;20.25;82.05;72.43;13;B;78.64;90.83;82.04;Unggul
667;26;25.65;64.22;63.21;6;C;49.83;83.84;65.65;Tidak Unggul
625;29;21.55;85.92;77.68;16;A;88.18;91.6;73.65;Unggul
858;35;24.51;64.14;65.32;8;B;66.02;80.18;63.53;Tidak Unggul
794;45;17.64;84.03;81.97;16;A;81.19;93.89;87.32;Unggul
920;55;16.73;70.29;84.08;18;A;69.59;84.23;78.88;Unggul
586;42;13.95;77.7;89.95;17;A;100.0;93.53;88.77;Unggul
172;9;19.11;59.01;89.4;11;B;77.12;83.16;74.82;Tidak Unggul
714;25;28.56;53.19;66.8;7;C;66.47;83.1;50.02;Tidak Unggul
826;46;17.96;94.36;79.95;14;A;73.74;87.59;76.62;Unggul
863;55;15.69;65.0;86.52;16;A;91.99;83.53;84.73;Unggul
607;32;18.97;71.99;76.18;19;A;88.18;89.57;85.28;Unggul
232;11;21.09;74.98;83.93;16;B;86.29;83.48;89.01;Tidak Unggul
294;16;18.38;94.26;73.66;14;B;86.11;86.65;79.1;Tidak Unggul
234;10;23.4;66.47;80.52;12;A;71.58;87.18;75.83;Tidak Unggul
227;8;28.38;56.55;72.34;5;C;63.8;83.34;69.83;Tidak Unggul
606;39;15.54;91.39;77.57;20;A;99.35;96.66;84.26;Unggul
150;10;15.0;82.23;78.27;12;B;83.14;85.21;76.88;Unggul
200;13;15.38;79.89;86.26;20;A;80.15;92.77;87.63;Unggul
834;43;19.4;62.15;67.71;11;B;70.72;83.92;65.89;Tidak Unggul
866;52;16.65;82.82;83.31;16;B;87.84;86.62;84.68;Unggul
921;63;14.62;78.2;91.24;17;A;71.16;90.33;87.18;Unggul
595;23;25.87;68.18;66.11;8;B;59.06;86.2;64.4;Tidak Unggul
598;26;23.0;68.96;80.43;10;C;60.25;82.72;73.25;Tidak Unggul
637;28;22.75;71.46;75.63;9;C;73.62;87.59;71.33;Tidak Unggul
949;33;28.76;71.21;65.53;11;B;81.13;80.34;70.45;Tidak Unggul
183;8;22.88;60.09;76.7;14;B;61.21;93.37;76.15;Tidak Unggul
497;33;15.06;82.9;88.83;19;A;90.98;94.15;85.66;Unggul
244;8;30.5;69.66;79.78;8;B;62.93;81.9;75.04;Tidak Unggul
221;12;18.42;86.25;86.07;16;A;95.55;92.62;78.16;Unggul
700;26;26.92;67.41;70.87;10;B;73.1;93.18;69.66;Tidak Unggul
303;11;27.55;53.24;74.63;10;B;75.95;88.74;74.04;Tidak Unggul
399;15;26.6;73.5;60.0;6;B;75.38;82.19;64.07;Tidak Unggul
823;44;18.7;86.1;86.17;14;A;82.74;94.35;92.65;Unggul
587;24;24.46;73.47;72.52;13;B;59.72;93.9;69.33;Tidak Unggul
267;23;11.61;82.76;82.15;19;A;88.23;93.06;85.2;Unggul
920;62;14.84;85.12;80.93;18;A;84.17;91.51;81.29;Unggul
455;30;15.17;71.84;72.4;13;A;67.84;86.07;81.53;Unggul
417;31;13.45;94.03;86.89;18;A;74.67;93.31;90.15;Unggul
203;12;16.92;98.23;90.6;17;A;75.27;92.0;89.07;Unggul
385;14;27.5;57.67;60.0;4;C;72.78;80.06;70.21;Tidak Unggul
538;18;29.89;63.1;63.38;3;C;47.68;82.49;50.0;Tidak Unggul
883;51;17.31;70.37;77.96;13;A;99.84;82.96;68.95;Unggul
912;50;18.24;85.66;82.8;17;B;90.81;89.62;76.2;Unggul
974;56;17.39;73.41;77.63;13;B;84.46;88.31;76.32;Unggul
550;31;17.74;90.07;85.82;13;A;68.13;88.67;73.9;Unggul
773;55;14.05;85.87;95.0;18;A;100.0;97.49;97.51;Unggul
916;30;30.53;56.03;74.0;8;B;59.89;84.62;64.55;Tidak Unggul
452;34;13.29;79.1;80.04;17;A;69.42;91.91;90.48;Unggul
356;15;23.73;72.17;87.13;11;A;77.63;88.69;75.06;Unggul
378;29;13.03;86.52;80.23;17;A;90.79;93.09;86.64;Unggul
727;30;24.23;60.72;72.55;5;C;57.68;84.16;58.91;Tidak Unggul
224;10;22.4;72.46;80.45;10;B;67.02;90.69;71.69;Tidak Unggul
584;20;29.2;65.11;79.11;5;C;62.27;85.32;69.5;Tidak Unggul
252;8;31.5;61.85;75.56;8;B;64.51;89.99;69.0;Tidak Unggul
571;32;17.84;84.96;80.39;19;A;90.67;94.58;87.89;Unggul
853;44;19.39;67.87;80.95;14;B;71.86;81.52;71.72;Unggul
913;38;24.03;79.98;68.82;8;B;77.91;84.55;60.07;Tidak Unggul
887;47;18.87;72.7;80.07;11;B;74.14;83.65;68.57;Unggul
955;46;20.76;80.66;79.89;15;B;64.26;92.61;79.9;Unggul
455;32;14.22;84.2;94.07;22;A;97.63;93.0;83.05;Unggul
247;17;14.53;74.83;82.93;15;B;76.06;87.18;81.64;Unggul
999;47;21.26;77.55;79.7;11;B;81.35;87.17;68.31;Unggul
947;43;22.02;79.25;76.52;13;B;81.19;88.28;73.64;Unggul
484;16;30.25;45.32;77.22;10;B;60.65;85.05;71.55;Tidak Unggul
584;37;15.78;92.05;68.9;13;B;75.16;90.19;78.83;Unggul
596;32;18.62;85.22;85.3;14;B;85.05;91.59;86.66;Unggul
457;29;15.76;78.41;85.32;15;B;85.9;92.73;82.0;Unggul
398;23;17.3;78.36;77.89;12;B;82.74;90.14;80.17;Unggul
315;18;17.5;79.1;68.06;15;B;80.96;89.19;81.02;Unggul
630;36;17.5;77.49;74.67;12;B;75.11;87.16;71.21;Unggul
484;28;17.29;68.31;84.56;11;B;77.84;87.66;82.18;Unggul
691;40;17.27;79.78;77.48;16;B;79.78;89.38;77.46;Unggul
908;56;16.21;80.19;73.21;15;A;83.95;88.9;86.5;Unggul
255;12;21.25;80.7;69.63;10;B;75.56;88.73;79.65;Unggul
712;51;13.96;83.82;90.67;18;A;87.45;96.39;86.86;Unggul
230;16;14.38;80.31;82.11;12;B;97.16;91.63;78.24;Unggul
282;19;14.84;76.9;92.79;18;A;89.72;93.94;81.53;Unggul
946;41;23.07;68.89;76.49;8;B;79.34;85.15;80.38;Tidak Unggul
287;9;31.89;67.82;62.7;5;B;56.18;81.75;54.38;Tidak Unggul
333;12;27.75;63.24;82.43;12;B;69.97;85.81;63.04;Tidak Unggul
550;33;16.67;73.65;76.68;14;B;61.5;87.42;74.91;Tidak Unggul
479;19;25.21;60.62;68.86;8;B;70.19;82.71;71.66;Tidak Unggul
934;34;27.47;51.14;69.17;9;C;57.68;81.86;50.52;Tidak Unggul
657;27;24.33;65.7;78.48;11;B;68.44;84.5;69.74;Tidak Unggul
218;8;27.25;72.36;76.79;11;C;70.68;82.25;68.28;Tidak Unggul
695;32;21.72;66.34;71.28;9;B;66.23;82.82;78.23;Tidak Unggul
923;39;23.67;64.2;82.21;15;B;60.09;89.82;70.71;Tidak Unggul
202;8;25.25;78.56;63.96;6;B;60.02;85.64;60.44;Tidak Unggul
599;39;15.36;80.58;81.79;20;A;100.0;94.05;95.3;Unggul
354;21;16.86;81.54;69.75;13;A;81.76;89.27;77.27;Unggul
275;13;21.15;79.01;78.22;13;A;80.41;91.15;70.83;Tidak Unggul
896;30;29.87;60.89;69.6;5;C;50.19;77.32;61.45;Tidak Unggul
192;9;21.33;59.01;80.8;12;B;65.32;87.96;66.22;Tidak Unggul
901;36;25.03;82.86;78.0;11;B;66.73;93.06;74.44;Unggul
260;10;26.0;72.56;71.9;10;B;73.53;85.54;75.88;Tidak Unggul
910;45;20.22;76.8;80.04;14;B;60.92;85.12;68.54;Unggul
812;52;15.62;89.85;83.24;16;A;94.38;90.99;80.21;Unggul
332;24;13.83;94.54;84.88;15;A;73.75;90.58;88.19;Unggul
997;38;26.24;56.26;63.78;8;C;71.5;84.04;64.46;Tidak Unggul
244;15;16.27;71.46;70.7;12;A;81.26;90.35;76.75;Unggul
523;27;19.37;68.15;80.8;12;B;86.37;81.03;75.13;Unggul
669;25;26.76;57.9;82.7;8;C;56.92;84.8;73.55;Tidak Unggul
509;31;16.42;85.81;80.65;12;B;100.0;85.52;73.7;Unggul
845;31;27.26;56.03;73.83;7;C;66.36;84.67;64.41;Tidak Unggul
430;25;17.2;72.16;82.63;14;B;86.51;88.49;66.77;Tidak Unggul
344;16;21.5;56.15;73.98;9;B;73.56;85.73;76.4;Tidak Unggul
344;17;20.24;82.37;71.69;15;B;69.86;89.71;74.27;Tidak Unggul
816;54;15.11;74.09;82.01;14;B;70.69;86.73;78.25;Unggul
242;20;12.1;89.48;91.83;16;A;84.97;90.32;92.95;Unggul
821;33;24.88;71.46;73.66;10;B;60.6;85.82;67.56;Tidak Unggul
210;8;26.25;51.72;69.11;8;B;66.89;81.51;72.44;Tidak Unggul
783;32;24.47;71.12;76.19;12;B;77.95;82.35;76.28;Unggul
200;15;13.33;73.08;83.52;15;B;94.36;93.23;86.1;Unggul
552;27;20.44;70.9;80.8;11;B;84.4;86.9;59.78;Tidak Unggul
938;64;14.66;81.55;88.51;20;A;88.55;93.95;76.79;Unggul
154;9;17.11;98.59;89.21;20;A;83.01;93.53;92.86;Unggul
615;24;25.62;81.35;72.17;5;C;46.61;80.94;62.41;Tidak Unggul
753;38;19.82;72.79;81.91;12;B;57.58;89.99;78.12;Unggul
831;60;13.85;81.52;83.39;15;A;82.15;93.75;80.63;Unggul
978;69;14.17;61.19;74.53;20;A;91.59;92.16;79.55;Unggul
683;26;26.27;49.84;71.1;7;C;64.65;84.8;62.71;Tidak Unggul
554;44;12.59;88.67;91.61;20;A;91.54;98.59;85.96;Unggul
987;49;20.14;69.67;66.43;10;B;63.04;87.07;73.05;Tidak Unggul
662;32;20.69;81.37;83.0;13;B;76.4;89.66;83.42;Unggul
794;56;14.18;75.4;83.98;16;B;93.44;87.08;79.29;Unggul
382;23;16.61;79.03;68.46;15;B;82.0;85.21;82.43;Unggul
673;42;16.02;62.59;86.43;16;B;81.5;93.43;85.82;Unggul
495;23;21.52;60.96;78.08;9;B;72.12;82.81;66.25;Tidak Unggul
195;11;17.73;80.05;79.7;16;A;79.12;87.49;79.4;Unggul
695;30;23.17;81.22;62.23;10;C;77.41;86.22;63.41;Tidak Unggul
227;9;25.22;63.58;71.91;7;B;69.23;85.03;62.1;Tidak Unggul
879;31;28.35;64.77;72.02;9;C;57.86;81.6;50.0;Tidak Unggul
962;53;18.15;65.45;70.89;10;B;70.38;84.95;73.86;Unggul
222;14;15.86;79.1;77.74;13;B;66.34;94.49;77.14;Unggul
943;45;20.96;64.22;71.19;13;C;56.36;84.54;68.5;Tidak Unggul
398;17;23.41;90.69;78.99;12;B;73.23;91.07;75.8;Tidak Unggul
196;8;24.5;59.04;65.83;4;C;73.07;80.77;64.29;Tidak Unggul
270;10;27.0;58.53;73.0;4;C;63.73;77.37;56.9;Tidak Unggul
363;29;12.52;95.88;95.0;19;A;90.32;96.08;93.91;Unggul
388;18;21.56;77.3;73.95;11;B;80.13;94.88;80.09;Tidak Unggul
205;11;18.64;72.33;85.29;13;A;85.92;91.36;67.57;Unggul
499;34;14.68;79.61;71.17;14;A;73.28;88.68;76.88;Unggul
256;16;16.0;73.25;79.64;16;A;79.14;93.43;79.84;Unggul
980;46;21.3;69.44;75.57;8;B;94.25;83.54;74.23;Unggul
197;9;21.89;77.73;77.45;11;B;67.77;89.51;76.9;Tidak Unggul
722;39;18.51;78.52;84.6;16;B;79.79;97.66;87.85;Unggul
486;22;22.09;68.38;77.31;10;B;69.88;84.82;76.38;Tidak Unggul
175;12;14.58;73.09;78.43;14;B;72.11;90.71;88.68;Unggul
953;57;16.72;68.63;88.72;15;A;66.86;92.07;83.9;Unggul
406;20;20.3;76.98;80.76;12;B;75.98;86.46;70.96;Tidak Unggul
157;8;19.62;71.06;77.74;12;B;71.54;86.94;78.76;Tidak Unggul
774;30;25.8;69.86;75.33;7;B;69.85;83.89;64.19;Tidak Unggul
402;24;16.75;79.21;85.19;17;A;76.19;89.3;84.8;Unggul
841;36;23.36;74.94;73.18;11;B;81.38;88.82;71.44;Tidak Unggul
868;60;14.47;74.05;87.15;19;A;90.14;94.35;86.22;Unggul
452;26;17.38;72.46;77.93;16;B;77.19;91.32;82.82;Unggul
788;60;13.13;74.07;79.96;15;B;77.55;88.47;74.45;Unggul
205;8;25.62;78.27;72.4;10;B;67.85;82.58;68.08;Tidak Unggul
875;58;15.09;80.63;80.72;14;A;90.28;88.08;78.48;Unggul
675;43;15.7;81.39;80.62;19;A;81.28;91.22;79.52;Unggul
623;24;25.96;57.31;67.48;7;C;48.77;78.08;59.36;Tidak Unggul
177;8;22.12;75.35;72.13;12;B;85.84;88.56;81.47;Tidak Unggul
227;11;20.64;71.86;76.07;13;B;63.99;93.42;81.04;Tidak Unggul
365;30;12.17;87.07;85.91;17;A;100.0;91.01;76.86;Unggul
535;41;13.05;86.22;89.58;18;A;76.03;92.24;88.66;Unggul
514;24;21.42;84.02;76.64;11;B;72.13;85.13;70.09;Tidak Unggul
815;54;15.09;72.09;84.64;15;A;78.26;91.34;86.0;Unggul
675;54;12.5;81.91;78.31;15;A;92.35;92.69;81.23;Unggul
848;39;21.74;69.31;73.69;14;A;84.11;84.49;76.06;Unggul
461;17;27.12;73.37;64.62;6;C;76.39;75.0;65.64;Tidak Unggul
156;8;19.5;77.17;79.08;16;A;66.73;89.61;80.54;Unggul
152;8;19.0;69.82;84.13;15;A;66.04;91.97;78.99;Unggul
772;36;21.44;69.83;76.5;16;A;87.33;92.95;79.08;Unggul
899;55;16.35;85.84;80.35;17;B;100.0;89.9;80.41;Unggul
512;23;22.26;57.19;80.84;13;B;82.94;90.03;80.9;Tidak Unggul
900;49;18.37;79.75;77.52;16;A;89.31;90.73;78.23;Unggul
657;43;15.28;77.85;90.81;18;A;96.71;89.77;89.25;Unggul
423;19;22.26;72.08;76.73;11;B;64.15;92.9;77.95;Unggul
655;41;15.98;74.73;73.24;13;B;73.68;82.89;83.7;Unggul
955;32;29.84;58.79;60.18;4;C;60.23;79.85;59.1;Tidak Unggul
888;58;15.31;80.08;82.83;17;B;83.71;90.07;79.29;Unggul
164;8;20.5;74.81;80.05;14;B;79.31;88.67;76.84;Tidak Unggul
341;13;26.23;76.85;68.21;8;B;63.32;84.91;59.05;Tidak Unggul
780;48;16.25;85.09;82.51;15;A;73.05;82.81;73.0;Unggul
634;48;13.21;81.53;89.83;18;A;77.52;91.17;80.06;Unggul
177;8;22.12;74.08;76.65;9;B;68.26;87.7;65.36;Tidak Unggul
863;36;23.97;70.41;74.24;7;B;55.49;80.6;64.72;Tidak Unggul
188;8;23.5;64.67;69.5;10;B;68.04;79.91;63.48;Tidak Unggul
422;25;16.88;81.6;87.39;18;A;86.76;90.51;81.39;Unggul
380;12;31.67;65.28;77.44;7;B;56.2;79.29;64.87;Tidak Unggul
235;11;21.36;62.67;77.69;10;C;75.64;87.33;71.04;Tidak Unggul
623;23;27.09;57.23;63.38;6;C;67.74;80.37;63.61;Tidak Unggul
275;15;18.33;74.7;76.12;13;A;74.09;86.78;81.79;Unggul
961;42;22.88;71.27;77.31;15;B;71.96;90.4;75.89;Unggul
686;24;28.58;61.12;72.73;7;B;70.2;82.43;62.78;Tidak Unggul
294;15;19.6;74.75;75.86;12;B;64.53;82.22;72.47;Tidak Unggul
674;26;25.92;64.94;64.24;10;C;56.7;81.03;61.91;Tidak Unggul
361;15;24.07;77.61;79.78;11;B;71.17;85.49;68.57;Tidak Unggul
174;13;13.38;99.54;86.19;14;A;81.33;96.49;85.71;Unggul
729;52;14.02;78.54;79.87;20;A;80.81;91.8;88.91;Unggul
543;34;15.97;79.63;85.12;15;A;84.43;85.94;81.63;Unggul
216;12;18.0;76.23;76.34;12;B;62.74;86.39;72.63;Tidak Unggul
382;15;25.47;69.37;68.95;5;C;64.72;82.99;62.35;Tidak Unggul
258;24;10.75;88.04;88.17;17;A;82.78;92.99;91.61;Unggul
295;11;26.82;49.61;66.13;6;C;71.36;82.99;52.51;Tidak Unggul
260;11;23.64;58.59;67.12;7;C;71.95;84.85;63.86;Tidak Unggul
377;25;15.08;80.22;83.74;13;A;82.12;92.42;87.17;Unggul
260;12;21.67;60.43;71.0;7;B;66.57;85.68;67.58;Tidak Unggul
619;25;24.76;54.12;72.39;10;B;62.75;87.47;70.73;Tidak Unggul
183;9;20.33;62.47;71.77;9;B;48.78;88.4;78.56;Tidak Unggul
772;33;23.39;60.85;73.78;8;B;69.19;81.02;74.42;Tidak Unggul
925;31;29.84;56.62;69.75;8;B;74.61;79.74;59.34;Tidak Unggul
518;22;23.55;90.64;69.33;11;B;64.2;87.72;77.39;Tidak Unggul
897;54;16.61;80.59;83.14;17;A;73.46;87.19;81.99;Unggul
744;30;24.8;63.02;73.08;7;C;63.54;78.33;68.14;Tidak Unggul
703;31;22.68;78.93;77.31;13;A;62.87;89.19;59.97;Unggul
574;24;23.92;78.62;68.53;7;B;59.18;81.48;68.6;Tidak Unggul
762;47;16.21;77.21;79.34;13;B;72.23;89.99;77.48;Unggul
667;25;26.68;74.57;67.85;9;C;68.41;85.69;69.59;Tidak Unggul
841;56;15.02;82.04;90.86;19;A;100.0;94.06;83.18;Unggul
431;16;26.94;56.32;73.33;8;C;63.93;85.03;65.73;Tidak Unggul
469;20;23.45;70.67;68.59;7;B;67.17;83.84;67.35;Tidak Unggul
887;60;14.78;93.12;87.48;20;A;88.05;96.55;96.46;Unggul
592;30;19.73;75.37;68.2;10;B;72.59;81.05;72.66;Tidak Unggul
464;33;14.06;87.87;90.47;17;A;90.81;93.91;92.58;Unggul
890;36;24.72;59.65;69.64;8;B;74.55;79.45;66.87;Tidak Unggul
526;19;27.68;57.5;60.0;8;B;75.38;80.28;55.3;Tidak Unggul
438;15;29.2;70.89;67.97;5;B;61.03;78.4;65.94;Tidak Unggul
586;39;15.03;81.87;86.82;24;A;86.39;91.28;89.54;Unggul
811;53;15.3;86.98;81.43;20;A;100.0;93.82;95.02;Unggul
426;17;25.06;60.2;76.05;9;C;80.97;88.68;63.8;Tidak Unggul
859;31;27.71;63.83;68.22;8;B;69.06;84.34;69.26;Tidak Unggul
731;35;20.89;65.0;73.36;12;B;85.32;88.37;74.39;Tidak Unggul
652;32;20.38;75.16;84.22;16;B;90.58;84.41;84.19;Unggul
773;45;17.18;78.15;85.69;16;A;82.55;97.0;81.23;Unggul
665;23;28.91;45.0;60.0;4;C;63.43;78.91;56.45;Tidak Unggul
499;22;22.68;73.21;72.42;10;B;70.53;88.01;68.25;Tidak Unggul
992;58;17.1;88.54;81.11;16;A;87.8;91.44;92.12;Unggul
595;30;19.83;80.11;75.54;14;A;88.3;92.67;84.12;Unggul
979;38;25.76;50.75;60.0;4;C;74.29;76.2;51.09;Tidak Unggul
499;43;11.6;71.33;85.69;18;A;86.9;91.94;77.54;Unggul
756;41;18.44;100.0;79.88;15;A;92.1;94.19;72.93;Unggul
813;37;21.97;50.05;70.01;13;B;79.93;91.27;75.78;Tidak Unggul
972;63;15.43;72.59;82.02;17;A;94.33;97.64;69.87;Unggul
286;21;13.62;96.11;94.06;14;A;85.9;92.75;83.75;Unggul
908;36;25.22;91.03;77.5;12;A;74.92;82.84;71.25;Unggul
392;10;39.2;71.43;68.47;6;C;55.65;78.02;64.19;Tidak Unggul
692;24;28.83;61.81;60.0;3;C;63.37;77.94;53.14;Tidak Unggul
189;8;23.62;60.35;72.59;6;C;63.59;87.02;63.87;Tidak Unggul
378;17;22.24;62.42;78.78;14;A;78.78;88.71;78.43;Tidak Unggul
697;24;29.04;66.86;65.47;9;B;56.45;83.31;58.92;Tidak Unggul
372;23;16.17;76.55;83.13;17;B;100.0;98.31;84.73;Unggul
155;8;19.38;84.92;73.53;13;B;66.46;87.07;70.03;Unggul
471;16;29.44;51.31;71.67;9;B;71.94;80.68;69.97;Tidak Unggul
617;37;16.68;83.8;82.77;18;B;78.65;93.57;88.05;Unggul
881;43;20.49;83.73;75.94;13;B;67.49;86.24;83.13;Unggul
224;11;20.36;87.28;80.21;15;B;85.46;88.13;76.04;Unggul
153;11;13.91;87.61;87.19;17;A;95.59;91.28;87.62;Unggul
996;68;14.65;85.62;78.63;17;B;79.53;99.0;77.72;Unggul
795;29;27.41;69.42;70.07;13;B;74.68;83.94;63.26;Tidak Unggul
267;11;24.27;78.67;76.84;10;B;87.66;88.32;74.23;Tidak Unggul
755;34;22.21;74.29;72.31;12;B;91.76;85.83;66.38;Tidak Unggul
653;43;15.19;78.56;84.79;16;B;75.56;89.08;83.13;Unggul
723;52;13.9;84.74;91.35;19;A;87.11;97.32;91.17;Unggul
590;20;29.5;58.37;73.21;5;B;63.46;83.57;73.24;Tidak Unggul
343;15;22.87;55.18;74.06;9;C;73.25;83.75;64.76;Tidak Unggul
996;57;17.47;72.78;88.64;16;A;83.66;91.21;87.11;Unggul
864;40;21.6;66.66;73.9;11;B;76.75;90.15;71.5;Tidak Unggul
541;35;15.46;78.04;78.38;17;B;81.14;95.62;80.56;Unggul
175;8;21.88;65.63;74.16;13;B;69.46;87.72;82.25;Tidak Unggul
584;16;36.5;52.65;60.0;9;C;65.63;83.74;60.06;Tidak Unggul
322;17;18.94;67.48;72.57;12;B;67.67;89.23;71.99;Unggul
449;16;28.06;68.3;65.41;9;C;54.22;78.97;64.41;Tidak Unggul
794;40;19.85;52.21;72.48;13;B;70.97;84.78;75.22;Unggul
475;22;21.59;60.36;84.91;9;B;63.0;86.85;65.7;Tidak Unggul
559;22;25.41;61.49;62.53;4;C;58.32;81.55;65.84;Tidak Unggul
267;20;13.35;89.77;80.48;15;A;89.9;88.75;85.06;Unggul
985;43;22.91;85.0;82.94;10;B;64.58;82.76;69.16;Unggul
936;56;16.71;76.32;77.81;17;B;72.03;92.78;79.26;Unggul
873;32;27.28;65.85;67.82;10;B;75.1;82.26;76.91;Tidak Unggul
374;17;22.0;70.47;74.3;13;B;82.31;85.44;79.85;Tidak Unggul
681;28;24.32;72.11;70.78;12;B;68.63;83.39;66.89;Tidak Unggul
262;21;12.48;81.77;89.17;15;B;95.75;93.54;77.61;Unggul
289;10;28.9;65.28;70.23;8;C;70.25;86.3;65.31;Tidak Unggul
708;29;24.41;58.43;67.83;10;B;82.4;77.78;64.49;Tidak Unggul
150;10;15.0;67.24;84.03;14;A;75.62;88.01;79.27;Unggul
239;11;21.73;73.44;73.14;10;B;54.89;83.49;63.01;Tidak Unggul
803;36;22.31;66.69;65.72;9;B;74.07;87.49;74.28;Tidak Unggul
469;19;24.68;75.41;75.22;9;B;70.35;80.83;66.19;Tidak Unggul
699;47;14.87;82.1;84.74;15;B;84.82;93.24;80.61;Unggul
954;58;16.45;72.28;78.26;17;A;90.08;97.19;89.69;Unggul
288;16;18.0;85.94;70.76;13;B;87.96;87.81;80.92;Unggul
660;28;23.57;63.86;67.14;6;B;59.57;83.63;62.08;Tidak Unggul
994;58;17.14;73.11;78.16;14;A;95.13;90.24;85.15;Unggul
408;22;18.55;76.45;85.56;14;A;79.28;86.59;87.89;Unggul
822;52;15.81;68.54;78.42;13;A;84.52;88.49;75.07;Unggul
839;37;22.68;74.59;74.66;11;B;76.89;89.51;78.65;Unggul
159;12;13.25;79.34;76.89;18;A;76.45;93.5;85.55;Unggul
410;14;29.29;77.99;72.22;9;C;66.41;83.61;56.82;Tidak Unggul
799;28;28.54;69.46;66.44;9;C;58.55;82.84;67.47;Tidak Unggul
321;17;18.88;95.67;76.85;18;B;66.82;92.86;76.41;Tidak Unggul
162;10;16.2;66.8;77.85;13;B;84.21;88.19;73.22;Tidak Unggul
317;23;13.78;78.36;88.17;14;B;91.73;86.25;81.66;Unggul
791;47;16.83;87.26;84.38;16;A;71.03;88.28;86.91;Unggul
745;25;29.8;60.14;60.0;1;C;53.59;76.33;56.7;Tidak Unggul
470;20;23.5;71.16;73.0;11;B;63.99;82.59;74.56;Tidak Unggul
468;25;18.72;67.47;72.12;14;B;83.11;88.58;75.0;Unggul
762;36;21.17;52.25;83.36;10;B;79.97;87.78;70.0;Unggul
478;23;20.78;74.9;87.09;15;B;71.6;94.65;71.19;Unggul
934;38;24.58;63.42;71.31;9;C;48.32;81.15;68.05;Tidak Unggul
926;58;15.97;86.7;86.48;20;A;92.35;91.93;89.72;Unggul
699;26;26.88;56.44;66.78;9;B;74.01;87.46;73.59;Tidak Unggul
568;26;21.85;66.81;76.35;14;B;68.58;85.75;79.24;Unggul
755;48;15.73;77.76;82.15;13;B;72.35;91.46;65.94;Unggul
244;11;22.18;80.45;82.26;13;A;71.4;88.76;74.11;Unggul
966;67;14.42;87.02;84.08;19;A;88.15;92.67;98.0;Unggul
730;21;34.76;55.03;68.25;4;C;64.74;78.76;58.62;Tidak Unggul
467;19;24.58;56.59;76.66;10;B;70.37;88.95;74.41;Tidak Unggul
385;14;27.5;68.05;66.51;6;B;65.3;80.6;60.95;Tidak Unggul
483;17;28.41;73.71;77.23;10;C;58.8;80.82;67.33;Tidak Unggul
525;27;19.44;74.46;89.49;15;A;76.64;95.88;75.59;Unggul
608;22;27.64;75.0;82.24;8;B;78.94;87.22;70.45;Tidak Unggul
286;13;22.0;74.06;74.69;12;A;66.72;88.75;73.84;Unggul
737;32;23.03;63.62;75.48;9;C;63.62;76.54;74.1;Tidak Unggul
696;29;24.0;72.04;73.22;6;B;70.53;81.02;71.31;Tidak Unggul
662;21;31.52;58.35;63.94;4;C;45.0;79.08;53.22;Tidak Unggul
445;15;29.67;53.43;69.7;3;C;49.06;75.01;52.95;Tidak Unggul
469;25;18.76;66.0;79.28;17;A;84.41;87.5;78.09;Unggul
721;26;27.73;58.56;71.7;10;B;56.99;81.63;66.92;Tidak Unggul
981;42;23.36;81.95;71.57;14;B;70.8;89.31;76.44;Unggul
498;17;29.29;62.14;60.0;6;C;63.67;82.32;59.31;Tidak Unggul
989;38;26.03;58.41;70.47;10;B;59.98;86.87;76.77;Tidak Unggul
928;46;20.17;65.36;63.39;12;B;83.41;90.5;79.92;Tidak Unggul
378;17;22.24;87.43;80.71;11;B;74.15;84.04;79.08;Tidak Unggul
419;22;19.05;81.03;84.29;12;B;77.14;94.64;74.57;Unggul
977;39;25.05;74.84;73.58;7;B;50.85;84.03;69.24;Tidak Unggul
947;52;18.21;93.85;89.09;17;A;84.4;85.94;91.76;Unggul
440;22;20.0;69.01;77.77;13;A;65.73;90.72;78.05;Tidak Unggul
874;44;19.86;91.17;80.89;15;A;65.37;86.99;79.35;Unggul
314;12;26.17;53.38;65.74;7;B;65.76;80.87;60.78;Tidak Unggul
154;8;19.25;76.76;80.29;11;B;74.5;86.98;73.85;Unggul
1000;71;14.08;80.11;70.07;19;A;67.2;92.59;75.34;Unggul
528;34;15.53;89.33;90.38;17;A;83.78;95.87;88.93;Unggul
227;17;13.35;87.06;79.89;22;A;95.42;95.95;91.6;Unggul
559;30;18.63;79.37;76.95;11;A;78.81;92.25;68.6;Unggul
723;51;14.18;96.46;81.2;19;A;89.77;92.48;91.74;Unggul
281;16;17.56;85.98;78.94;13;B;76.84;92.55;85.23;Unggul
750;30;25.0;63.81;66.68;7;C;73.7;78.92;64.38;Tidak Unggul
898;33;27.21;58.97;69.35;9;B;68.93;80.06;67.95;Tidak Unggul
191;8;23.88;69.68;78.39;11;B;82.58;88.27;66.67;Tidak Unggul
238;8;29.75;61.04;65.11;2;C;58.05;75.63;51.45;Tidak Unggul
551;44;12.52;86.7;88.19;19;A;74.67;94.29;84.87;Unggul
445;17;26.18;73.64;72.15;7;C;67.33;84.38;57.59;Tidak Unggul
989;47;21.04;62.75;64.93;13;C;59.01;88.04;66.36;Tidak Unggul
444;20;22.2;68.59;90.6;13;B;81.27;90.94;71.26;Unggul
765;38;20.13;66.7;67.95;15;B;91.76;91.58;74.48;Unggul
675;32;21.09;66.15;73.75;8;B;69.32;87.78;73.05;Tidak Unggul
949;44;21.57;69.54;75.94;9;B;68.14;85.3;68.17;Unggul
840;32;26.25;73.56;75.94;13;B;79.16;85.78;76.36;Tidak Unggul
786;50;15.72;71.61;83.34;16;A;87.38;95.73;84.55;Unggul
571;35;16.31;74.41;91.06;17;B;100.0;97.27;88.63;Unggul
172;8;21.5;60.93;76.86;8;C;67.21;83.17;64.97;Tidak Unggul
724;44;16.45;97.87;84.94;17;A;88.82;96.22;93.23;Unggul
292;15;19.47;70.94;74.95;14;B;83.9;87.11;73.0;Unggul
814;58;14.03;72.55;81.4;18;A;75.19;92.08;87.58;Unggul
294;8;36.75;69.81;67.72;8;C;73.48;85.89;59.54;Tidak Unggul
374;20;18.7;70.0;74.4;11;C;68.73;88.61;76.66;Tidak Unggul
652;44;14.82;71.67;74.58;15;A;80.88;93.18;75.71;Unggul
970;43;22.56;60.98;69.78;9;C;71.74;83.51;70.02;Tidak Unggul
765;60;12.75;81.14;89.11;16;A;80.79;93.43;83.36;Unggul
253;11;23.0;65.64;68.48;7;C;65.71;80.13;61.68;Tidak Unggul
188;8;23.5;81.42;77.07;13;B;74.41;88.14;76.26;Tidak Unggul
347;17;20.41;76.58;77.21;11;B;72.88;90.88;68.81;Unggul
795;61;13.03;86.47;88.8;17;A;82.54;97.16;91.52;Unggul
728;38;19.16;87.42;80.63;16;B;86.1;88.83;79.6;Unggul
540;37;14.59;84.25;95.0;19;A;80.82;96.57;89.9;Unggul
328;22;14.91;75.41;82.98;15;A;68.41;92.98;82.13;Unggul
703;35;20.09;75.73;69.96;10;B;72.46;92.48;67.09;Unggul
597;32;18.66;72.49;72.58;10;B;76.25;88.87;73.42;Unggul
649;31;20.94;54.82;77.79;8;B;72.12;85.02;65.14;Tidak Unggul
164;8;20.5;86.49;83.73;12;B;78.7;90.15;72.52;Unggul
772;35;22.06;57.52;61.94;6;C;63.88;81.47;65.44;Tidak Unggul
818;55;14.87;83.98;80.31;17;B;85.08;91.66;91.18;Unggul
438;26;16.85;76.75;73.22;15;B;72.7;93.08;68.18;Unggul
627;22;28.5;45.0;72.49;6;C;63.41;82.49;54.69;Tidak Unggul
380;17;22.35;71.48;68.04;10;B;50.69;84.45;74.51;Tidak Unggul
569;23;24.74;75.71;75.89;6;B;59.7;85.78;60.73;Tidak Unggul
306;16;19.12;66.99;68.79;11;B;58.44;86.13;70.93;Tidak Unggul
699;26;26.88;49.8;69.29;10;C;82.78;80.46;62.38;Tidak Unggul
590;27;21.85;72.27;70.54;11;B;81.66;92.03;79.71;Tidak Unggul
246;15;16.4;82.31;84.15;14;A;90.16;88.82;80.53;Unggul
560;31;18.06;79.7;72.03;15;A;78.48;90.9;78.45;Unggul
438;22;19.91;61.7;72.59;11;B;69.9;84.69;70.81;Tidak Unggul
403;21;19.19;61.74;73.03;13;B;60.88;91.49;72.99;Tidak Unggul
345;18;19.17;56.55;69.14;10;B;61.54;79.46;69.25;Tidak Unggul
747;30;24.9;52.39;78.01;11;B;66.34;86.19;69.74;Tidak Unggul
983;38;25.87;65.36;81.0;12;C;64.79;80.98;70.87;Tidak Unggul
671;37;18.14;75.44;73.62;13;A;77.11;90.01;62.11;Unggul
666;37;18.0;79.74;81.42;16;B;83.65;88.46;88.31;Unggul
784;51;15.37;82.23;79.09;16;A;79.21;90.18;84.13;Unggul
991;40;24.78;78.16;70.17;14;B;81.29;86.58;66.18;Unggul
267;15;17.8;90.18;76.18;15;A;72.59;91.02;86.3;Unggul
955;35;27.29;65.71;64.94;7;B;56.35;80.59;74.62;Tidak Unggul
308;18;17.11;81.65;87.36;13;B;84.99;93.51;82.25;Unggul
964;51;18.9;84.39;85.41;17;A;88.19;89.86;82.96;Unggul
377;18;20.94;79.64;76.01;14;A;87.25;88.82;85.01;Unggul
365;12;30.42;61.75;62.95;4;C;50.63;78.38;60.86;Tidak Unggul
845;41;20.61;73.31;71.02;11;B;67.35;90.08;71.7;Unggul
164;8;20.5;85.24;66.8;11;B;76.68;86.6;73.76;Tidak Unggul
306;10;30.6;71.71;68.79;5;C;63.3;85.34;62.32;Tidak Unggul
797;58;13.74;69.55;83.93;16;A;100.0;83.33;86.54;Unggul
410;16;25.62;64.9;77.07;8;B;55.67;84.64;65.27;Tidak Unggul
306;15;20.4;78.64;70.45;16;A;97.7;86.57;72.37;Tidak Unggul
196;9;21.78;81.36;79.26;11;B;76.81;84.19;69.74;Tidak Unggul
473;21;22.52;74.24;82.3;11;B;85.52;88.03;81.24;Unggul
993;59;16.83;80.14;85.84;17;A;84.97;91.9;76.74;Unggul
834;30;27.8;60.31;71.63;8;B;60.49;91.88;58.31;Tidak Unggul
279;21;13.29;87.98;87.79;16;A;79.29;89.38;93.74;Unggul
560;35;16.0;71.19;84.44;16;B;83.4;89.45;93.0;Unggul
244;11;22.18;68.36;70.9;11;B;59.96;84.23;78.81;Tidak Unggul
776;42;18.48;66.03;75.56;13;B;63.08;86.83;75.85;Tidak Unggul
904;42;21.52;74.02;77.0;13;B;73.32;92.15;80.89;Unggul
441;32;13.78;73.63;86.23;13;B;85.59;90.1;75.73;Unggul
943;66;14.29;88.58;89.9;16;A;78.92;96.8;82.04;Unggul
960;60;16.0;74.11;82.77;12;B;77.09;92.84;73.35;Unggul
432;31;13.94;98.9;87.88;19;A;88.52;96.54;93.25;Unggul
218;8;27.25;58.67;60.0;5;C;69.14;79.84;77.59;Tidak Unggul
809;36;22.47;63.38;79.75;12;B;76.9;81.35;72.57;Unggul
160;8;20.0;67.88;77.77;9;B;77.93;85.33;76.23;Tidak Unggul
403;20;20.15;76.36;77.46;12;B;83.38;84.75;80.08;Unggul
991;62;15.98;98.02;88.02;21;A;79.15;93.0;88.78;Unggul
699;32;21.84;62.05;67.71;10;B;51.58;83.33;71.73;Tidak Unggul
283;22;12.86;99.14;84.98;20;A;85.25;92.75;90.07;Unggul
861;47;18.32;71.17;72.05;10;B;83.27;87.06;79.24;Unggul
172;8;21.5;67.2;73.83;13;B;77.66;80.86;64.64;Tidak Unggul
964;75;12.85;90.58;89.88;17;A;83.87;91.6;88.35;Unggul
495;31;15.97;91.99;84.68;15;A;98.15;94.97;83.0;Unggul
451;11;41.0;66.84;62.68;5;C;69.23;84.82;62.6;Tidak Unggul
512;24;21.33;62.42;86.15;12;B;70.53;87.58;71.94;Tidak Unggul
545;26;20.96;72.42;74.67;13;B;80.35;80.61;78.24;Tidak Unggul
367;28;13.11;99.91;80.64;18;B;72.22;91.25;86.01;Unggul
290;17;17.06;54.21;74.44;12;A;76.58;85.34;79.77;Unggul
765;30;25.5;72.38;70.74;8;B;66.39;85.93;71.85;Tidak Unggul
359;19;18.89;77.35;82.83;14;B;81.19;91.13;87.46;Unggul
772;38;20.32;62.3;67.22;9;B;75.9;87.09;74.26;Unggul
765;59;12.97;88.48;83.65;15;B;89.78;86.79;81.72;Unggul
977;45;21.71;51.98;74.9;8;B;67.71;77.95;73.41;Tidak Unggul
832;65;12.8;86.84;93.01;21;A;90.84;94.5;95.76;Unggul
609;21;29.0;72.9;71.23;9;B;51.98;79.95;65.26;Tidak Unggul
505;20;25.25;71.85;72.68;13;C;53.1;83.59;57.12;Tidak Unggul
473;18;26.28;69.55;71.78;9;C;45.02;83.23;68.85;Tidak Unggul
282;14;20.14;72.55;80.17;11;B;73.89;82.57;82.71;Tidak Unggul
954;36;26.5;64.88;69.5;7;B;74.19;84.44;71.02;Tidak Unggul
989;42;23.55;67.78;70.66;12;B;53.87;88.58;74.57;Tidak Unggul
276;13;21.23;63.76;77.05;12;B;81.37;91.32;69.24;Tidak Unggul
255;11;23.18;80.48;82.6;14;B;86.72;84.35;67.3;Unggul
753;53;14.21;84.05;81.94;17;A;86.17;91.46;89.5;Unggul
948;64;14.81;83.68;87.54;14;A;91.14;87.49;80.67;Unggul
527;22;23.95;63.55;75.75;11;C;70.72;91.3;65.41;Tidak Unggul
200;13;15.38;73.6;86.66;15;A;72.11;85.59;80.59;Unggul
178;8;22.25;80.03;73.04;13;B;75.22;91.08;76.35;Tidak Unggul
611;29;21.07;52.86;78.82;12;B;85.29;85.04;75.04;Tidak Unggul
445;17;26.18;45.0;71.5;8;B;59.81;79.58;65.01;Tidak Unggul
446;17;26.24;75.01;82.08;9;C;71.28;83.52;73.47;Tidak Unggul
875;29;30.17;55.8;69.74;6;B;66.36;81.94;71.54;Tidak Unggul
928;51;18.2;76.49;81.23;12;A;86.06;82.64;78.9;Unggul
556;34;16.35;88.14;81.99;18;A;72.77;92.69;77.23;Unggul
918;44;20.86;78.55;75.8;10;B;82.66;84.91;75.52;Unggul
963;73;13.19;77.36;88.43;16;A;75.53;86.54;86.78;Unggul
762;56;13.61;84.39;86.25;21;A;100.0;97.18;94.5;Unggul
554;26;21.31;61.06;67.22;11;B;64.01;80.61;74.45;Tidak Unggul
495;26;19.04;76.6;85.35;14;B;70.18;90.33;79.06;Unggul
771;28;27.54;69.64;68.06;8;C;71.28;81.05;67.02;Tidak Unggul
569;35;16.26;85.33;82.61;12;A;87.26;81.89;67.07;Unggul
331;17;19.47;70.65;80.11;18;B;79.05;95.7;85.96;Tidak Unggul
974;64;15.22;98.15;80.04;14;A;80.19;87.26;87.02;Unggul
150;8;18.75;74.39;78.9;13;B;73.91;87.44;87.59;Unggul
980;37;26.49;60.15;69.3;7;C;56.41;78.69;67.87;Tidak Unggul
716;25;28.64;60.36;71.09;6;B;63.38;78.44;66.12;Tidak Unggul
520;24;21.67;65.67;73.56;12;B;73.77;87.71;70.94;Tidak Unggul
810;42;19.29;72.25;84.04;15;A;87.37;92.04;78.23;Unggul
580;28;20.71;88.07;79.8;14;B;72.67;82.94;68.45;Tidak Unggul
458;22;20.82;81.74;73.07;11;B;77.24;85.1;66.6;Tidak Unggul
286;15;19.07;78.77;82.5;13;B;84.72;92.48;80.49;Tidak Unggul
351;16;21.94;76.96;80.03;11;B;67.52;85.13;68.17;Unggul
585;31;18.87;79.88;81.85;15;B;76.4;89.99;77.45;Unggul
462;15;30.8;61.95;64.3;7;C;66.95;84.99;70.65;Tidak Unggul
266;13;20.46;62.6;73.64;8;B;64.26;80.41;56.46;Tidak Unggul
815;30;27.17;57.44;72.27;7;C;62.22;83.3;69.84;Tidak Unggul
952;44;21.64;59.55;67.53;7;B;56.09;85.91;74.94;Tidak Unggul
724;31;23.35;82.09;74.74;11;B;63.11;86.62;72.23;Tidak Unggul
393;29;13.55;92.5;82.82;18;A;79.85;91.91;89.33;Unggul
686;48;14.29;88.33;82.62;15;B;71.18;83.83;83.59;Unggul
751;28;26.82;72.79;81.0;10;B;56.79;86.38;72.49;Tidak Unggul
224;8;28.0;55.0;67.23;7;B;49.43;79.91;60.39;Tidak Unggul
955;73;13.08;93.96;93.03;20;A;99.0;97.34;98.0;Unggul
535;19;28.16;67.67;69.14;6;C;56.6;76.9;50.68;Tidak Unggul
359;22;16.32;89.79;83.59;16;A;97.18;97.4;84.84;Unggul
624;39;16.0;64.29;79.97;12;B;84.89;91.29;74.4;Unggul
567;27;21.0;60.23;81.32;14;B;69.79;82.99;72.8;Unggul
496;35;14.17;92.67;95.0;19;A;82.96;99.0;88.72;Unggul
678;45;15.07;75.16;78.74;16;A;80.82;85.64;71.3;Unggul
789;46;17.15;74.77;70.18;11;B;70.2;88.7;78.21;Unggul
912;37;24.65;65.11;77.64;9;B;77.36;85.43;76.45;Tidak Unggul
328;20;16.4;81.23;83.32;18;A;66.47;90.58;80.33;Unggul
331;15;22.07;62.35;75.07;11;C;75.23;89.59;76.06;Tidak Unggul
813;37;21.97;67.39;67.73;9;C;79.02;84.44;73.49;Tidak Unggul
174;16;10.88;91.58;91.02;18;A;85.21;90.06;87.8;Unggul
329;14;23.5;71.19;66.99;8;C;70.68;81.54;70.14;Tidak Unggul
859;66;13.02;78.68;85.93;21;A;82.24;96.99;91.05;Unggul
650;22;29.55;67.15;68.06;6;B;59.32;85.53;67.73;Tidak Unggul
310;14;22.14;68.71;81.37;11;B;67.97;90.02;85.72;Unggul
326;8;40.75;70.07;60.0;2;C;70.36;78.84;62.17;Tidak Unggul
434;28;15.5;92.63;80.91;20;A;100.0;92.36;86.16;Unggul
212;12;17.67;77.91;76.06;15;B;75.72;95.68;79.87;Tidak Unggul
811;53;15.3;100.0;95.0;17;A;97.96;96.12;84.8;Unggul
815;57;14.3;73.4;82.79;15;A;85.97;89.87;81.51;Unggul
305;17;17.94;79.52;76.77;16;B;79.05;90.95;79.14;Unggul
618;45;13.73;88.08;84.34;16;A;98.94;89.63;85.89;Unggul
198;8;24.75;77.91;71.17;4;B;57.57;80.39;52.88;Tidak Unggul
998;67;14.9;91.73;92.02;17;A;77.0;89.12;80.03;Unggul
233;11;21.18;74.78;65.0;8;B;61.32;83.74;68.93;Tidak Unggul
510;20;25.5;57.36;64.13;7;C;72.28;86.16;72.9;Tidak Unggul
838;43;19.49;66.19;74.88;12;B;67.17;83.54;79.4;Unggul
297;11;27.0;69.22;67.41;9;B;63.25;81.88;64.54;Tidak Unggul
779;33;23.61;60.0;72.42;14;B;68.54;82.89;65.21;Tidak Unggul
491;19;25.84;69.05;70.63;11;C;63.28;84.67;67.15;Tidak Unggul
625;36;17.36;78.46;85.76;10;A;71.67;90.81;71.79;Unggul
212;13;16.31;70.42;77.47;19;B;81.23;94.15;81.2;Unggul
850;30;28.33;72.76;72.86;8;B;81.33;85.14;72.55;Tidak Unggul
509;19;26.79;69.58;70.74;6;B;66.58;84.84;60.18;Tidak Unggul
710;36;19.72;67.49;67.06;11;B;72.43;88.62;70.52;Tidak Unggul
476;22;21.64;70.83;82.84;14;B;70.23;85.5;66.58;Tidak Unggul
918;36;25.5;54.31;72.11;9;B;59.74;79.87;70.22;Tidak Unggul
885;40;22.12;72.21;71.06;11;B;69.62;90.8;79.06;Tidak Unggul
290;21;13.81;71.89;93.01;19;B;86.41;89.44;83.53;Unggul
364;21;17.33;67.86;80.11;11;B;74.46;83.96;80.31;Unggul
584;18;32.44;62.03;67.49;7;C;67.34;82.47;71.08;Tidak Unggul
872;49;17.8;66.9;82.54;15;B;89.66;87.13;76.23;Unggul
467;14;33.36;47.74;66.11;5;C;54.36;75.87;64.41;Tidak Unggul
181;8;22.62;55.54;62.41;8;B;77.27;82.94;71.69;Tidak Unggul
819;40;20.48;81.99;68.59;12;B;72.08;85.98;76.86;Tidak Unggul
434;27;16.07;80.39;84.44;14;A;84.77;92.8;93.84;Unggul
454;28;16.21;91.46;74.21;18;A;82.79;91.58;88.56;Unggul
578;21;27.52;65.65;78.14;13;B;80.71;86.11;75.97;Tidak Unggul
626;22;28.45;54.58;60.0;3;C;51.16;78.91;57.73;Tidak Unggul
435;17;25.59;68.54;80.14;12;A;79.75;87.7;69.09;Unggul
293;15;19.53;52.62;86.3;12;B;92.27;87.8;75.01;Tidak Unggul
573;25;22.92;73.26;75.82;11;B;69.6;84.92;70.4;Tidak Unggul
168;8;21.0;76.4;61.36;16;B;56.01;86.89;83.54;Tidak Unggul
167;8;20.88;75.47;83.65;14;B;67.8;85.7;75.97;Tidak Unggul
918;68;13.5;64.58;80.87;19;A;80.11;91.68;88.22;Unggul
739;29;25.48;70.6;74.38;13;B;75.36;91.64;63.21;Tidak Unggul
520;22;23.64;67.28;70.92;11;B;82.68;87.4;67.52;Tidak Unggul
324;12;27.0;67.41;79.53;8;C;66.57;82.39;64.62;Tidak Unggul
343;27;12.7;88.12;89.87;21;A;88.1;90.94;87.38;Unggul
651;26;25.04;62.24;68.87;10;B;72.41;85.85;70.38;Tidak Unggul
262;8;32.75;67.55;75.13;5;B;62.42;85.59;63.17;Tidak Unggul
263;17;15.47;91.56;89.09;18;A;86.0;94.12;82.03;Unggul
371;27;13.74;79.0;78.14;17;B;80.72;93.39;87.8;Unggul
827;40;20.68;56.27;73.96;10;B;82.05;80.38;77.34;Tidak Unggul
980;54;18.15;68.82;83.01;16;A;83.53;91.17;85.53;Unggul
793;45;17.62;75.15;68.05;13;B;82.63;84.85;70.37;Tidak Unggul
413;15;27.53;76.25;74.84;10;C;69.8;85.43;68.24;Tidak Unggul
204;11;18.55;66.51;82.67;17;B;92.22;88.16;79.89;Unggul
792;34;23.29;59.22;82.65;10;B;75.23;84.14;72.65;Tidak Unggul
949;37;25.65;58.36;73.86;5;C;68.28;83.34;62.66;Tidak Unggul
927;51;18.18;56.92;77.7;14;B;78.53;85.22;81.46;Unggul
607;38;15.97;79.64;81.89;15;B;70.39;89.95;83.15;Unggul
311;15;20.73;81.21;70.42;13;B;67.84;92.59;81.47;Tidak Unggul
529;34;15.56;84.23;86.52;18;A;74.36;96.35;75.23;Unggul
236;14;16.86;70.45;76.58;12;B;84.66;89.76;65.98;Tidak Unggul
204;10;20.4;72.07;75.6;12;B;81.83;88.47;78.1;Tidak Unggul
625;44;14.2;76.84;86.12;19;A;84.94;91.58;79.65;Unggul
949;38;24.97;51.37;78.2;8;B;78.12;82.74;62.34;Tidak Unggul
327;21;15.57;81.43;91.17;17;A;93.4;94.34;87.32;Unggul
540;28;19.29;76.06;83.04;11;B;78.54;85.6;72.58;Unggul
498;31;16.06;83.19;79.26;15;B;91.21;91.07;80.04;Unggul
157;8;19.62;81.38;83.9;11;B;78.77;83.15;70.96;Unggul
982;53;18.53;75.79;73.97;12;B;64.74;93.33;82.09;Unggul
462;16;28.88;71.22;74.49;8;C;67.28;86.53;67.51;Tidak Unggul
908;49;18.53;77.95;82.42;14;A;82.82;87.92;80.82;Unggul
984;56;17.57;89.62;77.09;12;B;76.19;92.22;76.96;Unggul
592;30;19.73;75.71;82.78;17;A;76.04;91.84;89.23;Unggul
916;64;14.31;89.78;77.26;16;A;73.12;90.33;88.68;Unggul
477;23;20.74;71.43;73.85;10;B;64.18;83.8;73.69;Tidak Unggul
203;11;18.45;83.43;78.84;14;A;86.86;86.56;71.03;Unggul
910;35;26.0;72.6;84.92;9;C;75.7;86.7;70.67;Tidak Unggul
388;26;14.92;83.2;84.98;18;A;73.32;99.0;85.01;Unggul
378;17;22.24;70.64;68.52;9;B;74.74;84.47;63.11;Tidak Unggul
728;43;16.93;84.14;82.66;16;B;71.79;89.04;75.23;Unggul
200;8;25.0;73.34;69.26;10;B;67.89;84.32;67.91;Tidak Unggul
758;39;19.44;90.36;73.83;13;B;87.2;95.27;94.19;Unggul
753;27;27.89;60.31;67.07;7;C;56.49;82.19;53.98;Tidak Unggul
413;20;20.65;66.66;78.39;13;B;66.07;89.01;78.36;Tidak Unggul
567;43;13.19;79.14;85.22;14;A;58.87;85.03;79.2;Unggul
952;52;18.31;75.17;88.27;16;A;73.2;90.92;83.75;Unggul
245;18;13.61;84.87;95.0;20;A;88.06;93.12;98.0;Unggul
237;20;11.85;77.31;83.06;15;B;85.2;94.98;71.71;Unggul
227;11;20.64;63.48;78.02;11;B;67.25;83.15;67.39;Tidak Unggul
437;34;12.85;65.69;87.32;18;A;83.33;90.87;95.15;Unggul
269;18;14.94;95.76;73.57;18;A;82.3;94.62;88.34;Unggul
963;43;22.4;64.7;79.07;9;B;64.08;85.24;67.38;Tidak Unggul
640;32;20.0;62.22;81.48;13;B;92.54;86.34;75.77;Unggul
601;39;15.41;86.77;89.07;17;A;89.96;90.29;79.75;Unggul
649;34;19.09;82.92;77.83;15;A;72.38;95.31;81.71;Unggul
314;14;22.43;71.63;73.23;13;B;57.72;87.03;75.1;Tidak Unggul
331;21;15.76;68.19;80.46;19;A;81.52;90.4;80.62;Unggul
618;31;19.94;67.73;84.03;17;B;92.75;90.7;78.5;Unggul
884;56;15.79;95.44;69.99;12;A;83.18;83.88;80.24;Unggul
972;44;22.09;56.06;72.88;8;C;88.84;86.9;63.8;Tidak Unggul
156;10;15.6;65.48;89.25;15;B;75.92;88.21;77.44;Unggul
479;22;21.77;70.77;75.94;14;B;79.03;85.47;76.62;Tidak Unggul
924;34;27.18;74.72;62.62;11;B;57.27;84.92;67.24;Tidak Unggul
822;30;27.4;72.16;64.17;7;C;45.13;75.0;59.56;Tidak Unggul
300;19;15.79;82.05;86.48;16;A;84.76;87.52;84.2;Unggul
234;13;18.0;78.78;84.36;18;B;92.11;93.69;85.16;Unggul
296;17;17.41;68.4;81.71;13;A;94.16;92.16;78.11;Unggul
773;49;15.78;91.83;94.18;16;A;85.98;90.06;87.06;Unggul
530;34;15.59;75.74;79.74;13;B;70.89;92.3;82.0;Unggul
697;29;24.03;63.84;70.27;7;C;47.29;86.76;64.67;Tidak Unggul
434;18;24.11;75.99;73.17;12;B;69.2;82.95;72.99;Tidak Unggul
849;45;18.87;77.93;83.13;14;B;76.83;89.57;75.11;Unggul
231;10;23.1;65.28;79.61;10;C;62.68;82.29;66.42;Tidak Unggul
663;34;19.5;87.51;76.42;14;B;64.38;81.94;86.26;Unggul
964;67;14.39;73.87;86.82;17;A;89.33;90.34;94.88;Unggul
858;31;27.68;66.32;60.0;8;B;62.56;84.03;68.08;Tidak Unggul
672;42;16.0;81.0;76.01;14;A;83.24;86.93;77.24;Unggul
895;38;23.55;65.37;82.78;10;B;63.18;88.34;76.48;Unggul
535;20;26.75;72.35;70.45;8;B;65.34;84.94;77.58;Tidak Unggul
856;36;23.78;68.56;69.74;9;C;63.91;88.61;55.08;Tidak Unggul
620;27;22.96;75.12;67.35;10;C;69.97;78.96;66.79;Tidak Unggul
268;20;13.4;81.96;86.52;16;A;81.2;97.44;86.1;Unggul
545;35;15.57;79.76;82.32;18;B;77.41;94.85;81.54;Unggul
681;31;21.97;73.47;75.38;9;B;61.32;84.8;62.75;Tidak Unggul
410;22;18.64;71.81;77.24;12;B;75.36;91.8;70.84;Unggul
954;32;29.81;45.0;69.62;4;C;52.22;77.9;62.47;Tidak Unggul
405;26;15.58;81.38;78.43;15;B;89.47;92.75;71.43;Unggul
883;53;16.66;61.29;74.6;13;B;75.97;86.3;74.59;Unggul
375;20;18.75;79.29;75.68;18;B;78.72;89.33;78.63;Unggul
202;14;14.43;100.0;74.68;16;A;92.04;91.84;84.84;Unggul
649;30;21.63;75.79;75.85;9;B;81.08;82.63;70.29;Unggul
655;27;24.26;61.21;71.09;7;C;63.94;81.39;71.62;Tidak Unggul
513;25;20.52;66.54;81.69;9;C;86.22;86.44;75.17;Tidak Unggul
429;15;28.6;63.44;60.52;8;C;77.72;80.26;56.55;Tidak Unggul
742;25;29.68;56.53;60.0;4;C;53.88;79.83;50.3;Tidak Unggul
863;34;25.38;67.61;63.81;8;C;61.87;78.82;64.32;Tidak Unggul
307;24;12.79;93.02;81.87;18;A;85.94;88.5;83.32;Unggul
781;34;22.97;86.28;72.31;14;B;71.09;87.01;79.85;Tidak Unggul
208;12;17.33;66.34;77.08;15;B;76.6;89.33;77.11;Unggul
876;56;15.64;85.59;86.46;23;A;79.86;93.04;85.47;Unggul
277;18;15.39;83.1;81.57;15;A;80.41;89.14;80.24;Unggul
885;46;19.24;86.39;83.77;12;A;74.35;89.93;82.62;Unggul
870;63;13.81;89.24;86.94;18;A;91.75;95.47;85.62;Unggul
264;19;13.89;72.16;79.83;15;B;83.48;90.99;78.52;Unggul
358;30;11.93;83.46;87.71;15;B;81.44;90.62;75.33;Unggul
675;23;29.35;81.48;71.53;9;B;78.0;81.99;60.41;Tidak Unggul
670;45;14.89;79.24;76.93;18;B;75.68;87.73;77.33;Unggul
701;41;17.1;66.86;70.59;14;B;70.61;86.01;64.95;Unggul
386;22;17.55;71.61;70.15;13;B;67.44;87.01;67.32;Tidak Unggul
430;25;17.2;77.68;78.22;17;A;97.14;94.96;87.54;Unggul
508;20;25.4;77.43;84.65;13;B;70.43;85.27;75.57;Tidak Unggul
350;27;12.96;78.22;79.33;21;A;84.15;89.04;79.59;Unggul
907;46;19.72;80.54;73.95;9;B;81.75;81.75;65.32;Unggul
427;16;26.69;72.42;73.04;9;B;57.23;85.54;69.0;Tidak Unggul
384;11;34.91;64.55;64.3;4;C;50.95;82.44;70.77;Tidak Unggul
643;29;22.17;75.36;69.97;11;B;69.93;81.66;67.63;Tidak Unggul
153;8;19.12;84.22;82.2;17;B;74.67;92.99;77.82;Unggul
815;54;15.09;76.63;73.66;15;B;88.08;86.94;87.57;Unggul
591;34;17.38;71.4;76.05;16;B;69.8;88.32;87.04;Unggul
178;10;17.8;77.96;89.02;17;A;88.71;94.84;87.77;Unggul
258;10;25.8;76.73;67.97;10;B;62.52;83.92;75.58;Tidak Unggul
759;49;15.49;64.75;87.6;17;A;82.99;89.85;87.12;Unggul
876;57;15.37;61.91;87.24;14;A;86.91;90.97;77.25;Unggul
954;55;17.35;76.87;85.07;11;B;91.75;91.9;79.31;Unggul
224;12;18.67;80.72;81.39;11;A;63.57;87.49;73.6;Unggul
987;58;17.02;85.92;73.57;17;B;80.88;90.2;75.93;Unggul
295;8;36.88;52.5;60.0;6;C;68.16;80.11;63.27;Tidak Unggul
277;15;18.47;62.17;69.69;10;B;73.59;82.36;71.91;Tidak Unggul
191;13;14.69;71.86;75.11;14;B;82.31;93.35;78.6;Unggul
505;23;21.96;66.07;66.87;9;B;64.83;76.53;76.29;Tidak Unggul
190;12;15.83;77.92;79.07;15;B;80.2;92.08;84.65;Tidak Unggul
183;12;15.25;82.78;87.3;19;A;77.9;95.23;83.35;Unggul
166;8;20.75;83.93;79.4;15;B;79.06;90.99;73.69;Unggul
826;47;17.57;79.81;83.72;15;B;97.28;88.52;75.63;Unggul
302;18;16.78;88.91;82.05;18;A;84.93;92.78;87.1;Unggul
527;27;19.52;78.96;76.63;11;B;75.81;85.02;74.68;Unggul
737;55;13.4;73.02;82.47;13;B;63.62;88.13;79.59;Unggul
748;34;22.0;76.59;72.79;11;B;72.3;89.89;80.9;Unggul
778;30;25.93;68.63;74.11;8;C;69.35;82.88;68.81;Tidak Unggul
491;19;25.84;61.18;60.37;5;B;48.49;81.96;62.76;Tidak Unggul
176;9;19.56;81.85;78.48;16;B;83.93;93.66;84.6;Unggul
974;38;25.63;63.86;64.83;7;C;65.0;86.0;70.74;Tidak Unggul
436;23;18.96;68.21;81.85;15;A;62.76;88.74;77.77;Unggul
795;32;24.84;85.84;65.53;10;B;71.28;79.14;71.6;Tidak Unggul
880;56;15.71;84.08;73.93;13;B;74.02;87.73;72.12;Unggul
317;18;17.61;76.09;77.62;12;B;74.33;88.53;74.53;Unggul
759;35;21.69;69.82;72.11;10;B;77.16;82.6;66.44;Tidak Unggul
417;28;14.89;77.35;84.66;15;A;74.0;88.39;80.85;Unggul
898;33;27.21;51.15;70.49;5;C;63.76;79.62;67.28;Tidak Unggul
970;37;26.22;74.44;71.86;11;B;67.96;86.77;69.46;Tidak Unggul
604;35;17.26;80.04;80.52;16;A;80.38;87.58;79.56;Unggul
834;33;25.27;59.01;76.82;10;C;55.96;81.04;57.68;Tidak Unggul
550;38;14.47;80.06;86.21;15;A;90.58;87.32;83.09;Unggul
625;29;21.55;70.36;78.67;11;B;79.79;88.56;68.72;Tidak Unggul
851;41;20.76;66.79;82.36;13;B;69.36;87.38;66.48;Tidak Unggul
783;37;21.16;60.26;66.36;9;B;73.09;93.99;69.82;Tidak Unggul
707;27;26.19;56.28;75.84;6;C;61.92;79.84;60.47;Tidak Unggul
725;31;23.39;58.66;71.2;9;B;66.82;81.53;72.64;Tidak Unggul
279;10;27.9;59.15;76.6;9;B;58.15;86.64;72.28;Tidak Unggul
971;56;17.34;87.88;78.73;15;A;88.95;85.64;76.38;Unggul
512;16;32.0;50.51;69.33;4;C;54.54;86.48;66.87;Tidak Unggul
854;63;13.56;64.25;73.71;15;A;77.31;89.64;82.47;Unggul
968;31;31.23;62.4;64.17;7;C;62.34;76.01;60.57;Tidak Unggul
842;50;16.84;84.02;82.59;18;A;67.16;91.66;85.28;Unggul
441;32;13.78;88.02;85.5;16;A;74.35;91.16;89.31;Unggul
520;23;22.61;68.94;61.62;9;B;66.34;81.49;75.49;Tidak Unggul
943;56;16.84;75.21;79.24;19;A;87.86;91.1;97.06;Unggul
178;11;16.18;67.35;71.57;12;B;76.28;89.67;77.5;Tidak Unggul
298;18;16.56;89.61;81.17;19;A;83.04;89.39;89.46;Unggul
928;62;14.97;87.21;74.68;13;A;81.98;90.53;79.57;Unggul
445;26;17.12;66.29;79.17;14;A;67.33;86.51;78.0;Unggul
160;10;16.0;81.23;89.01;17;B;79.49;98.52;74.72;Unggul
661;34;19.44;65.91;72.4;13;B;80.17;90.49;61.44;Unggul
825;58;14.22;71.07;87.86;14;B;84.21;85.81;74.61;Unggul
262;12;21.83;68.61;73.09;9;B;79.67;83.64;73.7;Tidak Unggul
336;20;16.8;83.2;84.35;19;A;100.0;95.74;85.8;Unggul
956;37;25.84;47.96;74.55;8;C;60.04;75.0;59.66;Tidak Unggul
893;31;28.81;63.82;66.99;6;C;65.55;78.96;68.8;Tidak Unggul
376;21;17.9;82.03;77.61;15;A;75.01;89.11;78.53;Unggul
459;21;21.86;80.23;84.03;13;B;67.11;83.31;64.51;Unggul
247;12;20.58;70.81;78.13;11;B;80.6;88.53;71.05;Tidak Unggul
204;8;25.5;51.4;78.24;7;C;65.12;81.43;62.09;Tidak Unggul
772;32;24.12;59.93;66.87;7;C;60.81;79.75;60.04;Tidak Unggul
813;57;14.26;85.05;74.87;14;A;86.09;94.74;80.89;Unggul
907;38;23.87;64.27;66.05;10;C;62.82;85.62;67.06;Tidak Unggul
555;24;23.12;71.82;66.66;8;B;53.84;85.65;67.34;Tidak Unggul
218;11;19.82;57.95;72.21;10;B;74.92;84.96;68.84;Tidak Unggul
461;26;17.73;88.98;80.02;15;B;79.36;93.13;89.64;Unggul
438;17;25.76;72.88;68.44;9;B;78.25;91.31;77.72;Tidak Unggul
911;34;26.79;55.91;63.39;4;C;61.96;76.39;61.75;Tidak Unggul
697;45;15.49;84.89;79.52;13;B;57.14;85.89;83.34;Unggul
900;55;16.36;76.6;79.8;12;B;74.01;91.42;69.18;Unggul
297;17;17.47;66.96;77.79;12;A;68.99;89.82;66.42;Unggul
616;21;29.33;65.35;70.83;7;C;65.14;77.56;52.77;Tidak Unggul
888;38;23.37;72.66;77.98;15;A;71.73;89.43;77.98;Unggul
393;16;24.56;62.64;60.0;5;C;69.77;78.37;67.92;Tidak Unggul
640;33;19.39;64.35;76.25;12;B;73.16;87.57;67.36;Tidak Unggul
998;47;21.23;66.62;71.66;9;C;63.45;82.15;69.96;Tidak Unggul
656;35;18.74;74.03;86.95;17;B;87.88;96.27;88.79;Unggul
514;26;19.77;78.0;75.9;18;A;88.54;91.49;79.26;Unggul
631;28;22.54;73.22;81.68;11;B;65.06;87.28;71.88;Unggul
350;14;25.0;70.75;72.06;11;C;54.6;82.76;70.6;Tidak Unggul
303;8;37.88;46.08;64.54;5;C;56.9;80.12;53.58;Tidak Unggul
599;21;28.52;66.41;69.4;7;C;55.45;82.31;54.8;Tidak Unggul
650;34;19.12;82.75;83.38;12;B;80.0;87.19;74.6;Unggul
222;12;18.5;77.83;86.78;16;A;87.76;96.43;80.35;Unggul
862;35;24.63;65.49;60.0;9;C;51.97;82.4;63.28;Tidak Unggul
445;14;31.79;61.26;60.0;4;C;56.13;81.61;50.0;Tidak Unggul
166;11;15.09;82.79;81.5;16;A;71.98;92.98;85.04;Unggul
790;41;19.27;76.58;69.46;11;B;62.32;79.57;80.66;Tidak Unggul
366;27;13.56;81.02;81.82;18;A;73.17;96.07;85.62;Unggul
210;14;15.0;73.57;81.46;14;A;78.71;97.79;76.68;Unggul
765;44;17.39;75.36;73.2;15;B;60.73;87.93;76.97;Unggul
191;10;19.1;61.8;77.09;14;B;70.31;88.94;73.71;Tidak Unggul
174;15;11.6;93.97;95.0;20;A;84.99;96.28;88.48;Unggul
188;12;15.67;83.33;88.94;15;B;76.74;86.57;84.31;Unggul
952;35;27.2;55.26;69.08;6;C;62.06;81.48;59.64;Tidak Unggul
280;17;16.47;85.0;83.57;12;B;74.59;88.22;76.44;Unggul
647;25;25.88;64.16;69.58;8;C;58.19;86.56;73.36;Tidak Unggul
378;17;22.24;71.52;74.89;11;A;76.43;89.55;77.36;Tidak Unggul
257;10;25.7;58.79;68.84;10;B;61.39;84.27;62.74;Tidak Unggul
321;19;16.89;78.74;76.56;12;B;80.55;87.19;79.24;Unggul
584;18;32.44;63.59;74.75;11;C;62.39;87.46;55.91;Tidak Unggul
627;25;25.08;58.2;73.83;9;B;75.62;89.92;74.82;Tidak Unggul
251;10;25.1;70.23;79.54;9;C;60.75;85.35;64.7;Tidak Unggul
673;24;28.04;57.78;66.68;5;C;53.11;81.71;61.1;Tidak Unggul
424;25;16.96;83.51;74.32;14;B;75.65;86.26;76.75;Unggul
762;56;13.61;88.12;84.16;20;A;74.49;95.58;89.98;Unggul
193;9;21.44;74.26;72.74;11;B;66.56;86.79;75.2;Tidak Unggul
966;42;23.0;78.02;77.58;12;B;80.35;84.28;66.92;Unggul
166;11;15.09;76.96;78.02;13;A;82.78;87.68;74.62;Unggul
479;26;18.42;82.57;79.64;13;A;75.06;89.38;74.17;Unggul
718;35;20.51;71.95;81.81;14;A;97.85;89.72;77.06;Unggul
972;75;12.96;100.0;92.17;21;A;90.96;99.0;84.05;Unggul
646;40;16.15;76.78;82.95;14;A;77.47;86.38;62.86;Unggul
964;48;20.08;65.8;80.01;13;B;88.75;89.96;79.43;Unggul
161;8;20.12;75.68;72.87;15;A;78.86;85.05;83.71;Unggul
467;24;19.46;80.97;79.15;14;B;79.05;87.44;76.05;Unggul
741;41;18.07;80.74;79.35;16;A;87.42;85.11;85.28;Unggul
365;19;19.21;62.34;78.96;14;B;87.83;94.48;76.21;Tidak Unggul
488;17;28.71;62.79;76.93;8;B;62.39;87.14;68.04;Tidak Unggul
925;49;18.88;61.09;74.98;12;B;71.9;78.75;76.6;Unggul
810;35;23.14;61.27;76.66;12;B;74.8;87.34;82.53;Unggul
230;13;17.69;78.91;81.73;15;A;80.68;88.3;79.95;Unggul
876;34;25.76;57.74;68.83;7;B;55.94;82.6;57.03;Tidak Unggul
634;23;27.57;56.52;67.09;8;B;62.19;80.56;59.93;Tidak Unggul
523;22;23.77;56.27;80.78;7;C;61.25;81.67;65.12;Tidak Unggul
859;33;26.03;80.0;76.56;11;C;73.96;82.03;82.39;Tidak Unggul
349;24;14.54;79.85;77.02;15;A;88.73;88.65;92.96;Unggul
686;40;17.15;70.16;85.46;17;A;78.16;90.08;88.22;Unggul
615;43;14.3;88.5;85.21;17;A;82.85;91.42;82.86;Unggul
238;13;18.31;75.71;73.82;14;B;81.95;92.49;81.26;Tidak Unggul
417;17;24.53;74.48;60.0;10;C;71.64;88.31;59.87;Tidak Unggul
804;32;25.12;66.05;71.6;7;C;62.49;81.36;62.78;Tidak Unggul
720;37;19.46;68.05;75.49;11;B;75.49;89.58;80.96;Unggul
638;24;26.58;56.99;61.31;7;C;74.77;75.34;66.26;Tidak Unggul
687;46;14.93;81.98;83.45;19;A;94.36;88.41;90.53;Unggul
196;14;14.0;87.87;83.86;20;B;84.45;93.38;83.98;Unggul
437;24;18.21;64.52;71.73;10;B;87.1;88.52;63.55;Unggul
927;44;21.07;86.27;80.42;14;A;81.91;90.52;77.61;Unggul
165;8;20.62;71.16;73.44;10;B;83.28;83.32;64.06;Tidak Unggul
860;31;27.74;63.53;71.38;6;C;71.29;85.46;57.84;Tidak Unggul
550;39;14.1;83.76;90.33;18;B;100.0;90.71;88.7;Unggul
943;43;21.93;64.99;73.34;6;B;77.83;82.11;78.0;Tidak Unggul
235;10;23.5;60.66;71.24;11;B;68.56;87.0;71.66;Tidak Unggul
399;25;15.96;83.96;84.14;16;A;90.36;93.09;84.91;Unggul
540;20;27.0;81.24;62.64;10;C;59.57;80.21;61.58;Tidak Unggul
931;40;23.28;70.68;67.74;7;B;73.36;79.96;61.82;Tidak Unggul
484;19;25.47;66.65;60.0;6;C;77.47;84.69;63.28;Tidak Unggul
778;26;29.92;45.75;62.66;4;C;51.65;78.33;50.0;Tidak Unggul
668;19;35.16;75.45;68.73;11;B;73.69;86.2;62.58;Tidak Unggul
286;13;22.0;72.2;74.08;7;B;71.84;79.84;69.57;Tidak Unggul
837;30;27.9;71.16;62.62;6;C;67.78;80.38;70.82;Tidak Unggul
989;56;17.66;74.57;84.29;17;B;74.63;95.14;86.17;Unggul
647;36;17.97;76.91;80.19;18;A;78.48;94.4;78.68;Unggul
976;64;15.25;72.74;83.58;19;A;89.75;91.63;80.94;Unggul
876;35;25.03;60.0;72.2;11;A;71.14;80.73;72.83;Unggul
626;23;27.22;57.66;69.32;6;B;55.2;83.77;61.97;Tidak Unggul
743;46;16.15;80.8;78.84;13;B;86.67;90.01;74.96;Unggul
372;16;23.25;60.22;64.05;6;C;59.14;83.4;68.22;Tidak Unggul
521;20;26.05;55.68;67.49;7;C;61.29;77.57;54.91;Tidak Unggul
551;31;17.77;80.56;81.81;16;A;97.72;89.42;76.32;Unggul
592;36;16.44;48.85;85.47;13;A;84.72;88.48;74.65;Unggul
639;25;25.56;64.57;70.22;10;B;70.47;89.83;81.07;Tidak Unggul
764;41;18.63;72.9;72.22;13;B;74.7;89.44;76.0;Unggul
422;13;32.46;54.95;60.0;4;C;60.76;82.86;60.72;Tidak Unggul
675;47;14.36;94.73;83.23;17;B;75.21;93.78;90.75;Unggul
308;18;17.11;69.74;72.73;11;B;79.47;85.7;77.89;Tidak Unggul
301;8;37.62;59.19;74.66;7;B;73.85;81.91;66.03;Tidak Unggul
769;30;25.63;64.1;78.16;13;B;72.81;82.96;72.4;Tidak Unggul
337;13;25.92;63.08;67.93;12;B;76.34;84.95;76.42;Tidak Unggul
962;38;25.32;66.64;64.66;9;C;69.43;80.3;65.97;Tidak Unggul
247;9;27.44;74.71;69.83;9;B;74.61;84.78;67.05;Tidak Unggul
280;17;16.47;90.68;83.25;13;B;66.59;87.24;79.86;Unggul
954;66;14.45;89.18;82.6;17;A;90.35;90.35;86.1;Unggul
320;10;32.0;45.86;61.35;5;C;69.08;79.84;55.15;Tidak Unggul
332;27;12.3;89.82;89.58;18;A;81.83;86.98;81.0;Unggul
513;14;36.64;71.0;73.76;10;B;66.05;92.12;76.14;Tidak Unggul
188;12;15.67;78.61;73.46;13;A;86.99;93.75;79.79;Unggul
676;30;22.53;82.78;68.24;13;B;83.33;84.3;77.09;Tidak Unggul
646;35;18.46;93.54;78.15;12;B;86.03;88.89;63.15;Unggul
665;25;26.6;67.19;84.47;9;B;68.96;84.58;69.3;Tidak Unggul
498;15;33.2;60.16;78.24;8;B;72.13;83.67;68.72;Tidak Unggul
546;27;20.22;83.44;78.14;10;B;89.86;85.77;81.57;Tidak Unggul
871;33;26.39;86.81;74.37;9;C;59.99;86.2;69.74;Tidak Unggul
310;17;18.24;79.17;84.71;14;B;68.91;87.48;79.68;Unggul
165;8;20.62;78.61;72.51;15;A;86.67;93.36;79.4;Unggul
642;25;25.68;64.24;69.33;7;B;66.98;86.78;51.72;Tidak Unggul
575;36;15.97;84.61;89.38;14;A;79.95;88.78;80.0;Unggul
257;8;32.12;47.71;75.64;5;C;54.16;82.61;59.71;Tidak Unggul
599;42;14.26;81.06;83.42;15;A;80.02;92.32;70.28;Unggul
460;32;14.38;79.02;72.67;13;B;86.81;83.43;80.38;Unggul
888;29;30.62;64.33;70.94;9;C;70.84;87.01;69.73;Tidak Unggul
319;24;13.29;89.48;91.29;22;A;92.78;93.64;97.75;Unggul
695;23;30.22;60.07;69.79;5;C;55.87;80.61;55.92;Tidak Unggul
563;23;24.48;51.39;74.59;15;B;49.24;89.03;77.19;Tidak Unggul
400;30;13.33;79.37;95.0;18;A;91.33;95.84;87.01;Unggul
908;44;20.64;78.82;76.53;12;B;78.79;86.13;68.75;Unggul
930;60;15.5;93.98;86.51;20;A;86.71;95.97;85.75;Unggul
290;8;36.25;56.06;64.24;5;C;78.49;83.76;60.06;Tidak Unggul
423;31;13.65;70.71;81.18;16;B;74.45;90.15;69.27;Unggul
565;36;15.69;81.42;79.94;17;B;89.29;86.56;82.67;Unggul
757;37;20.46;80.24;81.06;15;B;86.13;90.89;70.46;Unggul
888;44;20.18;78.66;85.63;14;A;80.29;88.23;80.71;Unggul
188;8;23.5;73.25;60.73;9;C;54.53;87.0;72.52;Tidak Unggul
963;40;24.08;54.33;68.33;8;C;75.65;79.85;64.41;Tidak Unggul
178;8;22.25;79.79;76.99;13;B;72.28;83.82;74.42;Tidak Unggul
626;27;23.19;59.94;76.98;11;B;87.85;89.72;79.82;Tidak Unggul
467;17;27.47;58.07;63.37;6;C;66.05;83.02;69.61;Tidak Unggul
394;27;14.59;78.81;90.36;20;A;100.0;95.84;91.21;Unggul
897;39;23.0;68.89;77.09;12;B;63.72;89.58;88.98;Unggul
846;33;25.64;72.88;78.16;9;B;60.99;83.84;64.61;Tidak Unggul
421;19;22.16;76.79;77.97;12;B;69.55;84.96;74.81;Tidak Unggul
589;22;26.77;61.52;69.36;9;C;45.45;86.1;65.68;Tidak Unggul
897;37;24.24;60.14;74.31;15;B;74.2;87.87;62.77;Tidak Unggul
388;10;38.8;45.0;67.73;5;B;54.76;79.69;57.78;Tidak Unggul
526;20;26.3;69.14;69.33;7;C;69.0;82.63;57.76;Tidak Unggul
415;29;14.31;83.53;86.84;17;B;64.22;89.15;79.95;Unggul
508;25;20.32;82.38;92.0;11;B;84.64;90.28;73.49;Unggul
489;32;15.28;80.73;78.06;16;A;84.77;92.29;93.89;Unggul
538;21;25.62;72.12;60.0;9;C;75.06;83.74;73.33;Tidak Unggul
726;49;14.82;71.48;76.64;16;B;77.07;85.84;79.97;Unggul
838;34;24.65;72.02;67.83;12;B;55.97;86.72;69.08;Tidak Unggul
152;8;19.0;67.44;79.23;11;B;83.25;85.35;61.51;Tidak Unggul
578;34;17.0;73.68;89.61;15;B;88.34;93.9;73.73;Unggul
291;14;20.79;73.8;79.63;12;B;81.07;81.44;75.58;Tidak Unggul
525;20;26.25;70.75;71.88;10;B;71.54;83.82;71.56;Tidak Unggul
819;54;15.17;91.5;89.02;17;B;100.0;94.88;77.87;Unggul
473;25;18.92;67.93;86.64;15;A;100.0;89.91;83.29;Unggul
295;14;21.07;82.27;81.21;13;A;87.57;86.35;74.48;Unggul
442;24;18.42;77.95;82.29;14;A;67.48;92.71;73.25;Unggul
814;57;14.28;85.22;78.77;14;A;80.56;92.03;79.71;Unggul
581;20;29.05;71.49;62.33;9;C;58.37;79.83;66.56;Tidak Unggul
854;38;22.47;50.53;79.48;13;B;60.49;85.26;67.92;Tidak Unggul
734;56;13.11;91.74;93.15;17;A;84.8;89.69;88.96;Unggul
548;16;34.25;68.39;60.0;5;C;69.26;79.65;56.21;Tidak Unggul
966;35;27.6;58.31;76.53;11;C;66.06;84.26;66.85;Tidak Unggul
493;22;22.41;54.93;67.93;9;B;63.87;83.05;56.02;Tidak Unggul
289;17;17.0;82.14;81.09;17;A;75.3;90.89;79.42;Unggul
336;11;30.55;67.71;64.44;8;B;84.51;86.26;59.54;Tidak Unggul
954;37;25.78;64.36;77.5;9;B;74.95;88.94;65.79;Tidak Unggul
210;10;21.0;78.06;73.38;9;B;61.88;85.09;64.97;Tidak Unggul
529;26;20.35;80.82;84.86;14;A;94.4;85.14;85.91;Unggul
859;43;19.98;53.92;77.72;11;B;73.0;86.04;69.16;Tidak Unggul
956;40;23.9;62.76;75.65;9;B;65.56;88.49;78.12;Unggul
589;35;16.83;87.42;85.21;14;A;77.24;90.77;73.59;Unggul
468;24;19.5;75.37;75.84;12;A;70.27;90.87;79.24;Unggul
451;16;28.19;59.19;72.84;6;B;64.76;86.45;70.05;Tidak Unggul
493;22;22.41;70.53;68.76;7;B;67.43;79.83;67.52;Tidak Unggul
160;11;14.55;72.64;83.13;13;B;81.03;91.59;84.78;Unggul
211;9;23.44;60.91;73.75;12;B;67.98;87.36;70.57;Tidak Unggul
994;67;14.84;86.83;83.4;14;A;85.67;95.14;81.08;Unggul
375;21;17.86;92.11;82.78;17;A;97.99;90.48;71.38;Unggul
302;15;20.13;76.99;75.17;12;B;70.0;90.85;72.17;Tidak Unggul
860;51;16.86;61.35;75.78;14;B;85.59;87.33;69.57;Unggul
713;45;15.84;96.91;77.03;15;A;86.06;92.56;89.09;Unggul
921;35;26.31;77.1;72.38;6;B;62.01;81.98;67.35;Tidak Unggul
720;45;16.0;85.49;78.48;14;B;82.98;93.61;82.94;Unggul
733;38;19.29;76.42;70.74;13;B;79.62;85.08;63.87;Unggul
809;31;26.1;71.67;72.04;12;B;77.48;87.01;73.22;Tidak Unggul
724;31;23.35;71.57;69.46;11;C;63.68;88.21;70.85;Tidak Unggul
459;20;22.95;58.72;74.28;8;C;60.97;90.69;59.56;Tidak Unggul
392;12;32.67;56.09;65.31;6;C;45.0;77.86;53.65;Tidak Unggul
642;44;14.59;70.95;83.04;14;A;80.69;91.64;88.16;Unggul
515;23;22.39;70.88;64.85;7;C;59.72;82.88;70.74;Tidak Unggul
479;21;22.81;76.19;79.54;12;B;71.28;90.65;74.08;Unggul
256;8;32.0;59.31;73.36;7;C;67.23;82.17;73.5;Tidak Unggul
375;20;18.75;58.77;73.11;10;B;63.09;90.37;66.87;Tidak Unggul
974;41;23.76;71.86;74.49;9;B;81.81;84.21;71.54;Unggul
367;17;21.59;68.87;79.72;13;B;77.09;92.42;82.93;Tidak Unggul
902;41;22.0;56.83;77.54;9;B;72.28;83.96;60.81;Tidak Unggul
655;30;21.83;84.24;72.4;8;C;75.63;80.33;63.86;Tidak Unggul
408;19;21.47;95.53;85.33;13;B;64.63;90.09;78.78;Unggul
923;39;23.67;67.64;79.15;9;B;69.79;83.22;78.5;Tidak Unggul
666;32;20.81;53.92;66.57;11;B;76.45;83.97;77.9;Tidak Unggul
922;40;23.05;77.97;72.21;13;B;61.5;92.97;77.4;Tidak Unggul
203;8;25.38;63.53;70.84;4;B;63.96;81.98;65.14;Tidak Unggul
196;9;21.78;76.73;75.68;9;B;64.85;86.22;72.2;Tidak Unggul
876;34;25.76;64.05;73.71;9;B;73.61;81.53;84.53;Tidak Unggul
838;30;27.93;55.0;69.36;10;C;59.68;76.62;65.24;Tidak Unggul
670;25;26.8;64.14;73.88;10;B;67.72;81.23;69.94;Tidak Unggul
248;15;16.53;78.12;77.45;15;B;88.9;87.42;84.54;Tidak Unggul
169;8;21.12;62.32;71.11;12;B;75.04;81.96;64.72;Tidak Unggul
902;34;26.53;69.05;69.13;3;C;53.24;77.82;64.1;Tidak Unggul
722;35;20.63;63.06;80.61;13;B;83.13;84.8;74.56;Unggul
639;23;27.78;67.8;68.74;7;B;68.56;81.76;70.21;Tidak Unggul
568;22;25.82;63.34;68.05;6;C;72.43;76.27;68.33;Tidak Unggul
839;41;20.46;82.01;78.37;12;B;74.54;87.33;77.03;Unggul
999;55;18.16;72.55;82.09;15;B;82.89;87.87;83.54;Unggul
211;12;17.58;83.48;81.06;14;A;86.21;89.11;87.16;Unggul
294;8;36.75;62.49;60.0;3;C;65.54;81.02;51.57;Tidak Unggul
365;19;19.21;74.15;76.97;12;B;100.0;83.52;71.16;Unggul
152;8;19.0;64.79;74.86;13;B;85.72;82.96;69.05;Tidak Unggul
309;11;28.09;60.2;75.71;10;B;67.57;84.59;66.5;Tidak Unggul
888;38;23.37;67.76;73.86;12;B;70.78;82.85;70.74;Tidak Unggul
930;39;23.85;66.99;82.23;11;B;66.47;84.08;71.51;Tidak Unggul
269;14;19.21;89.53;84.62;16;B;69.65;88.96;94.23;Unggul
238;9;26.44;71.81;70.86;12;B;73.07;89.65;69.49;Tidak Unggul
478;38;12.58;87.16;76.47;16;A;66.0;96.4;82.33;Unggul
729;33;22.09;55.43;71.22;10;B;83.91;81.27;77.76;Tidak Unggul
506;23;22.0;55.88;74.63;10;B;65.53;82.85;76.3;Tidak Unggul
759;38;19.97;66.84;64.12;12;B;79.79;80.28;71.38;Tidak Unggul
416;19;21.89;64.58;77.58;13;B;75.61;89.96;83.9;Tidak Unggul
766;43;17.81;82.05;81.74;18;A;88.68;93.54;79.08;Unggul
472;32;14.75;76.92;85.94;17;B;76.03;96.26;92.21;Unggul
784;36;21.78;71.0;82.93;11;B;74.46;91.21;76.79;Unggul
690;52;13.27;72.61;72.75;14;B;82.08;89.94;88.93;Unggul
798;38;21.0;75.54;79.57;10;B;88.16;82.26;75.39;Unggul
344;14;24.57;64.46;77.63;15;B;62.83;89.33;70.9;Tidak Unggul
887;34;26.09;48.49;66.24;7;B;53.66;79.53;70.09;Tidak Unggul
481;24;20.04;74.98;72.65;11;C;61.17;80.54;63.1;Tidak Unggul
319;23;13.87;73.72;86.47;17;B;65.84;95.21;85.81;Unggul
670;40;16.75;95.52;86.19;18;A;80.42;85.93;89.52;Unggul
612;31;19.74;71.32;69.48;14;A;70.74;92.26;79.93;Unggul
189;10;18.9;73.82;84.14;15;A;82.39;92.25;82.3;Unggul
686;27;25.41;67.33;77.29;11;C;71.27;84.01;78.9;Tidak Unggul
410;21;19.52;70.6;76.0;16;B;64.97;90.03;79.71;Tidak Unggul
544;17;32.0;57.83;67.78;4;C;66.69;80.46;61.59;Tidak Unggul
375;19;19.74;75.66;80.67;11;B;78.67;84.65;74.49;Tidak Unggul
273;17;16.06;84.99;88.97;17;A;90.25;89.88;88.62;Unggul
187;8;23.38;72.98;81.95;12;B;84.91;95.53;73.6;Tidak Unggul
477;27;17.67;62.4;90.25;13;B;68.42;90.45;70.34;Unggul
400;26;15.38;89.63;84.51;15;B;73.12;95.21;75.14;Unggul
325;14;23.21;67.12;74.91;11;B;74.57;85.11;68.38;Tidak Unggul
751;38;19.76;66.92;78.24;9;B;82.06;83.73;60.28;Tidak Unggul
603;28;21.54;72.38;77.13;11;B;77.29;88.56;74.72;Unggul
186;12;15.5;75.33;78.7;16;A;79.44;87.87;72.59;Unggul
465;25;18.6;58.62;70.89;14;B;68.92;87.5;72.74;Tidak Unggul
837;43;19.47;78.05;76.16;11;B;64.65;84.73;75.25;Tidak Unggul
945;64;14.77;75.94;88.48;20;B;94.27;91.79;81.55;Unggul
742;26;28.54;59.75;63.86;6;B;60.16;77.93;63.78;Tidak Unggul
263;9;29.22;72.07;66.49;4;C;58.88;78.95;57.38;Tidak Unggul
189;8;23.62;81.11;75.17;16;B;88.93;88.97;70.12;Tidak Unggul
450;21;21.43;80.01;71.95;8;B;65.47;85.07;64.57;Tidak Unggul
373;26;14.35;70.9;79.04;14;B;78.93;90.55;81.51;Unggul
467;17;27.47;70.4;70.88;10;B;61.85;80.7;67.69;Tidak Unggul
498;35;14.23;80.74;91.62;14;B;69.26;88.95;91.9;Unggul
264;20;13.2;83.21;82.61;18;A;89.01;89.35;82.59;Unggul
847;39;21.72;71.01;79.72;12;A;63.44;91.32;77.83;Unggul
472;23;20.52;84.29;77.71;14;B;89.2;95.25;73.81;Unggul
717;29;24.72;64.53;65.71;11;B;53.58;84.53;64.54;Tidak Unggul
189;9;21.0;74.51;81.33;11;B;73.03;85.9;71.35;Tidak Unggul
189;8;23.62;72.15;66.01;8;B;61.71;76.0;61.38;Tidak Unggul
898;45;19.96;65.35;83.69;13;B;83.9;85.4;75.6;Unggul
438;27;16.22;68.66;76.27;13;A;73.79;91.77;76.17;Unggul
411;16;25.69;91.51;77.32;9;B;60.31;87.4;70.3;Tidak Unggul
365;30;12.17;73.84;91.53;17;A;72.67;94.02;79.78;Unggul
296;11;26.91;76.68;71.57;6;C;47.83;87.7;61.28;Tidak Unggul
485;23;21.09;77.32;77.55;15;A;86.97;88.47;78.61;Unggul
317;17;18.65;75.98;77.33;16;B;96.45;87.68;93.1;Tidak Unggul
241;9;26.78;67.36;63.29;10;B;81.24;87.89;73.34;Tidak Unggul
502;19;26.42;65.62;69.31;9;C;67.69;83.96;70.27;Tidak Unggul
720;45;16.0;88.28;73.24;14;B;82.48;86.45;69.74;Unggul
720;25;28.8;71.46;70.46;9;C;63.79;79.55;66.25;Tidak Unggul
965;46;20.98;68.28;72.12;14;B;67.1;88.32;67.67;Unggul
830;47;17.66;58.22;77.28;11;B;78.95;87.92;76.38;Unggul
930;46;20.22;76.3;73.42;15;A;67.63;85.02;82.58;Unggul
512;27;18.96;78.16;77.31;12;B;83.62;89.88;79.37;Unggul
706;29;24.34;82.45;78.77;11;A;73.79;83.6;73.14;Unggul
494;16;30.88;55.02;73.14;9;B;73.37;86.09;67.33;Tidak Unggul
842;29;29.03;61.55;61.46;8;B;70.77;86.26;64.98;Tidak Unggul
319;10;31.9;51.53;66.7;1;C;46.29;81.3;50.0;Tidak Unggul
505;21;24.05;69.73;68.98;11;B;77.81;86.87;70.25;Tidak Unggul
340;20;17.0;82.4;75.75;15;A;96.46;92.46;78.86;Unggul
816;44;18.55;85.4;82.46;17;B;90.65;91.42;72.42;Unggul
571;22;25.95;48.76;81.28;9;B;57.6;80.01;65.74;Tidak Unggul
849;60;14.15;79.58;78.94;16;B;87.43;93.52;72.1;Unggul
156;8;19.5;80.92;81.71;15;A;84.83;92.28;81.5;Unggul
282;12;23.5;67.31;74.85;12;C;52.89;81.56;64.03;Tidak Unggul
896;64;14.0;82.24;80.62;18;B;84.48;87.98;79.52;Unggul
706;52;13.58;54.35;84.95;18;B;90.77;90.11;87.62;Unggul
975;52;18.75;79.05;73.51;11;A;75.76;92.03;79.05;Unggul
910;37;24.59;62.45;77.0;10;B;75.99;87.33;74.06;Tidak Unggul
180;8;22.5;73.58;74.96;9;B;65.39;85.74;67.4;Tidak Unggul
684;33;20.73;85.25;79.78;12;A;79.51;92.39;71.66;Unggul
575;30;19.17;55.75;74.2;10;B;80.47;79.11;67.37;Tidak Unggul
543;20;27.15;66.27;77.36;5;C;66.32;81.16;61.34;Tidak Unggul
821;45;18.24;64.32;78.55;16;A;78.04;91.56;68.92;Unggul
512;35;14.63;84.27;88.35;16;A;88.07;90.21;89.12;Unggul
586;25;23.44;65.75;73.25;7;B;67.25;81.42;75.21;Tidak Unggul
819;40;20.48;80.93;72.9;13;B;70.84;87.59;74.74;Unggul
700;54;12.96;91.05;83.1;19;A;86.36;92.44;88.72;Unggul
231;10;23.1;73.55;69.75;9;B;74.43;85.31;82.21;Tidak Unggul
505;33;15.3;68.72;79.58;18;B;68.41;92.3;87.57;Unggul
407;17;23.94;47.14;69.27;9;B;78.6;82.61;69.67;Tidak Unggul
867;43;20.16;79.44;74.7;10;B;69.54;85.83;70.69;Unggul
738;34;21.71;78.26;74.76;13;B;64.34;84.41;78.87;Unggul
673;26;25.88;52.23;69.05;9;C;76.74;80.1;60.98;Tidak Unggul
444;21;21.14;79.68;86.27;13;B;80.39;89.85;80.09;Unggul
373;15;24.87;69.31;80.5;11;B;81.05;86.56;59.17;Tidak Unggul
674;30;22.47;77.22;74.22;8;B;64.37;83.14;74.92;Unggul
195;10;19.5;76.12;74.21;13;A;86.28;86.27;77.94;Tidak Unggul
816;32;25.5;78.6;80.36;12;B;78.62;85.29;69.58;Tidak Unggul
262;9;29.11;53.42;61.91;3;C;56.09;78.47;63.0;Tidak Unggul
382;19;20.11;79.02;81.57;15;B;65.0;85.81;80.55;Unggul
166;8;20.75;64.44;73.6;10;B;77.26;81.65;73.58;Tidak Unggul
509;36;14.14;77.59;78.73;18;A;83.34;93.7;81.27;Unggul
372;25;14.88;67.27;84.1;19;A;97.98;86.84;85.88;Unggul
849;44;19.3;82.94;81.01;15;B;74.52;90.3;75.12;Unggul
597;32;18.66;91.25;79.04;13;A;78.57;90.47;74.9;Unggul
514;27;19.04;69.18;95.0;15;B;85.34;93.65;81.05;Unggul
824;53;15.55;88.44;82.09;15;A;100.0;92.08;89.06;Unggul
475;20;23.75;76.2;69.75;11;B;65.92;89.69;68.51;Tidak Unggul
616;23;26.78;61.22;70.63;6;C;62.86;86.04;67.81;Tidak Unggul
563;20;28.15;58.06;67.56;8;B;60.36;89.79;54.27;Tidak Unggul
604;27;22.37;83.72;68.84;14;B;70.88;94.79;78.01;Tidak Unggul
735;33;22.27;85.16;83.43;16;A;77.94;86.68;80.51;Unggul
382;15;25.47;73.38;78.77;10;B;79.97;95.19;68.63;Tidak Unggul
373;16;23.31;67.59;79.67;10;B;70.21;91.17;70.32;Tidak Unggul
980;56;17.5;81.73;78.01;12;B;89.61;86.58;79.23;Unggul
561;22;25.5;63.29;73.31;11;C;81.8;81.89;65.64;Tidak Unggul
721;34;21.21;86.46;78.94;14;B;75.96;86.87;84.99;Unggul
484;23;21.04;88.81;77.99;16;B;71.67;87.48;77.08;Unggul
371;18;20.61;79.21;70.64;12;B;76.95;87.27;68.22;Tidak Unggul
186;11;16.91;86.0;92.31;20;A;97.58;89.81;77.08;Unggul
427;18;23.72;45.0;75.28;8;C;72.74;82.35;67.69;Tidak Unggul
345;13;26.54;60.13;70.59;4;B;56.69;83.48;62.58;Tidak Unggul
633;34;18.62;92.0;78.18;15;B;78.64;86.86;82.97;Unggul
391;22;17.77;86.71;84.3;14;A;69.68;90.07;88.22;Unggul
473;22;21.5;72.98;72.41;9;B;60.21;83.05;66.95;Tidak Unggul
880;40;22.0;68.1;75.45;11;B;82.83;92.9;73.02;Unggul
341;22;15.5;87.14;81.08;15;A;85.74;88.22;76.06;Unggul
166;8;20.75;54.15;73.59;9;B;80.94;84.98;64.02;Tidak Unggul
673;47;14.32;76.5;78.29;13;A;70.41;86.43;85.08;Unggul
550;33;16.67;97.27;83.98;16;A;96.63;90.09;89.8;Unggul
854;38;22.47;60.57;78.19;8;B;78.5;83.01;68.61;Unggul
171;10;17.1;78.18;68.27;12;B;91.51;83.61;77.66;Unggul
623;19;32.79;49.3;73.77;10;C;71.06;82.75;73.02;Tidak Unggul
269;10;26.9;58.17;68.05;10;B;45.0;77.76;62.17;Tidak Unggul
359;18;19.94;79.07;77.81;15;A;84.03;89.81;83.76;Unggul
455;34;13.38;90.59;86.69;20;A;75.72;95.05;93.72;Unggul
419;29;14.45;100.0;86.9;21;A;71.24;94.41;84.87;Unggul
853;47;18.15;70.23;82.05;12;B;78.12;90.35;75.35;Unggul
836;39;21.44;76.7;76.44;12;B;79.79;89.76;70.12;Unggul
434;19;22.84;76.25;72.92;11;B;59.47;84.0;80.71;Tidak Unggul
865;35;24.71;60.33;73.48;11;C;48.45;84.36;60.22;Tidak Unggul
825;35;23.57;70.87;68.1;8;B;60.49;82.26;53.49;Tidak Unggul
912;35;26.06;70.6;72.84;9;B;70.32;86.15;58.29;Tidak Unggul
376;15;25.07;58.56;67.96;7;C;61.12;79.44;58.45;Tidak Unggul
530;29;18.28;83.45;78.21;16;A;81.48;86.66;85.58;Unggul
609;34;17.91;72.85;85.28;15;B;73.06;90.51;75.29;Unggul
156;8;19.5;63.78;66.47;10;B;69.5;86.03;73.46;Tidak Unggul
178;14;12.71;81.1;82.52;16;B;91.52;95.02;85.34;Unggul
182;14;13.0;95.77;84.78;23;A;94.25;98.47;90.87;Unggul
795;34;23.38;64.9;62.19;8;B;71.27;80.71;67.79;Tidak Unggul
228;8;28.5;60.38;71.48;6;C;80.41;86.77;68.73;Tidak Unggul
608;44;13.82;80.21;87.81;16;A;100.0;89.14;85.76;Unggul
719;28;25.68;76.94;74.09;9;B;86.74;83.33;72.26;Tidak Unggul
687;27;25.44;57.86;79.36;12;B;91.21;85.49;59.96;Tidak Unggul
631;31;20.35;74.46;72.06;9;C;61.79;85.03;65.62;Tidak Unggul
579;46;12.59;85.45;83.97;17;A;74.07;91.11;77.86;Unggul
887;55;16.13;69.29;77.9;14;A;86.66;90.51;85.35;Unggul
434;21;20.67;76.31;83.47;16;B;78.08;86.04;77.84;Unggul
665;28;23.75;68.8;71.66;6;C;64.76;82.17;71.72;Tidak Unggul
248;8;31.0;47.08;65.8;9;C;46.57;85.43;69.01;Tidak Unggul
546;22;24.82;56.37;63.31;7;B;68.1;82.71;72.19;Tidak Unggul
638;41;15.56;72.82;78.53;20;A;84.28;98.8;85.71;Unggul
188;15;12.53;82.5;92.74;19;A;86.81;94.52;86.67;Unggul
420;20;21.0;79.21;68.89;11;B;71.11;83.66;70.48;Tidak Unggul
946;60;15.77;82.25;86.3;13;B;64.88;86.04;82.39;Unggul
306;15;20.4;63.33;67.98;10;B;63.5;87.62;74.3;Tidak Unggul
224;8;28.0;72.26;67.73;9;B;76.64;83.51;63.49;Tidak Unggul
949;74;12.82;88.03;95.0;16;A;87.76;88.04;90.77;Unggul
279;13;21.46;79.78;71.31;9;B;82.39;85.93;69.64;Tidak Unggul
836;43;19.44;79.95;77.71;14;A;73.38;92.81;83.85;Unggul
233;19;12.26;87.77;83.07;19;A;87.92;88.75;83.67;Unggul
171;10;17.1;100.0;75.3;15;A;74.76;90.73;93.35;Unggul
608;21;28.95;54.76;62.38;6;C;74.43;76.6;66.79;Tidak Unggul
688;22;31.27;54.64;62.49;2;C;46.23;76.74;59.12;Tidak Unggul
856;56;15.29;78.34;86.66;18;B;89.88;87.67;80.52;Unggul
998;40;24.95;68.19;75.68;9;C;66.86;79.33;61.54;Tidak Unggul
531;26;20.42;77.87;77.45;15;B;84.36;83.29;75.3;Tidak Unggul
897;42;21.36;77.24;90.17;15;B;67.94;92.17;81.54;Unggul
589;20;29.45;49.4;69.25;6;C;56.68;79.01;53.69;Tidak Unggul
753;25;30.12;58.95;72.22;4;B;64.27;85.39;67.89;Tidak Unggul
170;9;18.89;76.39;86.93;15;A;82.15;88.01;89.86;Unggul
452;30;15.07;65.97;88.82;14;A;83.32;91.5;77.39;Unggul
233;18;12.94;90.21;88.58;17;A;79.98;92.1;84.01;Unggul
923;34;27.15;54.58;69.24;7;C;57.6;79.92;60.28;Tidak Unggul
808;42;19.24;81.67;83.93;16;A;78.65;93.62;80.42;Unggul
602;29;20.76;51.59;86.89;13;B;72.69;85.41;79.99;Unggul
536;24;22.33;68.88;66.98;6;B;81.97;86.41;62.59;Tidak Unggul
656;22;29.82;56.89;61.84;3;C;72.91;79.21;59.17;Tidak Unggul
406;13;31.23;51.75;61.37;7;B;76.51;84.05;65.77;Tidak Unggul
719;39;18.44;77.2;85.91;19;B;89.66;91.22;80.79;Unggul
676;20;33.8;54.14;71.51;7;C;68.17;84.79;63.66;Tidak Unggul
311;21;14.81;91.87;81.49;17;A;83.1;91.19;88.62;Unggul
312;21;14.86;80.66;78.32;18;B;73.5;86.34;79.59;Unggul
981;42;23.36;53.04;77.38;7;B;76.44;85.38;61.58;Tidak Unggul
942;63;14.95;78.52;81.48;12;A;80.71;88.73;79.88;Unggul
941;54;17.43;58.94;81.65;13;B;87.7;89.58;77.73;Unggul
673;29;23.21;58.87;74.37;11;B;72.67;88.38;65.21;Tidak Unggul
935;49;19.08;80.8;81.48;14;A;77.23;91.91;81.31;Unggul
420;25;16.8;69.88;70.12;13;B;67.49;87.39;74.82;Unggul
641;39;16.44;87.08;83.0;14;A;84.35;89.51;83.7;Unggul
357;17;21.0;68.04;82.0;9;B;74.66;89.9;75.35;Tidak Unggul
688;30;22.93;77.99;77.88;14;B;79.44;88.23;73.79;Unggul
733;29;25.28;76.84;69.49;11;B;65.37;88.8;74.77;Tidak Unggul
209;8;26.12;58.46;66.6;8;B;64.85;79.21;65.74;Tidak Unggul
579;27;21.44;62.47;79.55;12;B;75.0;88.77;66.61;Tidak Unggul
806;30;26.87;59.13;70.97;7;C;54.96;79.13;60.17;Tidak Unggul
754;53;14.23;88.54;91.07;17;B;95.07;86.46;86.13;Unggul
458;32;14.31;75.66;85.32;14;B;78.72;90.22;82.05;Unggul
669;29;23.07;74.57;63.89;9;B;83.75;86.01;69.81;Tidak Unggul
740;39;18.97;78.04;81.75;13;B;83.83;91.03;73.74;Unggul
176;12;14.67;69.73;76.52;17;A;83.75;91.17;86.99;Unggul
835;42;19.88;59.23;77.95;10;B;73.83;89.36;73.53;Unggul
711;25;28.44;72.63;69.77;5;C;45.0;81.56;64.73;Tidak Unggul
348;18;19.33;67.23;75.15;13;B;78.84;88.1;67.96;Tidak Unggul
536;25;21.44;67.87;74.88;12;B;56.32;90.47;74.68;Tidak Unggul
498;23;21.65;74.46;68.48;7;B;64.47;85.34;66.53;Tidak Unggul
842;31;27.16;58.42;76.48;11;C;72.78;85.11;66.64;Tidak Unggul
685;31;22.1;65.17;74.12;11;B;69.29;84.6;65.86;Tidak Unggul
977;37;26.41;58.99;63.33;4;C;73.8;86.86;56.27;Tidak Unggul
527;34;15.5;72.96;82.49;14;A;78.1;85.67;78.17;Unggul
707;45;15.71;77.96;89.63;19;A;94.17;92.73;84.66;Unggul
676;34;19.88;69.86;79.22;12;B;72.41;85.39;67.96;Tidak Unggul
302;14;21.57;82.13;71.65;12;A;82.1;88.6;78.25;Tidak Unggul
883;33;26.76;62.23;65.67;7;C;62.08;84.02;59.84;Tidak Unggul
355;21;16.9;71.66;82.94;17;B;84.42;90.56;78.45;Unggul
604;25;24.16;78.04;66.06;12;B;81.75;87.63;71.27;Tidak Unggul
422;26;16.23;86.93;68.45;11;B;76.47;87.14;75.78;Unggul
385;17;22.65;75.82;68.87;12;C;80.98;88.24;64.61;Tidak Unggul
889;35;25.4;54.84;72.93;11;B;63.03;80.22;68.82;Tidak Unggul
670;39;17.18;73.67;84.01;18;B;95.75;89.58;88.55;Unggul
827;43;19.23;78.87;80.83;14;B;83.97;84.81;76.89;Unggul
980;30;32.67;60.83;60.65;5;C;58.61;78.98;61.47;Tidak Unggul
875;30;29.17;48.46;60.0;4;C;64.77;79.98;60.7;Tidak Unggul
650;29;22.41;73.89;82.24;13;B;79.05;84.85;75.81;Tidak Unggul
266;13;20.46;69.79;75.32;10;C;77.88;83.7;72.7;Tidak Unggul
535;37;14.46;90.51;75.58;16;A;64.37;93.51;83.01;Unggul
493;22;22.41;64.48;62.49;11;B;60.68;82.61;70.48;Tidak Unggul
733;24;30.54;73.54;60.92;5;C;61.23;80.88;64.96;Tidak Unggul
544;27;20.15;83.6;70.44;11;B;76.03;87.96;62.88;Unggul
213;15;14.2;76.86;77.44;20;A;89.74;87.0;78.9;Unggul
866;50;17.32;82.41;81.49;17;B;78.59;87.04;84.43;Unggul
870;52;16.73;82.47;88.69;18;A;93.37;95.27;81.32;Unggul
221;16;13.81;83.94;86.32;18;A;71.77;88.38;88.66;Unggul
938;65;14.43;82.65;80.27;15;B;72.02;86.77;78.79;Unggul
423;22;19.23;71.74;82.17;16;B;76.08;84.88;81.17;Unggul
469;30;15.63;72.88;84.82;19;A;100.0;92.7;72.31;Unggul
487;32;15.22;76.46;74.0;17;A;90.33;87.39;84.31;Unggul
515;22;23.41;77.43;73.4;9;C;66.06;82.13;68.33;Tidak Unggul
644;35;18.4;69.4;76.78;13;B;85.94;89.71;67.55;Unggul
756;54;14.0;87.07;93.83;19;A;82.29;93.98;94.51;Unggul
315;13;24.23;71.14;74.45;8;C;59.86;83.7;74.05;Tidak Unggul
693;44;15.75;61.85;74.9;12;B;78.57;89.16;65.57;Unggul
160;8;20.0;77.89;76.42;12;B;77.01;91.15;72.7;Tidak Unggul
450;25;18.0;94.36;82.98;18;A;86.57;89.92;75.63;Unggul
878;31;28.32;61.68;67.82;5;C;58.68;80.82;52.6;Tidak Unggul
950;34;27.94;50.71;78.35;10;C;72.62;83.01;67.52;Tidak Unggul
251;11;22.82;73.42;76.9;13;B;76.74;84.77;70.28;Tidak Unggul
574;23;24.96;71.2;68.45;8;C;77.12;83.34;61.89;Tidak Unggul
541;18;30.06;63.14;74.0;6;C;69.4;82.64;59.04;Tidak Unggul
928;38;24.42;70.23;78.53;9;B;63.93;87.31;68.8;Unggul
363;30;12.1;92.4;93.9;20;A;82.79;92.98;97.73;Unggul
840;40;21.0;67.8;70.19;11;A;85.61;91.68;78.6;Unggul
237;10;23.7;67.41;77.5;13;B;66.72;86.52;76.97;Tidak Unggul
702;34;20.65;66.61;72.49;10;C;79.32;89.18;66.61;Tidak Unggul
550;41;13.41;84.1;84.95;16;A;81.09;91.26;87.58;Unggul
737;31;23.77;53.79;64.28;9;B;69.05;83.1;69.34;Tidak Unggul
195;9;21.67;88.0;79.34;11;C;68.07;85.36;77.34;Tidak Unggul
821;55;14.93;66.33;88.36;20;A;92.13;98.48;84.54;Unggul
612;31;19.74;58.51;80.11;11;B;82.9;84.15;77.6;Unggul
741;51;14.53;81.58;75.98;13;A;75.56;92.48;85.11;Unggul
459;19;24.16;66.46;69.5;9;B;56.31;78.64;67.5;Tidak Unggul
235;18;13.06;82.57;88.46;20;A;79.22;90.45;84.66;Unggul
241;11;21.91;72.5;60.0;11;C;49.36;89.3;63.92;Tidak Unggul
809;30;26.97;66.67;71.04;8;C;56.01;83.56;63.67;Tidak Unggul
822;40;20.55;77.06;77.85;12;B;88.81;90.15;76.39;Unggul
863;34;25.38;66.99;69.76;10;B;52.13;83.67;50.85;Tidak Unggul
391;14;27.93;45.0;75.46;7;B;60.54;85.96;61.51;Tidak Unggul
151;11;13.73;81.8;89.75;19;B;86.43;93.43;86.55;Unggul
374;14;26.71;66.67;68.75;12;B;69.08;84.3;70.26;Tidak Unggul
950;60;15.83;90.94;70.07;13;B;70.77;90.0;85.08;Unggul
894;51;17.53;75.98;83.68;17;A;95.47;91.59;91.77;Unggul
738;47;15.7;81.51;88.75;15;A;90.19;90.58;86.45;Unggul
265;15;17.67;85.82;84.12;13;A;68.39;85.85;72.03;Unggul
815;29;28.1;62.27;60.0;4;C;56.86;76.27;58.55;Tidak Unggul
252;10;25.2;62.44;70.78;7;B;58.13;83.1;60.7;Tidak Unggul
343;16;21.44;83.04;80.58;12;A;80.98;87.97;66.35;Tidak Unggul
315;16;19.69;69.1;82.22;15;B;89.04;83.63;90.54;Tidak Unggul
239;13;18.38;88.56;77.87;11;B;80.47;86.97;70.9;Unggul
835;30;27.83;65.88;60.0;6;C;74.13;81.82;51.95;Tidak Unggul
271;18;15.06;72.3;83.96;19;A;87.08;91.51;78.49;Unggul
292;9;32.44;60.87;65.97;9;B;53.76;84.38;65.56;Tidak Unggul
255;13;19.62;58.2;73.2;13;B;71.44;81.82;82.2;Tidak Unggul
577;20;28.85;68.01;71.23;8;C;68.07;86.09;58.63;Tidak Unggul
454;20;22.7;78.47;76.31;13;B;75.03;88.56;78.22;Tidak Unggul
466;17;27.41;62.76;73.12;9;C;68.35;78.11;69.18;Tidak Unggul
784;46;17.04;86.51;84.8;12;B;75.27;78.99;77.18;Unggul
158;10;15.8;74.11;69.2;12;B;72.08;88.9;71.27;Tidak Unggul
923;49;18.84;99.85;89.11;15;B;90.13;87.45;85.13;Unggul
222;11;20.18;60.01;82.62;10;B;85.78;86.42;71.64;Tidak Unggul
508;40;12.7;83.08;71.48;16;A;76.15;92.33;79.9;Unggul
372;16;23.25;70.33;80.27;11;A;70.06;85.19;81.31;Tidak Unggul
565;27;20.93;68.15;86.8;11;B;82.06;89.75;76.64;Unggul
702;27;26.0;68.8;67.17;11;B;84.01;88.51;67.62;Tidak Unggul
519;23;22.57;73.02;68.21;10;C;80.26;87.1;76.49;Tidak Unggul
865;59;14.66;87.2;91.46;18;A;100.0;98.3;96.17;Unggul
413;16;25.81;69.29;71.39;8;C;73.95;79.81;66.58;Tidak Unggul
989;61;16.21;86.91;84.74;16;A;90.98;87.83;83.33;Unggul
839;40;20.98;81.71;72.83;12;B;81.55;80.83;79.94;Unggul
467;22;21.23;56.46;71.63;11;B;70.71;83.88;74.79;Tidak Unggul
233;8;29.12;47.19;60.0;5;C;61.18;81.72;62.13;Tidak Unggul
467;33;14.15;84.61;80.12;19;A;92.5;95.4;80.99;Unggul
260;14;18.57;65.32;74.77;13;B;77.47;86.4;69.6;Tidak Unggul
400;22;18.18;83.56;68.7;12;A;73.25;90.03;90.01;Unggul
532;32;16.62;66.65;77.46;13;B;81.34;89.37;73.7;Unggul
156;8;19.5;65.02;73.45;9;B;72.19;86.73;76.51;Tidak Unggul
608;22;27.64;61.84;65.92;8;C;69.48;84.43;59.96;Tidak Unggul
233;8;29.12;80.79;67.94;8;B;68.13;86.71;64.15;Tidak Unggul
357;27;13.22;98.1;77.76;17;B;86.98;87.77;80.82;Unggul
539;31;17.39;69.49;78.48;16;A;83.36;87.95;83.41;Unggul
463;26;17.81;65.03;85.88;18;A;76.27;93.65;86.3;Unggul
171;12;14.25;79.35;87.3;17;A;80.96;87.92;98.0;Unggul
559;32;17.47;79.35;86.84;19;B;70.14;90.26;73.17;Unggul
664;42;15.81;75.61;77.97;16;A;89.21;91.84;68.78;Unggul
276;8;34.5;60.36;69.11;5;C;61.53;85.65;58.53;Tidak Unggul
958;34;28.18;67.19;60.0;7;C;63.86;82.84;62.69;Tidak Unggul
849;61;13.92;78.99;84.81;17;A;84.52;93.18;86.52;Unggul
163;9;18.11;82.0;81.12;18;B;74.47;93.84;82.02;Unggul
161;8;20.12;78.42;79.11;11;B;73.49;88.64;69.8;Tidak Unggul
236;14;16.86;74.79;75.02;12;B;74.68;89.22;73.89;Unggul
673;28;24.04;78.56;74.64;10;B;60.67;92.99;69.9;Unggul
686;30;22.87;56.73;70.2;9;B;75.83;86.07;71.53;Tidak Unggul
450;13;34.62;67.24;76.1;8;B;70.13;83.12;71.8;Tidak Unggul
392;16;24.5;70.25;69.66;8;C;66.82;88.87;58.48;Tidak Unggul
271;10;27.1;57.23;74.17;5;C;70.58;79.45;64.39;Tidak Unggul
296;16;18.5;71.92;72.8;15;A;81.71;90.61;69.23;Unggul
716;39;18.36;80.87;85.6;13;A;86.32;91.75;73.4;Unggul
899;42;21.4;69.41;61.86;13;B;72.73;81.51;82.36;Tidak Unggul
505;24;21.04;71.67;74.82;14;B;76.81;86.7;70.61;Unggul
834;51;16.35;75.98;77.95;13;B;63.33;88.59;85.54;Unggul
882;50;17.64;76.47;83.22;18;A;76.64;89.08;87.84;Unggul
780;46;16.96;69.18;82.33;12;B;76.24;90.97;82.07;Unggul
458;18;25.44;63.38;81.42;7;B;59.45;80.81;59.81;Tidak Unggul
844;47;17.96;66.14;74.26;15;B;73.28;86.78;73.7;Unggul
437;29;15.07;77.18;78.54;15;B;89.8;91.8;77.53;Unggul
456;24;19.0;73.64;78.99;12;B;72.16;85.82;73.84;Unggul
961;43;22.35;71.47;69.25;9;B;55.26;84.18;62.42;Tidak Unggul
743;47;15.81;77.27;76.97;13;A;83.49;91.36;85.55;Unggul
872;30;29.07;57.73;62.46;5;C;45.0;81.68;61.73;Tidak Unggul
811;31;26.16;65.17;65.66;8;C;69.53;85.94;61.96;Tidak Unggul
698;31;22.52;83.87;70.46;12;A;73.63;95.84;77.48;Unggul
501;14;35.79;59.6;74.93;6;B;77.14;84.03;63.91;Tidak Unggul
461;34;13.56;87.44;87.43;19;A;74.59;92.63;85.67;Unggul
208;8;26.0;73.76;66.59;13;B;71.89;87.5;67.64;Tidak Unggul
792;28;28.29;62.31;79.34;7;B;59.48;83.35;66.64;Tidak Unggul
863;57;15.14;91.19;87.32;18;A;85.15;97.02;85.45;Unggul
904;54;16.74;57.05;75.85;13;B;92.58;88.44;65.13;Unggul
184;12;15.33;90.7;86.41;18;A;81.38;96.8;88.66;Unggul
594;36;16.5;73.12;81.96;18;A;75.45;91.23;81.68;Unggul
242;8;30.25;64.12;63.61;7;B;71.14;82.45;63.1;Tidak Unggul
356;24;14.83;88.85;81.08;17;A;81.7;91.38;88.19;Unggul
502;22;22.82;60.59;68.84;7;C;61.89;81.1;65.99;Tidak Unggul
481;18;26.72;72.04;69.63;13;B;68.74;87.48;69.73;Tidak Unggul
966;36;26.83;70.63;71.64;8;C;61.93;83.32;65.33;Tidak Unggul
874;51;17.14;91.47;85.75;14;A;87.82;90.18;76.04;Unggul
308;18;17.11;76.62;77.57;15;B;66.09;83.24;73.33;Unggul
173;8;21.62;72.12;63.1;10;B;72.55;83.12;70.26;Tidak Unggul
553;24;23.04;66.76;70.32;12;B;69.54;83.65;65.51;Tidak Unggul
954;53;18.0;72.88;73.47;13;B;77.58;88.47;72.37;Unggul
665;34;19.56;69.73;81.32;17;A;73.74;95.94;75.62;Unggul
881;38;23.18;58.81;71.09;9;B;60.66;81.72;68.8;Tidak Unggul
513;19;27.0;64.18;65.13;8;B;62.54;79.4;52.72;Tidak Unggul
531;19;27.95;69.62;64.67;9;B;59.9;80.94;67.88;Tidak Unggul
681;40;17.02;88.58;80.85;14;A;83.0;90.39;78.5;Unggul
301;13;23.15;65.61;67.99;8;C;77.78;86.48;67.53;Tidak Unggul
711;29;24.52;80.02;80.95;9;B;69.37;82.9;69.36;Tidak Unggul
838;34;24.65;52.95;69.3;6;C;60.74;82.38;66.39;Tidak Unggul
757;26;29.12;58.27;60.0;5;C;45.0;75.27;53.51;Tidak Unggul
766;30;25.53;66.29;70.38;10;B;71.95;81.09;67.27;Tidak Unggul
569;29;19.62;69.07;80.9;17;B;75.34;89.29;82.09;Tidak Unggul
399;24;16.62;67.94;83.68;18;B;81.12;94.19;78.53;Unggul
266;16;16.62;70.03;79.89;16;B;69.19;85.42;70.62;Unggul
661;25;26.44;60.7;74.59;9;B;62.59;81.87;65.58;Tidak Unggul
889;31;28.68;48.38;62.04;2;C;57.21;75.46;53.87;Tidak Unggul
727;44;16.52;85.1;83.48;15;B;84.29;87.13;75.78;Unggul
484;32;15.12;73.85;81.81;14;A;87.39;90.71;71.36;Unggul
567;42;13.5;79.78;88.63;21;A;88.83;93.08;89.83;Unggul
923;33;27.97;55.85;63.16;5;C;56.19;75.21;60.24;Tidak Unggul
444;27;16.44;67.82;77.0;13;B;84.28;82.84;77.84;Unggul
904;50;18.08;89.23;75.58;12;B;84.9;91.83;70.85;Unggul
520;24;21.67;64.81;66.19;8;C;78.71;79.33;70.33;Tidak Unggul
335;10;33.5;56.7;76.45;8;C;72.32;86.02;59.51;Tidak Unggul
395;17;23.24;87.63;78.65;15;B;95.62;89.94;84.68;Unggul
786;40;19.65;74.61;74.41;9;B;75.95;83.79;68.46;Unggul
417;24;17.38;77.23;78.02;16;B;69.68;91.16;72.01;Unggul
792;36;22.0;70.79;82.22;16;A;85.02;88.79;80.57;Unggul
386;16;24.12;77.04;73.83;12;B;75.24;87.42;71.86;Tidak Unggul
679;25;27.16;57.59;65.85;10;C;67.55;79.73;74.06;Tidak Unggul
701;38;18.45;77.56;72.94;12;B;69.68;87.19;74.56;Unggul
170;16;10.62;82.46;85.36;16;B;81.27;90.01;90.98;Unggul
886;66;13.42;86.96;78.27;16;A;63.99;88.87;79.18;Unggul
943;49;19.24;53.69;66.9;12;A;53.71;89.71;78.4;Unggul
669;32;20.91;68.02;76.84;15;B;77.77;94.81;73.82;Tidak Unggul
249;22;11.32;71.77;73.16;18;A;77.93;94.64;82.99;Unggul
901;47;19.17;66.46;76.78;14;B;72.74;91.98;74.71;Unggul
627;37;16.95;78.84;84.28;14;A;74.42;86.02;82.69;Unggul
748;57;13.12;85.37;81.83;20;A;78.25;96.84;95.31;Unggul
447;22;20.32;60.45;75.18;8;B;74.41;83.24;71.04;Tidak Unggul
675;39;17.31;65.53;86.06;13;B;73.62;86.54;77.73;Unggul
483;24;20.12;67.34;84.39;12;B;77.06;94.76;80.22;Unggul
151;8;18.88;77.51;73.33;12;B;79.44;80.01;76.68;Unggul
524;24;21.83;70.37;70.15;12;B;69.51;87.62;72.79;Tidak Unggul
442;30;14.73;87.28;83.38;15;A;89.94;92.42;85.57;Unggul
986;39;25.28;92.05;75.53;11;B;74.98;88.6;79.84;Unggul
702;25;28.08;63.83;73.78;8;C;71.8;85.05;63.77;Tidak Unggul
467;22;21.23;62.55;77.37;14;B;83.24;89.25;76.82;Tidak Unggul
651;43;15.14;85.27;89.11;24;A;93.15;95.37;87.07;Unggul
977;71;13.76;100.0;84.42;18;A;90.88;93.02;98.0;Unggul
530;38;13.95;93.1;89.22;21;A;90.91;93.31;85.71;Unggul
772;53;14.57;76.75;77.15;18;A;75.86;94.37;86.78;Unggul
163;8;20.38;72.28;74.63;11;B;79.43;86.12;87.02;Tidak Unggul
653;25;26.12;69.98;72.03;7;C;70.91;83.65;69.55;Tidak Unggul
380;20;19.0;85.15;89.51;16;B;75.92;94.1;82.34;Unggul
233;10;23.3;78.03;78.81;11;B;83.47;85.64;77.3;Tidak Unggul
279;12;23.25;64.83;71.23;10;B;67.26;88.73;69.93;Tidak Unggul
892;63;14.16;79.92;79.33;13;B;81.75;90.94;70.94;Unggul
987;41;24.07;60.11;63.5;6;C;53.58;77.15;57.39;Tidak Unggul
294;15;19.6;82.02;72.85;11;B;54.46;86.45;70.68;Tidak Unggul
177;8;22.12;55.42;62.52;11;B;78.42;82.16;70.48;Tidak Unggul
215;10;21.5;58.56;82.89;11;B;71.0;83.04;69.1;Tidak Unggul
312;23;13.57;73.86;92.74;16;A;89.59;87.77;81.84;Unggul
378;13;29.08;57.3;60.0;6;C;61.96;87.71;60.77;Tidak Unggul
410;12;34.17;45.38;60.0;6;C;50.84;76.94;53.29;Tidak Unggul
598;22;27.18;46.23;72.72;7;C;74.16;80.07;58.1;Tidak Unggul
573;31;18.48;84.27;74.66;13;B;76.91;89.64;79.04;Unggul
609;23;26.48;68.14;80.5;10;B;71.62;83.33;73.21;Unggul
825;56;14.73;79.08;86.59;14;A;81.86;88.91;81.52;Unggul
450;18;25.0;66.21;69.0;8;C;55.26;81.67;74.08;Tidak Unggul
452;30;15.07;94.68;88.24;15;B;88.53;90.09;80.7;Unggul
436;22;19.82;72.14;74.78;13;B;75.96;87.93;73.86;Unggul
544;21;25.9;62.84;68.71;5;C;71.63;79.93;62.42;Tidak Unggul
159;8;19.88;65.49;77.12;12;B;65.43;90.63;67.74;Tidak Unggul
856;41;20.88;78.34;80.8;14;A;62.52;86.9;70.67;Unggul
779;46;16.93;80.18;87.57;18;B;87.48;96.08;82.44;Unggul
419;10;41.9;76.47;80.38;6;C;74.41;82.06;56.3;Tidak Unggul
741;29;25.55;61.74;70.24;5;C;50.85;77.67;65.62;Tidak Unggul
754;28;26.93;75.56;78.46;10;C;57.4;82.53;70.59;Tidak Unggul
927;41;22.61;61.53;78.1;8;C;63.86;85.89;71.45;Tidak Unggul
993;39;25.46;56.11;70.92;7;B;50.51;78.41;70.82;Tidak Unggul
510;31;16.45;62.51;77.06;14;B;75.88;89.26;80.65;Unggul
406;20;20.3;81.05;83.24;14;B;79.4;89.18;71.14;Unggul
282;15;18.8;70.94;77.22;10;C;78.47;87.48;70.53;Tidak Unggul
425;21;20.24;80.51;71.87;12;B;81.47;90.2;77.26;Unggul
925;65;14.23;100.0;92.33;21;A;88.08;94.95;88.12;Unggul
832;60;13.87;73.34;73.96;15;A;92.49;87.9;77.52;Unggul
662;45;14.71;72.85;85.9;15;A;67.78;90.47;79.61;Unggul
462;16;28.88;51.68;61.62;5;C;49.78;79.57;60.25;Tidak Unggul
725;34;21.32;53.51;75.09;14;B;71.92;87.22;74.95;Tidak Unggul
433;21;20.62;65.64;64.78;8;B;62.08;82.07;66.04;Tidak Unggul
270;13;20.77;85.46;77.09;16;A;79.28;89.9;81.57;Tidak Unggul
256;12;21.33;71.39;72.18;14;B;76.22;91.97;65.37;Tidak Unggul
836;43;19.44;65.69;79.84;14;B;75.83;92.75;74.92;Unggul
353;15;23.53;61.67;66.64;7;B;60.96;85.54;65.01;Tidak Unggul
314;19;16.53;83.69;85.89;17;A;82.96;92.07;78.31;Unggul
454;15;30.27;73.24;72.81;11;C;73.44;83.99;67.35;Tidak Unggul
646;32;20.19;82.67;76.8;13;B;83.19;89.0;71.0;Unggul
781;35;22.31;72.81;78.65;16;B;83.77;90.02;83.57;Unggul
705;30;23.5;62.09;72.55;7;C;66.92;79.37;72.18;Tidak Unggul
973;32;30.41;65.59;60.0;4;C;62.74;78.61;68.38;Tidak Unggul
305;11;27.73;59.66;71.74;6;B;74.53;78.62;60.54;Tidak Unggul
516;37;13.95;90.55;81.76;18;A;79.31;95.01;90.21;Unggul
868;38;22.84;69.03;64.12;12;B;85.48;90.11;72.89;Tidak Unggul
769;28;27.46;72.23;63.9;5;B;61.62;78.54;50.82;Tidak Unggul
400;20;20.0;71.83;68.92;12;B;71.62;83.58;67.46;Tidak Unggul
483;32;15.09;62.2;77.96;15;A;75.79;91.97;84.35;Unggul
791;30;26.37;74.79;76.07;10;B;80.61;87.67;72.4;Tidak Unggul
660;23;28.7;69.0;75.82;12;B;74.74;89.02;65.06;Tidak Unggul
442;26;17.0;82.93;87.68;16;A;70.27;87.89;80.1;Unggul
169;8;21.12;90.35;82.62;10;B;76.42;86.58;70.83;Unggul
431;27;15.96;78.86;77.58;15;A;77.39;91.72;82.41;Unggul
946;70;13.51;72.15;91.7;18;A;84.96;94.9;93.96;Unggul
150;9;16.67;84.76;71.58;13;B;64.22;90.99;74.4;Tidak Unggul
268;20;13.4;71.35;91.76;19;A;89.46;93.38;97.3;Unggul
184;8;23.0;63.1;76.11;11;B;71.93;85.9;65.17;Tidak Unggul
347;24;14.46;82.35;84.46;16;B;86.49;90.95;87.05;Unggul
634;34;18.65;62.9;69.64;9;B;68.14;81.44;76.13;Unggul
906;63;14.38;84.64;92.11;20;A;85.53;90.97;81.03;Unggul
208;14;14.86;84.26;81.24;18;A;72.89;92.2;89.49;Unggul
986;72;13.69;96.64;85.37;17;A;94.57;94.77;80.21;Unggul
310;12;25.83;49.3;73.28;9;C;55.66;78.72;79.08;Tidak Unggul
840;53;15.85;80.8;73.59;17;B;85.44;92.64;88.76;Unggul
355;12;29.58;55.21;68.8;7;C;61.42;83.64;66.52;Tidak Unggul
161;8;20.12;67.95;70.49;15;B;78.54;85.61;74.07;Tidak Unggul
639;49;13.04;92.83;95.0;22;A;91.38;99.0;87.57;Unggul
425;12;35.42;64.88;80.11;8;C;53.36;81.71;57.93;Tidak Unggul
842;58;14.52;86.67;81.47;19;A;90.93;93.6;93.65;Unggul
391;22;17.77;68.51;78.9;15;B;80.25;89.64;81.44;Unggul
365;29;12.59;95.84;87.91;19;A;87.22;88.64;95.36;Unggul
400;19;21.05;68.91;68.43;17;B;79.54;86.81;84.31;Tidak Unggul
960;47;20.43;84.56;85.0;14;B;84.3;85.13;74.55;Unggul
275;12;22.92;68.41;75.29;11;B;72.35;89.55;74.31;Tidak Unggul
366;24;15.25;88.89;80.51;15;A;85.83;89.61;81.53;Unggul
455;17;26.76;70.71;77.37;10;B;72.87;86.57;66.99;Tidak Unggul
946;55;17.2;67.61;83.22;16;A;79.81;86.51;82.66;Unggul
334;15;22.27;63.83;72.16;9;B;62.98;88.1;67.48;Tidak Unggul
188;12;15.67;97.74;89.51;17;A;78.54;95.12;89.91;Unggul
372;25;14.88;88.42;82.84;16;A;88.15;91.73;83.58;Unggul
333;18;18.5;78.51;77.97;17;B;79.54;90.43;88.19;Unggul
644;42;15.33;93.67;90.71;18;A;75.53;95.02;88.56;Unggul
576;26;22.15;68.02;67.69;9;C;66.23;81.99;70.33;Tidak Unggul
327;13;25.15;78.45;67.59;11;B;74.03;81.73;66.95;Tidak Unggul
577;39;14.79;80.9;84.38;19;A;93.14;90.96;86.28;Unggul
443;19;23.32;71.03;70.16;14;B;52.11;91.83;76.1;Tidak Unggul
300;10;30.0;71.84;70.34;6;B;65.69;80.71;57.08;Tidak Unggul
533;21;25.38;66.69;74.47;7;B;69.71;85.01;63.4;Tidak Unggul
787;48;16.4;85.39;90.64;16;A;86.96;89.03;78.65;Unggul
962;48;20.04;67.9;81.54;11;B;75.83;81.85;84.02;Unggul
457;21;21.76;76.21;76.83;9;B;80.7;85.27;72.56;Unggul
485;21;23.1;74.13;67.82;9;B;77.32;81.2;68.46;Tidak Unggul
895;49;18.27;85.25;81.68;13;B;75.4;87.11;78.02;Unggul
524;35;14.97;66.46;78.92;14;B;75.93;92.01;86.35;Unggul
157;11;14.27;68.48;86.02;15;A;82.43;86.99;77.14;Unggul
490;18;27.22;52.27;65.11;3;C;62.34;78.42;64.71;Tidak Unggul
278;11;25.27;69.08;80.18;13;B;72.77;88.15;81.33;Tidak Unggul
925;59;15.68;66.82;80.79;22;A;80.5;88.19;79.77;Unggul
818;37;22.11;73.45;68.85;11;B;81.74;85.13;65.58;Tidak Unggul
501;24;20.88;65.57;73.46;8;B;82.74;84.8;69.37;Tidak Unggul
507;26;19.5;84.38;75.81;15;A;82.23;87.51;81.34;Unggul
666;29;22.97;86.67;80.39;9;B;78.53;85.03;73.98;Unggul
644;24;26.83;55.88;60.0;6;B;67.93;82.24;62.54;Tidak Unggul
235;11;21.36;67.17;68.26;11;B;73.29;81.69;70.53;Tidak Unggul
324;8;40.5;69.83;70.55;11;C;68.21;81.75;64.98;Tidak Unggul
951;61;15.59;79.42;79.3;14;B;82.75;87.8;82.32;Unggul
342;25;13.68;86.91;79.44;17;A;96.28;94.93;84.21;Unggul
460;27;17.04;88.8;80.35;17;A;82.49;93.49;78.14;Unggul
268;18;14.89;75.29;81.3;16;A;86.26;89.49;83.19;Unggul
367;22;16.68;72.93;89.31;17;A;82.76;91.11;86.81;Unggul
576;38;15.16;74.66;76.34;18;A;92.58;94.67;87.31;Unggul
563;22;25.59;66.38;73.16;8;C;71.07;84.96;67.97;Tidak Unggul
263;16;16.44;74.02;87.67;15;A;72.68;88.75;78.23;Unggul
294;10;29.4;73.27;79.05;7;B;73.12;84.56;72.57;Tidak Unggul
687;50;13.74;93.42;84.28;17;A;92.93;91.02;87.59;Unggul
797;28;28.46;70.13;62.26;3;C;46.17;82.22;60.38;Tidak Unggul
452;23;19.65;67.68;75.29;10;B;60.93;92.66;83.14;Unggul
893;66;13.53;79.05;81.46;18;A;89.98;93.15;84.79;Unggul
737;29;25.41;55.95;72.16;11;B;74.94;87.24;66.16;Tidak Unggul
989;46;21.5;70.06;74.42;12;B;64.06;79.82;59.56;Tidak Unggul
494;18;27.44;67.14;68.4;5;C;62.79;75.38;63.25;Tidak Unggul
963;46;20.93;68.49;81.58;12;B;75.02;88.5;83.58;Unggul
950;46;20.65;66.31;79.97;14;B;63.84;88.8;87.56;Unggul
150;8;18.75;86.91;74.53;10;B;74.7;84.48;70.3;Tidak Unggul
296;16;18.5;74.13;86.2;15;B;74.11;92.08;77.97;Unggul
436;29;15.03;79.8;80.84;15;B;87.48;90.34;71.4;Unggul
803;29;27.69;62.93;74.82;8;B;63.62;85.33;64.34;Tidak Unggul
202;14;14.43;71.24;75.27;18;B;87.04;92.21;78.74;Unggul
453;21;21.57;77.4;76.48;10;B;80.87;88.06;77.76;Tidak Unggul
218;18;12.11;72.29;95.0;18;A;85.62;93.69;89.82;Unggul
510;23;22.17;84.73;73.96;14;A;76.48;88.61;77.86;Unggul
751;27;27.81;62.75;73.65;5;B;71.08;80.02;57.56;Tidak Unggul
369;25;14.76;78.74;86.18;18;B;87.64;89.91;76.35;Unggul
853;41;20.8;67.45;77.94;9;C;70.07;86.77;64.26;Tidak Unggul
724;36;20.11;73.52;77.26;13;B;82.92;82.85;66.07;Unggul
734;24;30.58;59.39;66.45;11;B;63.66;86.06;69.28;Tidak Unggul
310;15;20.67;70.72;66.93;11;B;68.7;82.42;63.58;Tidak Unggul
830;44;18.86;72.03;83.68;14;B;73.98;89.42;83.9;Unggul
238;8;29.75;45.0;65.59;7;B;65.19;79.47;75.72;Tidak Unggul
837;33;25.36;77.3;68.93;11;B;65.54;88.64;71.77;Unggul
930;60;15.5;96.11;77.02;16;B;89.23;92.78;80.24;Unggul
734;49;14.98;80.6;73.59;13;B;73.34;89.77;78.13;Unggul
906;45;20.13;68.15;82.41;12;C;73.35;89.61;63.26;Unggul
738;44;16.77;79.45;88.3;17;B;85.32;90.12;79.7;Unggul
308;17;18.12;72.91;73.78;14;B;81.74;87.91;75.25;Tidak Unggul
638;24;26.58;55.3;67.29;6;B;61.99;75.62;58.57;Tidak Unggul
473;29;16.31;85.35;79.21;19;A;86.96;89.45;96.04;Unggul
759;32;23.72;54.16;67.51;11;B;71.9;90.18;71.56;Unggul
530;30;17.67;60.51;79.3;17;A;85.3;90.76;79.11;Unggul
251;10;25.1;67.2;68.12;9;C;74.32;80.99;59.69;Tidak Unggul
643;27;23.81;65.35;73.46;7;C;65.53;81.47;73.95;Tidak Unggul
793;65;12.2;78.99;91.85;20;A;80.64;96.44;86.75;Unggul
763;37;20.62;64.8;74.54;10;B;79.65;85.97;82.79;Tidak Unggul
168;11;15.27;71.94;82.49;15;A;80.32;85.54;79.9;Unggul
603;19;31.74;54.63;60.0;6;C;69.04;79.6;66.18;Tidak Unggul
631;17;37.12;78.3;78.86;7;B;72.31;85.65;68.3;Tidak Unggul
743;38;19.55;61.72;66.41;10;C;81.56;85.37;70.69;Tidak Unggul
546;24;22.75;78.89;73.76;13;B;88.16;85.56;75.48;Tidak Unggul
428;18;23.78;73.0;69.1;8;B;67.17;85.01;76.23;Tidak Unggul
1000;40;25.0;68.18;66.7;13;B;70.3;81.54;72.5;Tidak Unggul
514;28;18.36;84.35;82.24;13;B;89.07;91.9;82.92;Unggul
480;30;16.0;82.4;89.63;13;A;81.55;91.4;81.36;Unggul
790;42;18.81;63.78;67.99;14;B;72.22;90.72;74.48;Tidak Unggul
493;36;13.69;81.26;75.34;18;A;86.52;91.43;91.31;Unggul
971;41;23.68;69.62;66.84;7;B;62.52;79.2;68.74;Tidak Unggul
604;42;14.38;80.65;85.17;18;A;71.9;89.19;89.26;Unggul
750;32;23.44;76.12;78.82;11;B;77.82;83.35;66.57;Unggul
874;56;15.61;90.42;80.5;15;B;77.54;87.83;80.76;Unggul
804;48;16.75;76.72;70.33;13;B;67.17;90.85;79.07;Unggul
214;9;23.78;60.09;76.37;7;C;72.83;81.64;59.2;Tidak Unggul
225;8;28.12;59.19;65.38;11;B;54.31;82.38;69.51;Tidak Unggul
860;34;25.29;58.47;70.26;7;C;70.96;79.47;56.1;Tidak Unggul
292;17;17.18;80.23;79.27;18;A;91.51;92.24;82.38;Unggul
977;60;16.28;91.98;85.14;18;A;91.22;95.45;89.46;Unggul
754;24;31.42;51.9;65.06;6;C;47.29;83.46;50.0;Tidak Unggul
622;30;20.73;66.62;68.14;10;C;54.52;87.38;72.57;Tidak Unggul
566;37;15.3;85.78;83.76;14;B;75.87;90.71;75.59;Unggul
454;17;26.71;67.43;72.26;11;B;51.05;84.86;73.43;Tidak Unggul
885;36;24.58;62.63;68.66;9;B;48.44;87.38;64.74;Tidak Unggul
646;25;25.84;70.92;76.7;9;C;71.56;79.78;65.41;Tidak Unggul
440;16;27.5;75.03;72.38;11;B;82.77;83.48;65.43;Tidak Unggul
251;9;27.89;59.08;67.46;8;C;60.04;76.44;55.34;Tidak Unggul
416;31;13.42;94.89;86.97;16;A;84.14;95.19;72.25;Unggul
771;54;14.28;80.83;84.48;14;B;76.8;94.77;75.39;Unggul
991;44;22.52;78.59;77.05;13;B;80.17;82.64;64.52;Unggul
926;45;20.58;84.61;79.38;9;B;57.8;81.08;67.07;Unggul
152;8;19.0;70.91;74.07;13;B;79.26;87.25;80.92;Tidak Unggul
234;12;19.5;74.84;81.95;13;A;95.8;92.02;89.19;Unggul
943;48;19.65;80.99;76.13;14;A;77.59;85.66;81.96;Unggul
477;21;22.71;71.03;76.55;10;B;71.48;84.64;77.79;Tidak Unggul
965;74;13.04;71.09;77.4;14;B;92.9;92.0;88.76;Unggul
599;36;16.64;75.28;72.35;15;A;95.32;90.61;85.88;Unggul
603;30;20.1;57.5;77.05;8;B;82.02;84.81;79.21;Tidak Unggul
778;34;22.88;71.24;86.9;12;B;71.74;86.38;73.47;Unggul
370;24;15.42;79.06;85.59;16;A;86.48;90.47;82.45;Unggul
303;8;37.88;67.2;69.15;9;C;70.99;82.23;52.24;Tidak Unggul
814;34;23.94;72.58;69.78;6;C;59.88;84.68;57.08;Tidak Unggul
161;9;17.89;72.06;76.9;14;B;69.23;86.47;80.12;Unggul
282;22;12.82;100.0;84.69;20;A;89.82;92.52;80.9;Unggul
453;20;22.65;62.6;74.41;14;A;64.45;84.48;72.8;Tidak Unggul
442;20;22.1;54.43;67.26;8;B;56.98;84.68;75.34;Tidak Unggul
449;18;24.94;58.81;64.72;13;B;65.47;82.04;69.87;Tidak Unggul
889;56;15.88;70.28;82.71;15;A;75.0;87.24;84.34;Unggul
932;43;21.67;78.06;74.2;11;B;65.66;85.3;72.03;Unggul
192;12;16.0;97.14;90.65;19;A;87.39;86.42;91.14;Unggul
492;22;22.36;82.41;76.6;9;B;72.08;75.0;73.2;Tidak Unggul
475;23;20.65;53.92;63.04;9;B;59.2;86.28;73.72;Tidak Unggul
963;56;17.2;85.4;89.4;14;B;83.68;91.45;84.55;Unggul
647;33;19.61;92.15;79.37;17;B;83.55;87.79;79.6;Unggul
513;34;15.09;89.11;81.09;15;B;75.27;90.86;96.33;Unggul
576;30;19.2;74.06;72.91;15;A;81.41;94.76;80.08;Unggul
170;8;21.25;76.64;79.57;14;A;79.19;87.84;75.79;Unggul
556;30;18.53;68.62;81.04;15;B;81.0;92.56;73.96;Unggul
768;25;30.72;68.91;76.92;5;C;70.74;79.88;63.63;Tidak Unggul
485;22;22.05;58.16;78.15;13;B;77.69;86.0;72.21;Tidak Unggul
964;50;19.28;80.8;75.74;14;B;77.41;89.71;76.13;Unggul
266;20;13.3;77.86;75.97;16;A;78.86;91.01;92.57;Unggul
273;13;21.0;77.97;75.17;11;B;72.99;87.22;78.25;Tidak Unggul
548;21;26.1;62.12;74.54;8;B;66.62;82.03;69.52;Tidak Unggul
942;57;16.53;71.08;75.18;12;A;85.92;85.14;66.03;Unggul
953;32;29.78;72.24;64.26;7;B;47.11;83.41;64.28;Tidak Unggul
864;48;18.0;91.24;82.07;15;A;81.92;93.8;83.92;Unggul
200;12;16.67;77.26;83.67;18;B;85.51;96.35;81.67;Unggul
932;62;15.03;81.61;79.81;14;B;84.48;96.61;77.61;Unggul
473;19;24.89;53.1;63.69;7;C;51.38;80.06;62.35;Tidak Unggul
938;47;19.96;65.66;74.02;9;C;77.89;83.67;70.46;Unggul
290;12;24.17;65.53;80.2;11;B;72.59;88.1;70.02;Tidak Unggul
619;32;19.34;59.49;76.22;10;B;68.69;89.5;69.7;Unggul
936;50;18.72;89.21;72.95;17;A;86.12;94.36;87.61;Unggul
951;30;31.7;59.28;72.52;6;C;61.34;81.64;56.75;Tidak Unggul
483;27;17.89;77.44;87.21;15;A;84.31;89.27;77.57;Unggul
522;34;15.35;83.41;86.62;16;A;81.96;90.56;86.16;Unggul
713;29;24.59;81.52;77.68;11;B;71.67;88.18;70.95;Tidak Unggul
643;32;20.09;78.51;77.15;11;B;71.81;87.05;76.64;Unggul
688;29;23.72;74.27;75.79;12;C;85.64;85.12;78.9;Tidak Unggul
818;30;27.27;53.26;60.08;5;C;59.83;81.19;53.66;Tidak Unggul
900;55;16.36;76.4;80.89;14;B;82.53;88.74;79.37;Unggul
305;8;38.12;50.07;65.85;5;C;66.03;82.21;50.0;Tidak Unggul
440;20;22.0;73.33;79.31;15;B;75.85;86.05;79.19;Unggul
797;55;14.49;83.76;75.57;14;B;88.69;84.48;79.66;Unggul
293;12;24.42;81.89;81.52;12;B;60.64;83.18;74.7;Tidak Unggul
255;14;18.21;66.06;72.16;9;C;75.09;84.15;72.53;Tidak Unggul
569;34;16.74;83.71;79.4;14;B;87.8;87.6;74.05;Unggul
819;35;23.4;68.97;66.63;10;C;68.85;82.5;60.56;Tidak Unggul
807;51;15.82;81.23;79.54;16;A;71.27;89.91;80.76;Unggul
151;8;18.88;77.1;78.48;15;B;74.82;82.97;73.76;Tidak Unggul
738;25;29.52;75.65;68.17;9;B;66.44;78.96;59.24;Tidak Unggul
793;53;14.96;88.26;83.9;16;B;84.27;92.15;75.83;Unggul
239;9;26.56;61.67;67.13;9;C;68.87;85.69;78.7;Tidak Unggul
494;21;23.52;64.12;61.99;8;B;74.07;84.4;68.27;Tidak Unggul
499;19;26.26;67.65;78.22;9;B;64.13;81.43;57.82;Tidak Unggul
608;30;20.27;69.49;86.67;14;B;87.97;94.12;82.52;Unggul
412;15;27.47;79.83;68.87;9;B;69.66;80.82;64.07;Tidak Unggul
500;25;20.0;75.47;78.64;11;B;69.75;87.41;71.32;Tidak Unggul
257;10;25.7;67.0;72.27;12;B;87.42;79.4;71.99;Tidak Unggul
735;27;27.22;54.84;68.52;5;C;52.99;81.24;52.58;Tidak Unggul
188;12;15.67;77.08;78.7;15;B;82.33;89.9;87.98;Unggul
308;14;22.0;74.87;67.49;8;B;73.07;81.28;67.43;Tidak Unggul
732;35;20.91;74.34;72.3;8;B;56.97;85.89;56.21;Tidak Unggul
461;20;23.05;62.89;74.47;12;B;70.93;81.13;71.12;Tidak Unggul
390;16;24.38;84.11;72.4;13;B;69.1;84.41;80.53;Tidak Unggul
594;25;23.76;71.37;71.05;13;B;94.24;90.92;82.41;Tidak Unggul
447;15;29.8;53.44;72.14;4;C;58.3;80.92;53.84;Tidak Unggul
185;13;14.23;90.68;85.17;18;A;81.55;93.21;92.03;Unggul
233;13;17.92;67.4;77.32;13;A;81.66;89.72;76.55;Unggul
601;30;20.03;65.61;85.39;12;B;79.22;87.84;79.73;Unggul
924;51;18.12;63.4;86.03;11;B;78.89;88.16;65.49;Unggul
971;70;13.87;77.06;86.31;16;A;78.86;92.08;82.64;Unggul
534;36;14.83;82.0;83.2;14;A;90.08;85.94;72.51;Unggul
321;18;17.83;63.8;71.64;13;B;78.76;83.38;66.43;Tidak Unggul
525;19;27.63;66.84;72.77;7;B;58.82;85.93;59.17;Tidak Unggul
834;37;22.54;80.8;81.53;12;B;76.65;83.56;76.07;Unggul
511;21;24.33;80.06;68.02;11;C;74.78;87.17;63.0;Tidak Unggul
708;38;18.63;77.28;80.3;17;A;87.42;88.85;83.48;Unggul
290;16;18.12;77.09;88.43;16;A;72.87;89.06;85.85;Unggul
267;13;20.54;85.24;71.78;11;C;54.67;88.89;75.96;Tidak Unggul
426;16;26.62;73.97;75.63;6;B;52.95;80.14;72.58;Tidak Unggul
875;54;16.2;79.19;83.2;18;B;85.39;90.73;87.38;Unggul
369;28;13.18;98.16;89.05;21;A;94.94;98.95;85.94;Unggul
175;12;14.58;89.58;92.96;21;A;69.07;96.58;92.98;Unggul
670;29;23.1;72.86;86.45;11;B;76.52;89.09;78.82;Unggul
932;41;22.73;90.81;78.05;10;B;66.38;83.71;67.67;Unggul
159;8;19.88;85.84;80.67;14;A;69.41;86.8;84.64;Unggul
527;32;16.47;91.26;85.26;14;B;73.0;90.54;75.03;Unggul
782;31;25.23;55.34;75.75;9;B;65.05;82.54;64.79;Tidak Unggul
786;31;25.35;82.58;75.23;9;C;68.59;84.63;74.88;Tidak Unggul
831;45;18.47;79.41;84.42;16;A;64.95;87.49;80.38;Unggul
733;36;20.36;77.81;84.84;15;A;92.84;88.32;79.77;Unggul
301;8;37.62;62.3;60.0;5;C;64.71;75.0;64.23;Tidak Unggul
869;47;18.49;83.8;76.53;15;A;83.04;91.07;84.36;Unggul
198;8;24.75;79.92;76.38;13;B;59.23;87.74;62.11;Tidak Unggul
303;13;23.31;77.8;70.73;12;B;65.48;88.84;64.6;Tidak Unggul
442;14;31.57;54.03;65.59;3;C;59.09;75.85;58.31;Tidak Unggul
729;28;26.04;58.83;72.46;9;C;74.0;86.09;66.16;Tidak Unggul
199;10;19.9;73.57;73.17;12;B;85.46;88.12;72.74;Tidak Unggul
813;36;22.58;71.45;78.22;12;B;92.99;89.62;83.48;Unggul
680;37;18.38;78.4;70.64;15;A;80.84;84.26;85.07;Unggul
761;54;14.09;97.51;85.65;18;A;84.05;98.95;76.61;Unggul
209;11;19.0;72.78;67.38;10;B;78.7;85.74;78.19;Tidak Unggul
316;14;22.57;89.74;71.3;11;B;61.89;85.59;64.77;Tidak Unggul
351;27;13.0;96.5;90.72;21;A;90.35;90.89;86.8;Unggul
295;19;15.53;75.22;76.39;15;B;96.75;86.67;71.72;Tidak Unggul
825;52;15.87;71.45;76.41;18;A;85.83;95.26;94.28;Unggul
588;21;28.0;78.75;64.55;4;C;54.99;79.37;61.05;Tidak Unggul
391;15;26.07;62.66;65.79;9;B;54.66;87.95;72.58;Tidak Unggul
730;28;26.07;77.34;73.94;9;B;72.36;84.78;72.59;Tidak Unggul
836;36;23.22;58.86;68.18;7;B;53.0;85.22;62.79;Tidak Unggul
710;27;26.3;81.69;74.0;10;B;61.27;84.48;66.19;Tidak Unggul
632;28;22.57;77.92;80.77;12;B;61.74;77.75;64.22;Tidak Unggul
257;14;18.36;61.83;72.53;11;B;80.26;84.7;70.22;Tidak Unggul
375;19;19.74;63.59;81.82;16;B;80.02;92.69;82.45;Tidak Unggul
822;51;16.12;75.31;75.42;14;A;86.32;88.1;64.48;Unggul
780;30;26.0;69.55;75.51;6;B;68.21;81.91;70.52;Tidak Unggul
810;43;18.84;76.15;74.83;10;B;67.72;86.4;71.76;Unggul
811;43;18.86;64.07;76.83;9;B;76.55;89.67;69.79;Unggul
581;26;22.35;70.18;82.06;13;B;82.21;91.63;71.58;Tidak Unggul
954;50;19.08;63.37;71.07;17;A;90.09;85.7;74.6;Unggul
804;48;16.75;70.41;81.8;12;A;69.47;88.27;75.69;Unggul
568;27;21.04;60.87;79.04;13;B;75.67;88.23;74.76;Unggul
604;44;13.73;80.75;83.79;19;A;79.87;90.88;78.62;Unggul
309;13;23.77;75.96;83.11;12;B;76.85;85.05;86.3;Tidak Unggul
672;28;24.0;70.36;77.21;9;B;47.37;81.71;63.8;Tidak Unggul
799;37;21.59;71.13;78.27;14;B;70.43;86.38;84.21;Unggul
739;32;23.09;71.8;63.35;11;B;64.8;80.91;68.47;Tidak Unggul
226;13;17.38;91.77;81.67;18;B;81.93;90.25;84.64;Unggul
658;31;21.23;75.82;75.44;14;B;88.24;91.94;78.59;Tidak Unggul
590;24;24.58;53.94;60.0;11;C;51.02;80.83;62.75;Tidak Unggul
403;14;28.79;63.65;66.8;3;C;64.38;84.12;58.12;Tidak Unggul
919;35;26.26;71.83;76.11;6;B;66.47;86.01;61.26;Tidak Unggul
469;16;29.31;51.44;63.14;8;C;60.5;78.09;62.77;Tidak Unggul
952;62;15.35;72.37;81.6;14;A;77.62;88.99;72.64;Unggul
412;17;24.24;55.01;81.41;11;B;78.0;89.95;71.26;Tidak Unggul
746;24;31.08;57.16;67.57;5;C;59.87;78.88;57.51;Tidak Unggul
807;44;18.34;67.37;74.75;15;B;69.31;88.87;79.61;Unggul
984;69;14.26;68.29;71.24;18;A;81.06;93.89;71.61;Unggul
703;30;23.43;62.38;74.31;7;C;67.08;81.76;71.93;Tidak Unggul
523;33;15.85;79.14;83.43;14;A;72.96;90.18;75.87;Unggul
786;52;15.12;80.89;88.55;15;A;65.3;88.31;87.51;Unggul
316;11;28.73;54.5;60.0;4;C;62.59;75.63;50.0;Tidak Unggul
902;39;23.13;87.46;88.6;12;B;70.96;92.96;73.94;Unggul
608;37;16.43;80.76;76.69;15;A;59.91;91.12;77.74;Unggul
429;16;26.81;74.93;79.24;12;B;71.93;87.66;71.18;Tidak Unggul
849;32;26.53;74.64;60.0;6;C;59.3;81.84;62.9;Tidak Unggul
451;20;22.55;81.46;72.98;15;B;64.3;87.91;85.83;Tidak Unggul
680;41;16.59;78.03;79.45;19;B;77.15;89.4;79.43;Unggul
729;31;23.52;58.02;71.17;13;B;82.11;92.43;77.44;Tidak Unggul
367;17;21.59;69.93;72.2;13;B;61.86;83.35;71.79;Tidak Unggul
251;13;19.31;92.22;90.56;19;A;78.39;87.57;84.13;Unggul
703;29;24.24;77.28;71.86;9;B;74.16;83.53;62.6;Tidak Unggul
437;19;23.0;70.2;87.16;13;B;62.45;88.51;75.72;Tidak Unggul
316;17;18.59;79.92;87.72;14;A;97.36;91.65;77.61;Unggul
770;34;22.65;73.81;66.21;14;B;81.2;84.69;65.28;Tidak Unggul
185;8;23.12;64.85;72.11;11;B;84.73;84.57;70.34;Tidak Unggul
893;35;25.51;58.85;66.71;6;B;63.83;80.91;64.39;Tidak Unggul
890;40;22.25;69.87;73.32;15;B;88.95;89.01;74.98;Unggul
502;27;18.59;79.62;84.65;15;B;78.49;87.23;79.34;Unggul
825;40;20.62;66.06;81.92;15;B;73.91;93.03;84.96;Unggul
222;13;17.08;84.46;87.12;12;B;65.44;86.34;69.61;Unggul
797;41;19.44;74.64;75.46;13;B;78.46;87.27;80.31;Unggul
502;23;21.83;64.91;79.19;14;B;70.01;89.76;71.66;Unggul
219;13;16.85;87.64;79.79;14;B;75.82;92.16;83.16;Unggul
574;23;24.96;78.25;69.0;11;B;68.31;87.19;66.69;Tidak Unggul
857;64;13.39;100.0;86.0;15;B;96.0;93.68;89.66;Unggul
930;42;22.14;79.51;83.84;8;B;80.22;84.26;69.3;Unggul
710;29;24.48;63.0;78.93;11;B;77.83;89.15;71.22;Tidak Unggul
977;39;25.05;65.04;73.08;8;B;63.71;81.08;69.22;Tidak Unggul
791;38;20.82;94.48;77.11;12;B;76.57;84.6;78.29;Unggul
666;27;24.67;62.16;76.95;9;C;81.22;84.76;72.62;Tidak Unggul
577;32;18.03;72.32;89.88;15;A;88.87;93.28;91.11;Unggul
688;56;12.29;75.37;76.5;13;B;59.18;90.73;81.55;Unggul
309;17;18.18;63.6;75.58;13;B;92.73;87.95;80.7;Unggul
298;26;11.46;79.09;83.54;16;A;86.18;90.52;78.97;Unggul
925;30;30.83;56.17;64.0;5;C;62.43;83.14;60.97;Tidak Unggul
379;23;16.48;79.02;81.55;12;A;76.46;91.55;74.58;Unggul
861;33;26.09;58.88;72.23;14;B;70.99;82.99;66.37;Tidak Unggul
711;30;23.7;69.64;75.25;10;B;68.15;87.68;73.22;Unggul
216;11;19.64;66.44;78.46;11;B;62.08;88.18;75.24;Tidak Unggul
961;38;25.29;68.58;68.0;6;C;54.89;84.75;54.22;Tidak Unggul
530;39;13.59;92.73;80.69;22;A;100.0;92.33;96.28;Unggul
207;9;23.0;73.08;69.0;8;C;61.12;84.04;71.94;Tidak Unggul
408;30;13.6;86.0;83.73;15;B;89.75;90.38;81.87;Unggul
491;16;30.69;52.64;65.6;4;C;60.12;79.26;59.59;Tidak Unggul
987;35;28.2;63.76;60.0;10;B;46.01;83.22;58.42;Tidak Unggul
279;14;19.93;89.59;84.32;14;B;69.71;91.35;75.08;Tidak Unggul
876;53;16.53;80.32;76.66;16;B;72.19;93.44;64.77;Unggul
321;11;29.18;64.22;66.56;3;C;63.03;82.15;53.73;Tidak Unggul
919;52;17.67;63.93;81.01;11;B;73.24;90.36;74.67;Unggul
763;29;26.31;74.04;73.48;8;C;73.2;87.87;70.02;Tidak Unggul
358;18;19.89;55.88;84.19;10;B;70.05;86.82;66.07;Tidak Unggul
952;50;19.04;67.68;86.92;15;B;87.02;88.17;86.8;Unggul
503;22;22.86;57.8;67.73;6;B;57.32;83.7;66.29;Tidak Unggul
620;27;22.96;67.39;67.43;10;C;60.81;83.95;69.88;Tidak Unggul
947;31;30.55;60.86;62.49;6;C;58.66;81.04;60.37;Tidak Unggul
265;8;33.12;58.85;68.53;11;B;63.86;84.96;66.92;Tidak Unggul
413;24;17.21;64.35;83.64;18;A;82.08;90.19;83.74;Unggul
811;59;13.75;96.05;83.07;20;A;91.64;98.8;88.07;Unggul
961;38;25.29;69.1;76.43;9;B;71.46;83.74;64.87;Tidak Unggul
591;18;32.83;61.03;64.29;5;C;58.19;78.71;58.75;Tidak Unggul
697;53;13.15;99.83;92.3;18;B;86.04;87.92;91.12;Unggul
602;23;26.17;66.81;64.57;8;C;69.15;84.84;66.81;Tidak Unggul
994;49;20.29;66.7;71.8;12;B;80.6;84.61;86.35;Unggul
626;34;18.41;84.94;82.85;12;B;76.93;84.92;76.42;Unggul
436;17;25.65;56.58;62.64;6;C;51.46;81.86;50.0;Tidak Unggul
452;26;17.38;71.1;70.57;13;B;80.01;88.15;71.1;Tidak Unggul
460;19;24.21;65.65;79.77;10;C;76.35;82.33;66.53;Tidak Unggul
357;24;14.88;74.83;79.13;17;A;81.13;90.44;82.0;Unggul
767;33;23.24;69.87;76.5;11;B;79.01;87.19;69.02;Unggul
595;36;16.53;88.58;76.42;13;B;93.48;91.47;69.6;Unggul
819;39;21.0;67.83;82.88;13;B;76.07;87.25;74.22;Unggul
782;34;23.0;77.3;74.13;10;B;69.6;87.39;71.85;Tidak Unggul
204;15;13.6;63.29;85.02;16;A;82.16;87.32;82.62;Unggul
161;10;16.1;98.13;80.26;21;A;100.0;89.8;83.77;Unggul
806;39;20.67;86.77;77.7;10;B;76.14;90.58;78.36;Unggul
549;38;14.45;75.21;85.18;17;A;80.72;96.93;82.86;Unggul
797;33;24.15;70.74;70.34;10;C;61.04;89.27;67.76;Tidak Unggul
664;36;18.44;79.6;72.38;12;B;73.36;90.12;73.9;Unggul
805;37;21.76;69.62;77.13;13;B;75.75;88.32;64.23;Unggul
691;34;20.32;93.06;78.94;15;A;84.83;91.52;78.59;Unggul
386;21;18.38;75.01;83.77;11;B;76.67;89.77;68.41;Unggul
428;30;14.27;79.84;89.33;17;A;86.96;98.27;83.56;Unggul
497;24;20.71;76.7;75.42;12;A;79.4;86.68;73.87;Unggul
776;43;18.05;67.01;75.04;12;B;75.7;85.48;78.88;Tidak Unggul
253;14;18.07;74.78;80.43;12;A;86.08;85.4;71.62;Unggul
779;27;28.85;52.95;66.52;3;C;49.15;82.85;67.83;Tidak Unggul
666;28;23.79;63.56;79.78;13;B;86.1;85.64;67.04;Tidak Unggul
397;26;15.27;90.71;85.15;17;A;97.77;90.95;84.29;Unggul
513;33;15.55;68.07;84.09;17;A;92.02;85.9;84.9;Unggul
470;35;13.43;93.45;72.57;14;A;74.68;88.06;78.12;Unggul
782;51;15.33;82.97;77.35;17;B;82.21;92.16;87.88;Unggul
435;23;18.91;94.35;86.21;17;B;75.81;85.42;71.08;Unggul
298;16;18.62;81.16;71.31;13;B;68.23;84.78;75.68;Tidak Unggul
233;18;12.94;77.2;79.98;20;A;88.55;95.06;87.18;Unggul
555;42;13.21;87.62;91.49;19;A;88.7;93.86;93.42;Unggul
605;43;14.07;62.13;77.22;15;B;75.43;85.51;77.86;Unggul
892;56;15.93;69.29;75.24;13;B;78.61;86.66;80.61;Unggul
949;63;15.06;80.37;75.78;17;A;90.36;90.87;88.3;Unggul
310;14;22.14;67.9;69.47;14;B;81.24;88.61;81.96;Tidak Unggul
933;46;20.28;74.37;78.31;14;A;83.22;91.63;81.89;Unggul
609;41;14.85;77.63;83.67;15;A;84.71;92.02;93.56;Unggul
699;31;22.55;86.67;79.29;13;C;66.86;88.98;64.2;Unggul
649;33;19.67;71.48;73.76;13;B;74.22;84.53;69.75;Tidak Unggul
887;55;16.13;87.6;82.49;15;A;92.87;89.02;81.4;Unggul
658;49;13.43;79.26;80.29;14;B;92.27;85.27;81.95;Unggul
803;40;20.08;78.91;67.7;15;B;67.92;90.81;78.79;Tidak Unggul
953;41;23.24;48.96;67.87;7;B;65.65;83.09;63.34;Tidak Unggul
630;42;15.0;89.39;81.99;13;B;70.72;84.42;83.16;Unggul
812;55;14.76;72.54;81.09;16;B;68.61;90.77;63.25;Unggul
263;13;20.23;80.13;78.65;13;B;81.52;88.85;77.55;Unggul
898;50;17.96;88.1;86.31;15;A;90.66;90.91;77.39;Unggul
727;47;15.47;61.82;70.74;14;B;76.46;86.99;79.94;Unggul
510;18;28.33;67.79;68.62;12;C;64.73;80.97;61.78;Tidak Unggul
490;17;28.82;65.28;72.65;11;C;59.63;82.35;63.54;Tidak Unggul
919;43;21.37;72.74;76.01;10;B;59.2;86.78;74.27;Unggul
910;37;24.59;66.58;70.52;8;B;76.32;91.2;72.52;Tidak Unggul
598;38;15.74;77.31;87.81;14;A;79.16;88.29;87.42;Unggul
992;66;15.03;69.43;74.15;14;A;75.03;89.52;69.68;Unggul
984;48;20.5;87.68;77.71;14;A;83.68;88.81;80.87;Unggul
329;22;14.95;84.98;79.45;18;A;67.73;89.75;88.45;Unggul
851;38;22.39;66.31;63.21;8;B;65.8;79.74;62.47;Tidak Unggul
556;17;32.71;49.42;66.67;6;C;63.9;84.79;53.7;Tidak Unggul
815;29;28.1;59.58;68.21;5;C;57.76;84.43;62.23;Tidak Unggul
345;16;21.56;65.42;65.48;8;B;83.83;86.19;59.59;Tidak Unggul
615;28;21.96;83.05;78.53;17;B;68.48;87.63;74.89;Unggul
460;19;24.21;47.99;64.56;7;C;66.34;83.05;57.7;Tidak Unggul
411;13;31.62;53.31;67.28;8;B;54.42;85.42;61.17;Tidak Unggul
568;33;17.21;97.93;92.06;19;A;88.18;85.81;91.36;Unggul
555;44;12.61;74.28;82.96;15;A;74.02;92.72;85.63;Unggul
292;21;13.9;64.76;82.19;17;B;89.2;93.36;87.4;Unggul
491;23;21.35;60.3;80.9;10;B;69.61;85.62;69.11;Tidak Unggul
465;25;18.6;64.25;71.94;10;B;58.87;83.55;72.55;Tidak Unggul
250;12;20.83;72.37;74.79;9;B;69.33;81.66;74.48;Tidak Unggul
393;16;24.56;76.5;72.45;13;B;68.62;87.35;65.37;Tidak Unggul
639;37;17.27;74.17;87.47;20;B;82.97;91.98;91.11;Unggul
161;8;20.12;73.49;74.69;12;B;65.02;91.66;80.99;Tidak Unggul
388;30;12.93;86.37;81.98;15;A;95.57;94.48;88.78;Unggul
710;25;28.4;70.48;67.93;8;B;59.16;82.07;63.89;Tidak Unggul
191;8;23.88;60.62;67.9;13;B;68.18;80.48;65.88;Tidak Unggul
827;26;31.81;51.34;60.0;4;C;51.99;76.04;59.15;Tidak Unggul
743;28;26.54;80.79;71.13;8;C;62.62;79.47;58.61;Tidak Unggul
578;33;17.52;70.06;72.52;11;A;72.7;85.35;71.23;Unggul
952;68;14.0;99.85;86.96;18;A;90.04;95.76;88.66;Unggul
307;14;21.93;74.47;75.46;14;B;85.4;86.15;71.66;Tidak Unggul
365;11;33.18;72.72;61.84;9;C;63.91;79.08;61.11;Tidak Unggul
819;53;15.45;87.55;82.08;17;A;97.67;93.94;76.78;Unggul
611;48;12.73;87.3;77.81;21;A;77.25;93.04;90.98;Unggul
283;12;23.58;64.19;66.03;6;C;73.12;80.16;64.49;Tidak Unggul
216;11;19.64;64.82;85.29;11;B;84.32;85.88;70.52;Unggul
997;51;19.55;77.17;78.11;14;B;89.27;90.95;82.29;Unggul
156;8;19.5;64.88;67.5;10;C;87.34;84.45;68.7;Tidak Unggul
675;39;17.31;80.72;82.22;19;A;65.48;90.87;81.21;Unggul
222;16;13.88;78.75;91.2;18;B;67.38;88.3;86.87;Unggul
548;22;24.91;65.67;67.25;7;C;65.63;81.11;65.13;Tidak Unggul
554;24;23.08;75.03;66.19;14;B;54.46;86.36;77.92;Tidak Unggul
824;26;31.69;63.71;60.72;6;B;49.67;84.78;61.97;Tidak Unggul
727;39;18.64;83.18;76.41;13;A;75.45;91.23;79.45;Unggul
279;25;11.16;82.33;90.59;18;A;84.34;91.78;95.95;Unggul
615;24;25.62;66.62;72.94;9;B;52.32;79.23;67.35;Tidak Unggul
355;19;18.68;97.59;85.41;16;B;74.33;91.14;73.95;Unggul
937;57;16.44;64.94;80.78;11;B;82.22;88.49;73.58;Unggul
917;34;26.97;54.99;64.74;3;B;62.49;75.66;65.52;Tidak Unggul
415;25;16.6;59.79;64.24;11;B;81.88;90.06;82.61;Tidak Unggul
686;40;17.15;77.18;85.2;13;B;73.32;79.99;74.49;Unggul
942;67;14.06;79.48;74.19;15;A;91.05;87.58;77.56;Unggul
402;27;14.89;83.61;95.0;19;A;99.53;97.06;88.77;Unggul
971;49;19.82;66.35;73.08;12;A;76.79;95.91;70.95;Unggul
438;18;24.33;56.02;64.06;12;C;59.02;84.38;63.03;Tidak Unggul
313;9;34.78;55.86;60.0;1;C;55.16;77.22;50.0;Tidak Unggul
244;8;30.5;45.0;62.96;4;C;46.22;79.65;63.86;Tidak Unggul
931;58;16.05;84.79;73.33;15;A;76.92;83.6;80.72;Unggul
982;72;13.64;65.79;75.11;15;B;83.7;87.95;76.54;Unggul
259;21;12.33;82.59;89.71;16;A;89.1;87.96;88.08;Unggul
485;31;15.65;74.92;87.43;16;B;84.37;93.37;83.66;Unggul
971;43;22.58;66.93;69.22;10;B;59.32;88.54;63.56;Tidak Unggul
387;16;24.19;57.83;76.21;10;B;77.58;87.92;67.84;Tidak Unggul
530;25;21.2;68.81;70.71;8;B;65.99;87.69;68.45;Tidak Unggul
585;36;16.25;65.39;80.55;13;B;74.97;86.67;69.89;Tidak Unggul
632;38;16.63;77.11;74.31;14;A;71.97;88.68;75.55;Unggul
174;8;21.75;59.25;73.92;13;B;78.3;81.28;64.03;Tidak Unggul
802;54;14.85;76.18;78.6;12;B;67.83;89.21;74.46;Unggul
266;13;20.46;61.85;76.61;13;B;77.35;88.68;75.26;Tidak Unggul
631;18;35.06;65.03;64.0;3;C;47.41;80.51;56.52;Tidak Unggul
541;27;20.04;88.7;89.16;15;A;89.79;87.53;73.43;Unggul
686;30;22.87;61.36;70.15;9;B;67.73;83.57;70.61;Tidak Unggul
228;9;25.33;92.29;75.33;12;B;62.36;85.64;73.26;Tidak Unggul
729;45;16.2;87.92;83.92;17;B;84.77;92.35;81.97;Unggul
322;16;20.12;69.5;75.72;12;B;66.36;83.73;72.96;Tidak Unggul
161;14;11.5;77.87;89.53;16;A;90.77;89.95;83.79;Unggul
949;68;13.96;77.04;88.8;18;A;100.0;90.07;95.09;Unggul
277;15;18.47;75.69;75.53;17;A;71.97;96.92;79.04;Unggul
757;26;29.12;58.85;68.53;4;C;71.34;84.02;61.54;Tidak Unggul
241;13;18.54;70.27;82.56;10;B;81.74;85.84;59.79;Tidak Unggul
802;42;19.1;62.44;75.77;15;B;72.63;88.94;76.69;Unggul
692;23;30.09;68.38;68.31;4;C;63.46;83.91;55.48;Tidak Unggul
995;40;24.88;78.66;62.07;13;A;75.82;91.74;75.38;Unggul
681;24;28.38;79.21;64.71;8;B;64.9;84.05;66.12;Tidak Unggul
807;48;16.81;75.89;88.34;10;B;70.6;84.75;74.3;Unggul
977;38;25.71;71.64;72.43;7;C;69.58;85.87;64.75;Tidak Unggul
596;41;14.54;66.18;80.04;12;B;73.78;89.59;81.91;Unggul
539;25;21.56;80.56;87.8;13;A;85.51;87.65;76.34;Unggul
821;65;12.63;74.52;83.53;22;A;84.87;97.44;90.06;Unggul
192;8;24.0;55.71;75.13;6;B;80.93;80.43;69.13;Tidak Unggul
403;19;21.21;91.52;70.89;10;B;63.78;81.87;73.6;Unggul
279;14;19.93;76.51;81.92;18;B;100.0;94.33;77.63;Unggul
209;11;19.0;70.84;66.67;13;B;69.55;87.57;74.55;Tidak Unggul
812;46;17.65;80.33;75.85;15;B;82.62;90.62;75.17;Unggul
616;24;25.67;63.16;75.39;7;B;72.09;76.82;57.39;Tidak Unggul
436;13;33.54;47.2;60.0;2;C;56.85;79.44;57.63;Tidak Unggul
666;21;31.71;47.47;64.82;3;C;64.48;79.1;53.46;Tidak Unggul
616;37;16.65;90.65;82.95;18;A;81.92;92.0;77.47;Unggul
927;37;25.05;69.99;74.24;7;C;58.86;83.48;62.16;Tidak Unggul
494;19;26.0;69.71;72.14;9;B;64.12;80.61;66.83;Tidak Unggul
791;40;19.77;77.45;72.81;14;B;80.46;91.86;75.44;Unggul
531;41;12.95;86.99;82.88;21;A;84.54;96.72;88.34;Unggul
928;39;23.79;67.0;69.5;7;C;70.2;83.33;70.17;Tidak Unggul
839;30;27.97;60.03;63.29;5;C;49.12;78.26;62.55;Tidak Unggul
402;22;18.27;68.59;65.08;9;B;74.91;86.42;76.79;Tidak Unggul
205;11;18.64;75.85;82.61;15;A;77.25;90.15;84.49;Unggul
612;28;21.86;71.38;73.8;7;B;69.9;81.23;65.41;Tidak Unggul
606;37;16.38;85.33;68.06;14;B;76.35;90.99;63.67;Unggul
232;10;23.2;55.07;76.98;9;B;62.09;84.16;66.81;Tidak Unggul
248;11;22.55;83.76;67.73;8;C;66.67;83.19;77.57;Tidak Unggul
298;19;15.68;91.3;88.25;21;A;84.19;96.24;92.17;Unggul
478;13;36.77;66.17;66.91;7;B;70.74;86.68;61.22;Tidak Unggul
305;17;17.94;64.53;77.71;12;B;81.59;87.38;71.85;Tidak Unggul
339;12;28.25;52.48;65.13;6;C;60.1;75.36;64.67;Tidak Unggul
643;37;17.38;83.4;85.19;17;B;81.29;91.87;74.73;Unggul
412;24;17.17;78.2;78.96;14;A;83.98;89.38;81.27;Unggul
229;8;28.62;54.68;73.78;6;C;73.45;81.55;58.72;Tidak Unggul
549;28;19.61;68.14;85.16;12;B;89.2;89.46;82.38;Tidak Unggul
913;67;13.63;76.25;83.32;19;A;82.52;90.03;84.12;Unggul
758;33;22.97;68.77;76.98;15;B;67.05;83.86;81.92;Unggul
409;24;17.04;78.96;82.24;13;A;86.35;89.6;76.41;Unggul
921;42;21.93;61.77;63.67;10;C;83.9;82.87;81.18;Tidak Unggul
764;57;13.4;91.56;81.9;19;A;88.5;92.77;89.23;Unggul
701;33;21.24;64.06;74.21;14;B;77.35;90.52;80.6;Tidak Unggul
934;71;13.15;93.01;88.92;20;A;100.0;87.21;93.45;Unggul
250;10;25.0;93.72;74.15;11;C;61.84;84.21;79.19;Tidak Unggul
508;35;14.51;86.4;88.47;18;A;79.91;88.08;81.07;Unggul
529;21;25.19;61.94;77.07;9;B;62.17;79.31;68.02;Tidak Unggul
969;41;23.63;61.04;60.23;10;B;66.13;83.27;67.81;Tidak Unggul
370;16;23.12;62.7;66.92;11;B;81.41;85.06;79.31;Tidak Unggul
969;49;19.78;79.46;74.86;10;C;62.23;87.98;76.67;Unggul
569;37;15.38;75.69;69.77;11;B;84.31;89.19;67.07;Unggul
273;14;19.5;65.47;72.1;15;B;75.43;92.49;75.14;Tidak Unggul
571;19;30.05;47.12;61.31;6;B;62.6;75.0;62.7;Tidak Unggul
380;14;27.14;45.99;60.0;5;C;45.0;80.99;68.96;Tidak Unggul
839;64;13.11;86.98;77.57;17;A;66.71;91.83;80.69;Unggul
212;10;21.2;62.12;77.67;10;B;70.23;82.04;74.36;Tidak Unggul
634;28;22.64;76.52;71.45;13;B;81.27;85.24;68.74;Tidak Unggul
777;35;22.2;61.05;77.9;7;C;74.88;84.11;67.15;Tidak Unggul
852;60;14.2;83.03;76.51;12;B;65.83;89.24;74.74;Unggul
723;43;16.81;73.86;81.5;13;A;86.58;90.59;75.02;Unggul
917;57;16.09;84.58;76.94;13;B;83.08;90.66;78.14;Unggul
632;22;28.73;50.49;62.38;2;C;60.49;80.84;58.26;Tidak Unggul
668;29;23.03;62.56;70.79;10;B;87.88;80.88;77.14;Tidak Unggul
304;12;25.33;60.05;71.74;11;C;59.44;80.28;60.35;Tidak Unggul
241;11;21.91;72.07;73.94;8;C;74.08;82.11;73.64;Tidak Unggul
675;30;22.5;66.43;88.38;14;B;77.12;87.81;80.37;Unggul
604;25;24.16;68.12;76.26;12;B;87.27;82.22;71.04;Tidak Unggul
890;41;21.71;65.93;75.08;8;B;71.83;84.07;65.64;Tidak Unggul
747;54;13.83;81.75;75.71;16;B;76.43;92.3;74.53;Unggul
794;28;28.36;59.45;71.53;7;B;58.04;77.79;59.2;Tidak Unggul
659;28;23.54;75.12;74.52;9;B;73.69;81.37;64.27;Tidak Unggul
332;26;12.77;83.5;76.27;25;A;86.1;99.0;92.46;Unggul
535;27;19.81;80.59;71.8;12;B;50.92;88.22;72.04;Tidak Unggul
723;51;14.18;89.7;74.55;16;A;96.63;98.51;82.49;Unggul
880;42;20.95;72.62;76.07;12;B;88.16;89.8;85.15;Unggul
554;22;25.18;71.71;72.29;10;B;66.89;83.25;67.62;Tidak Unggul
395;12;32.92;47.77;61.71;4;C;62.31;76.5;58.12;Tidak Unggul
891;35;25.46;65.96;72.81;8;C;71.61;89.98;70.63;Tidak Unggul
740;51;14.51;70.96;68.08;16;B;79.6;93.02;73.39;Unggul
810;42;19.29;71.52;78.0;12;B;56.26;86.61;69.28;Unggul
799;63;12.68;85.6;88.79;18;A;92.47;95.28;95.07;Unggul
620;23;26.96;54.75;60.34;5;C;59.26;77.51;54.1;Tidak Unggul
975;51;19.12;56.5;73.14;10;B;86.36;85.24;71.86;Unggul
572;30;19.07;78.08;92.8;17;A;87.21;87.42;89.32;Unggul
214;9;23.78;77.41;79.62;13;B;74.27;83.68;59.83;Tidak Unggul
162;8;20.25;72.64;82.68;13;C;83.59;86.21;79.09;Unggul
362;18;20.11;58.35;73.62;10;B;73.11;86.69;76.1;Tidak Unggul
391;14;27.93;57.6;71.26;4;C;75.79;77.22;60.79;Tidak Unggul
642;17;37.76;66.89;70.46;5;C;49.4;80.76;63.33;Tidak Unggul
362;19;19.05;76.97;76.34;16;A;80.64;90.27;83.4;Unggul
842;40;21.05;60.61;79.17;9;B;80.26;87.14;64.66;Unggul
487;17;28.65;76.36;73.23;7;C;53.19;83.55;60.91;Tidak Unggul
322;21;15.33;66.73;74.94;14;A;74.3;92.15;76.7;Unggul
821;41;20.02;77.58;81.98;17;B;85.37;88.16;84.54;Unggul
313;24;13.04;80.16;92.86;20;A;91.92;99.0;84.06;Unggul
614;31;19.81;84.36;81.02;13;A;76.09;87.05;82.06;Unggul
646;48;13.46;85.82;87.99;16;A;95.94;90.83;84.52;Unggul
849;43;19.74;70.93;78.12;14;A;72.09;90.42;80.89;Unggul
544;33;16.48;77.65;79.13;17;A;87.44;94.2;89.35;Unggul
852;40;21.3;75.67;71.65;11;B;70.97;87.15;74.01;Tidak Unggul
457;16;28.56;58.51;62.0;6;C;45.0;78.69;52.22;Tidak Unggul
917;36;25.47;58.38;68.36;4;C;55.07;86.64;59.79;Tidak Unggul
332;14;23.71;62.12;60.88;6;B;62.87;80.96;57.57;Tidak Unggul
778;31;25.1;52.17;77.23;8;B;52.23;78.54;65.2;Tidak Unggul
943;68;13.87;100.0;91.66;20;A;97.94;89.76;90.44;Unggul
659;41;16.07;85.31;84.73;14;A;83.73;89.12;83.35;Unggul
857;28;30.61;61.49;71.23;5;C;64.36;75.0;55.52;Tidak Unggul
695;35;19.86;78.91;71.64;11;B;71.78;86.27;67.71;Unggul
713;48;14.85;75.38;72.23;13;B;78.01;94.42;87.05;Unggul
773;31;24.94;56.79;70.7;6;C;68.58;82.09;62.74;Tidak Unggul
913;52;17.56;78.94;84.16;14;B;74.02;92.53;81.68;Unggul
743;41;18.12;80.65;79.16;15;B;63.54;89.46;94.76;Unggul
893;33;27.06;74.33;61.98;4;C;46.54;86.28;59.89;Tidak Unggul
376;14;26.86;60.71;68.57;8;B;70.1;85.19;70.09;Tidak Unggul
894;46;19.43;66.92;80.1;15;B;74.02;87.99;75.91;Unggul
882;30;29.4;82.66;73.69;11;C;88.02;80.63;70.06;Tidak Unggul
585;26;22.5;76.57;80.73;7;B;75.35;84.77;70.73;Tidak Unggul
571;27;21.15;76.78;77.58;13;B;76.3;91.91;75.72;Unggul
703;51;13.78;72.35;76.09;15;A;66.79;83.97;87.24;Unggul
170;10;17.0;79.51;77.45;16;B;72.72;88.56;74.35;Unggul
703;28;25.11;56.42;66.16;7;B;75.65;82.94;68.73;Tidak Unggul
546;20;27.3;62.29;76.65;8;C;69.01;79.71;67.11;Tidak Unggul
774;34;22.76;56.98;65.46;8;B;59.7;81.58;62.08;Tidak Unggul
254;17;14.94;71.64;77.3;15;A;70.13;92.1;80.48;Tidak Unggul
341;24;14.21;74.24;87.42;16;A;90.55;91.18;91.97;Unggul
166;8;20.75;76.98;83.11;11;B;67.74;89.79;65.56;Tidak Unggul
269;18;14.94;95.19;95.0;16;A;79.42;90.36;88.2;Unggul
542;30;18.07;88.6;75.93;18;A;81.41;91.03;85.08;Unggul
574;44;13.05;89.79;88.23;17;A;97.35;95.47;90.88;Unggul
278;17;16.35;78.29;82.67;15;A;81.3;90.98;83.38;Unggul
279;8;34.88;64.58;67.19;8;C;74.96;82.99;78.73;Tidak Unggul
721;28;25.75;60.89;72.16;8;B;67.6;83.97;72.83;Tidak Unggul
709;39;18.18;67.81;74.39;13;A;68.61;89.03;81.29;Unggul
178;9;19.78;57.28;81.46;9;B;67.96;87.53;70.57;Tidak Unggul
246;8;30.75;49.43;60.0;6;C;59.49;77.94;55.73;Tidak Unggul
159;10;15.9;91.24;85.86;19;A;75.47;90.56;87.02;Unggul
391;17;23.0;72.31;78.24;11;C;58.63;82.74;64.71;Tidak Unggul
975;29;33.62;54.98;68.89;12;C;67.39;81.62;65.82;Tidak Unggul
381;27;14.11;88.84;83.85;19;A;85.24;91.26;94.09;Unggul
938;36;26.06;75.51;67.95;7;B;74.09;88.14;72.9;Tidak Unggul
433;24;18.04;73.93;82.51;13;B;65.71;88.93;75.02;Unggul
864;39;22.15;59.77;69.04;8;B;59.89;81.08;59.92;Tidak Unggul
908;45;20.18;68.64;75.42;14;B;79.26;88.3;77.22;Tidak Unggul
951;32;29.72;68.68;66.9;3;C;58.31;82.0;53.24;Tidak Unggul
925;54;17.13;83.09;89.57;16;A;72.7;89.45;92.12;Unggul
875;47;18.62;95.61;78.03;15;A;82.65;91.57;83.26;Unggul
349;14;24.93;64.63;67.15;10;B;82.6;84.15;74.3;Tidak Unggul
228;11;20.73;68.05;70.67;11;B;72.02;88.23;70.36;Tidak Unggul
322;18;17.89;60.9;82.62;11;B;69.12;93.03;72.06;Tidak Unggul
616;34;18.12;82.32;77.33;13;A;83.68;85.37;73.01;Unggul
730;29;25.17;64.38;62.65;6;C;59.78;83.25;69.9;Tidak Unggul
565;36;15.69;72.68;77.24;14;A;86.47;84.77;77.28;Unggul
598;43;13.91;79.24;89.51;18;A;82.1;97.88;89.16;Unggul
236;12;19.67;77.46;77.3;14;B;66.68;81.22;79.71;Tidak Unggul
250;14;17.86;70.3;71.16;12;A;74.22;89.78;78.07;Tidak Unggul
157;8;19.62;83.16;76.83;19;A;64.59;94.14;91.54;Unggul
994;38;26.16;69.89;73.92;6;C;69.69;81.7;66.06;Tidak Unggul
349;14;24.93;64.86;69.82;11;B;74.8;83.73;59.04;Tidak Unggul
654;27;24.22;49.84;80.26;8;B;67.46;82.62;67.39;Tidak Unggul
236;11;21.45;69.28;84.73;9;B;68.09;85.53;67.91;Tidak Unggul
192;16;12.0;76.17;89.61;16;A;88.6;86.02;80.4;Unggul
534;22;24.27;58.6;75.34;9;B;74.7;77.6;75.12;Tidak Unggul
770;49;15.71;81.83;84.87;13;B;85.33;92.78;75.11;Unggul
584;32;18.25;75.74;74.31;10;B;75.2;83.66;77.05;Unggul
557;20;27.85;68.37;71.15;10;C;65.73;83.9;67.61;Tidak Unggul
632;31;20.39;65.35;67.05;10;B;68.21;81.33;68.93;Tidak Unggul
813;34;23.91;67.82;71.17;10;B;51.65;83.1;61.56;Tidak Unggul
166;9;18.44;70.65;72.34;16;B;67.83;91.14;72.36;Tidak Unggul
794;34;23.35;73.81;72.69;9;B;72.94;83.28;74.14;Unggul
297;21;14.14;81.51;79.96;16;A;99.84;97.27;85.04;Unggul
426;20;21.3;71.24;72.26;16;B;81.44;87.8;73.32;Unggul
381;16;23.81;64.64;60.0;9;B;64.95;83.74;66.68;Tidak Unggul
975;46;21.2;92.87;67.47;10;B;61.18;84.97;70.08;Unggul
515;35;14.71;76.56;82.17;16;A;92.76;94.06;96.24;Unggul
377;26;14.5;76.17;80.4;16;A;83.52;92.58;85.23;Unggul
800;55;14.55;73.63;93.11;21;A;82.57;93.62;98.0;Unggul
585;26;22.5;71.12;73.0;11;B;72.1;82.57;73.45;Tidak Unggul
548;20;27.4;79.92;75.49;9;C;73.07;87.53;61.14;Tidak Unggul
360;24;15.0;84.58;91.98;19;A;76.28;97.13;89.75;Unggul
540;21;25.71;62.51;79.17;9;B;67.9;85.59;80.66;Tidak Unggul
648;25;25.92;63.96;65.03;7;B;75.53;85.71;74.37;Tidak Unggul
689;29;23.76;77.68;67.61;8;B;78.96;81.77;76.67;Tidak Unggul
712;29;24.55;79.03;71.8;12;B;68.91;81.64;60.99;Tidak Unggul
640;27;23.7;61.32;68.54;10;B;62.93;87.21;78.38;Tidak Unggul
591;37;15.97;80.59;77.11;13;B;65.71;84.53;74.5;Unggul
410;24;17.08;79.69;77.65;15;A;89.79;96.51;84.12;Unggul
922;70;13.17;90.82;75.33;14;B;77.1;88.44;81.43;Unggul
499;20;24.95;79.3;68.53;5;C;66.49;76.62;60.12;Tidak Unggul
501;21;23.86;84.53;83.3;12;B;80.51;83.48;71.1;Unggul
669;25;26.76;51.73;64.44;3;B;53.87;77.66;58.26;Tidak Unggul
469;29;16.17;75.94;85.53;18;A;82.29;92.57;75.26;Unggul
287;15;19.13;93.19;82.03;16;A;90.95;91.56;75.57;Unggul
699;50;13.98;87.1;88.17;20;A;89.2;92.2;93.92;Unggul
772;60;12.87;79.73;93.86;18;A;93.14;93.92;95.2;Unggul
517;27;19.15;64.01;76.55;13;B;74.01;85.83;77.39;Unggul
369;17;21.71;70.8;60.0;13;B;61.68;88.62;74.63;Tidak Unggul
486;17;28.59;58.3;62.89;6;C;66.29;78.2;60.88;Tidak Unggul
372;16;23.25;68.63;70.94;8;C;78.54;87.88;65.12;Tidak Unggul
797;54;14.76;81.04;81.08;16;A;84.9;90.41;78.86;Unggul
917;50;18.34;69.23;80.01;15;A;85.93;92.38;73.71;Unggul
509;26;19.58;64.52;72.3;10;B;77.49;82.69;74.97;Tidak Unggul
478;21;22.76;74.66;72.11;9;B;81.45;83.52;67.05;Tidak Unggul
612;24;25.5;77.42;83.6;11;C;67.84;91.15;75.88;Unggul
710;39;18.21;69.56;74.39;14;B;56.28;85.41;76.91;Unggul
953;55;17.33;76.02;88.5;12;A;86.38;89.21;79.01;Unggul
531;40;13.28;69.25;82.42;14;A;67.71;88.4;79.54;Unggul
985;54;18.24;78.69;77.94;15;A;77.33;89.01;74.63;Unggul
739;39;18.95;85.7;83.82;13;B;72.37;92.87;73.4;Unggul
766;49;15.63;95.86;71.84;17;A;78.52;96.35;83.08;Unggul
318;20;15.9;75.25;78.93;14;A;85.36;83.31;82.99;Unggul
366;9;40.67;60.91;71.33;8;C;69.73;80.69;67.66;Tidak Unggul
527;22;23.95;57.99;76.24;10;B;63.95;82.35;83.52;Tidak Unggul
268;20;13.4;76.88;86.52;17;B;93.86;92.69;78.22;Unggul
339;24;14.12;80.97;86.83;16;A;81.8;92.97;88.25;Unggul
916;43;21.3;71.51;77.81;12;B;89.39;84.93;69.49;Unggul
519;25;20.76;68.22;79.82;15;B;71.22;85.47;79.11;Unggul
927;50;18.54;87.23;77.39;13;A;76.12;90.22;80.75;Unggul
298;19;15.68;79.46;84.8;13;B;75.07;88.07;70.22;Unggul
825;33;25.0;65.99;69.55;10;B;61.14;87.15;67.82;Tidak Unggul
801;30;26.7;69.26;74.81;9;C;69.01;80.32;71.53;Tidak Unggul
637;35;18.2;75.8;78.7;13;B;72.35;90.42;77.89;Unggul
919;34;27.03;75.97;69.93;6;C;62.12;81.76;66.21;Tidak Unggul
523;26;20.12;72.07;85.16;15;A;84.26;93.31;84.33;Unggul
930;66;14.09;88.85;94.51;20;A;100.0;95.1;86.58;Unggul
842;39;21.59;56.24;76.8;10;B;69.46;83.22;82.61;Tidak Unggul
309;13;23.77;68.08;76.05;13;B;68.26;83.3;74.38;Tidak Unggul
500;22;22.73;65.66;60.0;7;C;60.39;79.84;71.55;Tidak Unggul
437;19;23.0;70.08;71.77;14;A;77.77;86.35;76.01;Tidak Unggul
437;17;25.71;56.8;62.96;7;C;62.69;82.5;66.95;Tidak Unggul
375;16;23.44;61.25;69.41;12;B;60.68;84.41;64.62;Tidak Unggul
672;31;21.68;59.07;68.36;7;B;68.98;88.53;72.2;Tidak Unggul
671;30;22.37;64.4;66.33;9;C;70.89;85.11;64.23;Tidak Unggul
932;42;22.19;71.51;65.02;6;B;62.23;82.66;64.11;Tidak Unggul
422;12;35.17;54.21;66.21;7;C;57.93;77.11;50.0;Tidak Unggul
551;27;20.41;82.06;63.12;8;B;70.78;87.46;64.16;Tidak Unggul
332;25;13.28;88.16;81.61;19;A;88.99;96.13;85.45;Unggul
814;26;31.31;45.0;64.6;4;C;60.88;85.18;57.92;Tidak Unggul
637;44;14.48;82.83;86.98;14;B;75.53;93.35;85.25;Unggul
976;45;21.69;75.07;73.73;14;B;68.84;88.09;74.29;Unggul
995;62;16.05;85.84;83.11;16;A;70.08;91.02;73.59;Unggul
273;8;34.12;65.1;60.0;7;C;47.43;88.65;73.17;Tidak Unggul
775;28;27.68;62.69;69.78;8;C;56.05;81.41;70.11;Tidak Unggul
939;57;16.47;93.58;81.13;13;B;84.49;87.04;77.58;Unggul
563;43;13.09;62.22;76.31;15;B;86.45;87.21;78.66;Unggul
874;50;17.48;69.75;69.45;12;B;63.51;86.6;68.52;Unggul
321;15;21.4;72.04;74.57;10;B;57.55;84.12;73.31;Tidak Unggul
437;20;21.85;63.69;71.33;7;B;68.1;83.86;75.37;Tidak Unggul
584;35;16.69;58.98;74.57;14;B;81.79;88.02;75.24;Unggul
835;54;15.46;78.13;76.47;12;B;70.31;89.83;77.23;Unggul
262;19;13.79;80.25;82.12;20;A;81.66;95.63;88.4;Unggul
271;14;19.36;69.4;80.65;10;B;78.04;86.96;68.5;Tidak Unggul
693;28;24.75;80.38;77.65;10;B;85.06;86.5;66.13;Tidak Unggul
371;26;14.27;81.05;81.86;14;B;75.92;90.68;74.37;Unggul
780;35;22.29;69.36;86.89;15;A;80.45;85.35;82.07;Unggul
188;13;14.46;81.15;85.57;13;A;79.67;91.69;78.47;Unggul
646;34;19.0;74.66;86.66;13;B;88.77;90.48;85.65;Unggul
929;55;16.89;73.87;86.94;15;A;69.07;82.1;79.02;Unggul
382;12;31.83;68.2;66.93;5;B;62.91;82.71;72.37;Tidak Unggul
679;18;37.72;50.34;60.0;6;C;50.33;77.87;50.0;Tidak Unggul
298;9;33.11;65.56;60.0;6;C;61.07;82.77;66.57;Tidak Unggul
546;24;22.75;63.87;74.26;8;C;73.66;85.2;65.04;Tidak Unggul
810;38;21.32;67.82;70.67;12;B;73.17;90.57;65.77;Unggul
787;29;27.14;55.34;82.14;5;C;53.65;78.13;57.02;Tidak Unggul
451;18;25.06;61.05;66.56;9;B;74.18;79.03;53.24;Tidak Unggul
509;33;15.42;76.37;73.45;14;B;81.51;92.84;68.49;Unggul
387;12;32.25;55.5;68.04;4;C;59.83;82.41;61.22;Tidak Unggul
796;40;19.9;86.18;82.18;12;A;67.34;86.4;76.59;Unggul
812;50;16.24;78.01;95.0;18;A;91.64;92.1;90.54;Unggul
385;23;16.74;82.28;79.1;15;B;74.68;90.08;81.6;Unggul
885;54;16.39;90.5;88.88;16;B;75.68;91.68;83.48;Unggul
352;21;16.76;92.85;80.4;14;A;73.68;87.69;85.87;Unggul
405;22;18.41;69.67;81.66;12;B;82.64;91.14;70.96;Tidak Unggul
747;45;16.6;81.62;75.67;11;B;78.68;88.06;79.83;Unggul
811;54;15.02;78.29;88.89;13;B;78.62;84.94;77.53;Unggul
384;13;29.54;74.24;81.99;10;B;49.51;83.76;67.05;Tidak Unggul
494;27;18.3;70.09;72.25;14;B;85.6;90.29;84.08;Unggul
683;35;19.51;75.08;85.2;12;B;84.61;87.15;70.7;Unggul
946;71;13.32;80.85;80.36;20;A;81.81;92.09;89.19;Unggul
930;64;14.53;76.61;87.98;18;B;93.27;91.4;77.16;Unggul
615;23;26.74;63.29;76.57;5;B;55.8;76.37;70.73;Tidak Unggul
919;49;18.76;96.33;74.29;13;B;78.93;88.4;87.33;Unggul
690;34;20.29;74.46;67.18;10;B;71.16;86.25;73.82;Tidak Unggul
362;25;14.48;77.58;79.84;15;B;84.45;91.38;87.57;Unggul
612;23;26.61;61.54;74.94;6;C;53.5;86.62;54.23;Tidak Unggul
585;29;20.17;84.12;84.07;16;A;69.17;92.82;78.48;Unggul
432;26;16.62;75.43;78.29;13;A;78.06;88.04;78.8;Unggul
711;46;15.46;80.69;87.33;18;A;77.47;91.7;86.19;Unggul
756;41;18.44;62.83;73.9;13;B;75.78;87.64;70.81;Unggul
612;25;24.48;61.85;68.44;5;C;63.86;75.0;60.48;Tidak Unggul
556;21;26.48;49.06;76.14;11;B;81.11;80.58;66.69;Tidak Unggul
237;13;18.23;65.12;83.8;16;A;91.74;90.35;81.52;Unggul
193;8;24.12;63.02;79.11;9;B;67.16;88.97;62.25;Tidak Unggul
610;40;15.25;86.01;76.57;17;B;94.87;90.61;73.22;Unggul
427;21;20.33;81.88;77.92;11;B;71.85;88.24;56.1;Unggul
832;33;25.21;72.26;68.54;9;B;69.92;80.93;72.79;Tidak Unggul
570;32;17.81;76.04;73.39;13;B;86.86;85.2;73.71;Tidak Unggul
850;34;25.0;70.86;73.17;11;B;63.65;83.47;71.18;Tidak Unggul
502;30;16.73;85.85;79.2;14;B;68.81;91.28;86.06;Unggul
845;51;16.57;77.8;72.15;15;B;76.04;91.47;70.03;Unggul
664;31;21.42;79.33;76.82;14;A;79.66;88.33;77.48;Unggul
852;36;23.67;62.15;79.09;17;A;81.37;86.96;83.48;Unggul
779;33;23.61;67.89;69.96;11;B;57.6;87.65;64.77;Tidak Unggul
168;18;9.33;87.81;95.0;20;A;89.16;99.0;89.38;Unggul
172;8;21.5;71.52;77.34;13;A;66.79;86.92;81.45;Unggul
562;28;20.07;74.11;79.55;13;A;76.43;88.97;77.46;Unggul
179;8;22.38;65.48;79.83;20;A;88.67;89.67;68.91;Tidak Unggul
956;38;25.16;70.74;70.47;9;B;68.57;85.07;66.67;Tidak Unggul
257;14;18.36;80.27;83.1;15;B;72.79;90.73;77.05;Unggul
516;33;15.64;84.65;82.68;16;A;70.85;86.9;80.4;Unggul
430;22;19.55;76.16;71.62;12;B;73.02;89.21;82.76;Tidak Unggul
277;19;14.58;71.43;82.76;19;A;83.5;97.4;84.7;Unggul
378;26;14.54;93.57;83.5;17;A;81.59;85.71;86.42;Unggul
260;12;21.67;82.54;78.81;16;B;66.13;83.48;68.96;Tidak Unggul
285;12;23.75;75.84;70.25;12;B;73.75;82.31;70.61;Tidak Unggul
511;30;17.03;89.42;80.84;19;B;65.13;91.48;84.04;Unggul
335;11;30.45;61.83;69.5;4;C;61.53;75.26;62.94;Tidak Unggul
805;50;16.1;71.97;78.4;13;B;74.64;91.32;82.09;Unggul
733;29;25.28;62.57;62.75;6;C;66.12;77.58;58.56;Tidak Unggul
278;12;23.17;81.99;74.2;10;B;79.87;88.06;71.61;Tidak Unggul
410;16;25.62;57.76;78.44;8;B;47.08;81.35;66.74;Tidak Unggul
664;43;15.44;96.15;80.03;20;A;91.85;90.73;87.93;Unggul
598;25;23.92;58.05;78.58;11;B;78.53;86.62;70.57;Tidak Unggul
253;8;31.62;70.74;60.0;10;B;72.95;85.64;65.33;Tidak Unggul
632;26;24.31;72.16;66.53;7;B;60.52;80.37;68.8;Tidak Unggul
373;18;20.72;84.05;78.97;15;B;89.71;91.08;84.23;Unggul
981;35;28.03;68.41;71.43;6;C;55.98;82.57;61.67;Tidak Unggul
640;48;13.33;84.13;94.98;19;A;79.05;87.88;84.18;Unggul
622;27;23.04;59.44;79.26;9;B;70.73;85.31;69.48;Tidak Unggul
159;8;19.88;80.78;78.46;13;B;72.93;86.68;66.18;Unggul
554;40;13.85;93.04;85.91;16;B;87.22;84.44;77.91;Unggul
451;26;17.35;71.9;69.82;11;B;69.33;87.35;74.91;Tidak Unggul
380;28;13.57;91.11;90.99;20;A;89.37;93.59;93.06;Unggul
880;37;23.78;60.43;66.12;7;C;58.9;86.67;64.85;Tidak Unggul
215;8;26.88;62.58;70.14;13;B;81.75;87.01;68.76;Tidak Unggul
261;14;18.64;74.57;78.95;12;B;80.01;91.84;79.96;Tidak Unggul
162;10;16.2;79.43;80.02;20;A;69.68;94.67;94.04;Unggul
542;32;16.94;75.44;83.86;12;B;85.88;85.19;75.26;Unggul
649;37;17.54;96.8;76.05;11;A;75.36;85.67;77.29;Unggul
747;47;15.89;71.82;73.46;16;B;80.1;92.56;75.2;Unggul
383;9;42.56;68.58;78.23;7;B;81.14;86.04;67.68;Tidak Unggul
751;54;13.91;68.79;82.97;17;B;72.16;94.53;85.07;Unggul
463;18;25.72;65.51;66.24;5;C;65.33;83.77;56.51;Tidak Unggul
715;35;20.43;64.02;72.63;13;B;68.08;86.49;72.47;Tidak Unggul
161;8;20.12;73.77;60.56;14;B;65.52;86.91;70.54;Tidak Unggul
358;18;19.89;77.31;84.44;13;A;87.67;87.91;85.62;Unggul
163;9;18.11;75.67;77.78;12;B;69.22;91.16;73.19;Unggul
782;37;21.14;67.75;79.03;11;A;72.34;89.43;68.64;Unggul
567;37;15.32;79.72;87.0;17;A;86.69;85.85;84.64;Unggul
586;34;17.24;84.32;82.48;15;A;94.35;93.25;88.33;Unggul
526;33;15.94;77.77;76.16;16;B;79.25;93.44;80.42;Unggul
169;14;12.07;93.03;78.79;16;A;90.59;89.19;86.33;Unggul
736;37;19.89;80.48;86.49;16;B;95.79;89.31;86.23;Unggul
904;67;13.49;73.46;83.07;16;A;97.85;91.62;81.94;Unggul
884;52;17.0;80.76;84.88;17;B;89.14;93.68;92.24;Unggul
219;16;13.69;67.11;93.26;23;A;99.31;93.34;88.15;Unggul
973;67;14.52;92.36;83.77;14;B;86.39;88.22;87.95;Unggul
360;20;18.0;61.61;84.58;16;A;66.5;89.94;81.93;Unggul
250;9;27.78;64.96;60.67;6;C;61.3;80.05;66.41;Tidak Unggul
847;67;12.64;85.38;84.57;16;B;85.03;88.58;85.39;Unggul
281;11;25.55;50.92;63.64;4;C;65.01;80.7;62.67;Tidak Unggul
772;51;15.14;79.3;72.39;15;B;69.56;88.36;72.72;Unggul
530;19;27.89;55.71;69.29;7;C;66.4;85.0;59.63;Tidak Unggul
281;22;12.77;86.34;91.9;19;A;98.65;91.96;85.79;Unggul
169;8;21.12;77.15;74.99;12;B;77.22;87.7;76.82;Tidak Unggul
685;31;22.1;72.21;76.31;12;B;65.6;88.72;79.82;Tidak Unggul
376;30;12.53;76.11;88.8;17;A;81.88;96.19;87.71;Unggul
303;10;30.3;68.33;66.97;8;C;69.14;81.37;69.17;Tidak Unggul
954;43;22.19;73.81;82.43;12;B;78.41;94.11;83.41;Unggul
891;50;17.82;80.42;78.51;17;B;72.12;86.5;80.74;Unggul
618;25;24.72;70.62;76.87;10;B;75.08;81.8;76.05;Tidak Unggul
971;34;28.56;47.1;60.0;4;C;49.33;80.12;64.62;Tidak Unggul
554;26;21.31;64.22;83.3;12;A;66.66;82.45;79.42;Unggul
351;21;16.71;74.89;85.1;17;B;72.74;88.76;89.24;Unggul
187;10;18.7;79.4;88.94;13;B;66.08;90.35;84.43;Unggul
921;42;21.93;63.51;70.08;11;B;55.21;90.49;67.82;Tidak Unggul
337;11;30.64;65.61;66.2;2;C;45.32;79.4;54.33;Tidak Unggul
206;11;18.73;72.47;74.59;12;B;73.41;87.29;74.81;Tidak Unggul
169;15;11.27;91.72;81.71;21;A;93.43;97.4;92.26;Unggul
422;15;28.13;61.3;69.71;9;C;62.09;77.83;53.79;Tidak Unggul
268;18;14.89;65.51;83.47;19;A;77.67;91.81;68.35;Unggul
732;42;17.43;79.13;87.75;13;B;76.99;88.23;66.58;Unggul
665;29;22.93;65.33;72.36;11;B;67.28;83.89;77.31;Tidak Unggul
370;19;19.47;61.6;79.2;15;B;69.26;84.65;77.02;Tidak Unggul
675;51;13.24;76.14;85.79;21;A;87.33;92.06;83.87;Unggul
664;26;25.54;60.03;65.66;6;C;70.12;83.36;58.24;Tidak Unggul
877;48;18.27;52.93;75.06;11;B;66.55;89.98;77.53;Unggul
890;48;18.54;72.0;81.48;12;B;77.06;87.75;79.71;Unggul
485;17;28.53;72.31;68.89;6;C;57.34;85.89;57.37;Tidak Unggul
847;43;19.7;69.07;71.88;10;B;73.51;81.85;65.28;Unggul
204;13;15.69;87.62;77.88;16;B;100.0;88.5;78.17;Unggul
649;46;14.11;81.46;78.24;17;A;91.94;98.4;84.66;Unggul
915;36;25.42;79.02;78.51;13;B;74.19;89.2;69.56;Tidak Unggul
685;50;13.7;68.35;78.68;15;A;84.63;87.97;78.08;Unggul
311;16;19.44;82.36;86.21;16;B;80.68;91.83;75.48;Unggul
819;38;21.55;76.43;86.14;12;A;76.86;87.76;81.11;Unggul
743;36;20.64;88.84;92.39;17;A;69.47;88.94;81.56;Unggul
308;29;10.62;84.12;90.16;20;A;90.21;94.52;80.24;Unggul
337;17;19.82;68.35;82.22;14;A;77.97;85.2;75.33;Unggul
209;12;17.42;78.4;80.54;14;B;75.0;88.86;66.55;Unggul
966;27;35.78;75.94;69.51;7;C;65.3;86.12;71.16;Tidak Unggul
468;31;15.1;84.54;90.02;16;A;89.45;91.77;84.93;Unggul
360;16;22.5;68.89;72.97;9;B;73.74;83.67;68.54;Tidak Unggul
555;27;20.56;63.33;79.2;13;B;72.44;85.53;76.72;Tidak Unggul
813;42;19.36;84.79;79.23;14;B;82.41;82.89;84.58;Unggul
258;10;25.8;70.8;68.41;11;B;66.25;79.07;63.11;Tidak Unggul
225;12;18.75;78.8;80.28;11;B;61.84;92.94;70.56;Unggul
691;40;17.27;76.27;64.0;15;B;72.19;86.79;76.37;Unggul
463;18;25.72;83.35;74.37;9;B;68.11;81.43;62.13;Tidak Unggul
266;12;22.17;61.86;76.49;13;B;53.49;81.16;63.91;Tidak Unggul
853;43;19.84;71.0;81.07;13;B;77.69;88.19;67.94;Unggul
168;11;15.27;83.71;74.54;16;A;78.79;87.86;72.8;Unggul
581;40;14.52;89.89;91.0;17;B;90.45;92.84;79.78;Unggul
834;58;14.38;91.95;93.78;17;A;88.66;88.73;93.94;Unggul
889;62;14.34;76.6;82.69;16;A;68.0;90.48;81.72;Unggul
499;23;21.7;69.58;81.61;10;C;71.44;86.38;62.22;Tidak Unggul
332;12;27.67;50.23;77.4;6;C;61.76;80.22;58.79;Tidak Unggul
262;13;20.15;70.81;72.47;11;B;76.91;89.24;75.14;Tidak Unggul
332;18;18.44;80.51;76.08;15;B;88.76;93.92;76.36;Tidak Unggul
630;38;16.58;81.36;85.03;18;A;75.59;89.57;77.86;Unggul
295;16;18.44;68.64;62.06;12;A;73.99;87.96;84.54;Tidak Unggul
980;73;13.42;73.87;83.03;16;A;84.86;93.22;78.89;Unggul
777;26;29.88;63.51;60.0;3;C;51.48;80.01;65.58;Tidak Unggul
262;16;16.38;89.49;82.97;17;B;69.22;94.38;78.52;Unggul
912;31;29.42;53.64;60.0;3;C;62.39;80.29;50.0;Tidak Unggul
625;23;27.17;76.02;71.44;12;C;52.01;86.76;76.98;Tidak Unggul
912;48;19.0;83.36;81.71;14;B;79.98;89.25;79.12;Unggul
452;27;16.74;65.47;89.75;16;B;70.7;92.66;80.17;Unggul
974;58;16.79;80.16;85.13;16;A;75.14;93.63;85.15;Unggul
267;12;22.25;85.84;69.23;13;B;81.83;87.95;69.64;Tidak Unggul
962;35;27.49;55.98;73.29;9;B;79.87;88.99;67.09;Tidak Unggul
310;21;14.76;70.3;90.62;17;A;86.76;87.52;88.98;Unggul
550;23;23.91;69.09;68.23;10;C;62.73;83.11;61.42;Tidak Unggul
347;17;20.41;88.31;83.81;13;B;78.61;91.04;76.42;Unggul
409;18;22.72;62.19;75.6;6;C;75.34;82.79;70.98;Tidak Unggul
809;30;26.97;64.03;73.09;12;C;78.29;90.01;68.61;Tidak Unggul
901;41;21.98;59.73;78.45;10;B;78.92;87.14;76.66;Tidak Unggul
196;8;24.5;70.1;78.93;11;B;83.44;91.17;66.87;Tidak Unggul
548;26;21.08;65.48;77.73;12;B;75.42;87.88;79.18;Unggul
859;35;24.54;59.15;66.57;7;C;68.16;81.03;69.53;Tidak Unggul
708;27;26.22;76.9;66.74;7;B;57.17;84.64;58.37;Tidak Unggul
227;8;28.38;47.06;61.51;3;C;53.61;78.84;52.74;Tidak Unggul
273;12;22.75;62.83;73.93;8;C;62.55;79.53;71.77;Tidak Unggul
224;9;24.89;73.22;73.76;8;B;76.55;84.94;69.23;Tidak Unggul
286;10;28.6;50.55;60.0;3;C;55.24;79.15;52.86;Tidak Unggul
751;32;23.47;75.04;70.67;11;B;80.84;84.89;72.76;Tidak Unggul
549;18;30.5;73.35;68.58;11;B;63.3;77.51;66.38;Tidak Unggul
986;49;20.12;75.23;70.63;12;B;82.26;83.47;65.05;Unggul
654;46;14.22;79.69;82.4;14;B;85.26;85.82;81.25;Unggul
649;37;17.54;72.84;80.17;18;A;66.25;91.5;76.11;Unggul
722;37;19.51;75.75;83.73;14;A;89.0;93.64;82.35;Unggul
287;20;14.35;86.1;90.93;19;A;83.06;91.1;79.4;Unggul
199;12;16.58;64.98;73.79;16;A;72.49;92.76;86.66;Unggul
920;40;23.0;56.19;74.21;12;B;68.78;84.76;75.3;Tidak Unggul
768;52;14.77;76.01;72.06;14;A;74.67;88.71;73.16;Unggul
774;47;16.47;87.26;76.2;18;A;80.04;92.17;80.84;Unggul
403;18;22.39;76.71;81.53;14;A;70.74;88.97;74.31;Unggul
779;26;29.96;52.71;71.6;7;C;64.63;82.88;66.09;Tidak Unggul
859;34;25.26;72.21;65.88;7;C;67.54;82.46;62.56;Tidak Unggul
998;32;31.19;66.34;65.66;7;C;75.67;85.84;67.7;Tidak Unggul
712;26;27.38;71.16;63.31;5;C;76.92;83.87;65.01;Tidak Unggul
906;51;17.76;73.15;81.49;16;B;97.98;90.62;84.87;Unggul
575;29;19.83;80.46;79.51;16;B;82.83;90.56;90.89;Unggul
696;33;21.09;70.77;66.81;9;C;66.41;81.62;66.39;Tidak Unggul
451;25;18.04;83.07;80.11;12;B;82.5;86.9;75.85;Unggul
730;53;13.77;94.0;88.73;19;A;80.21;94.5;91.25;Unggul
498;17;29.29;58.57;65.12;9;C;64.0;83.67;61.89;Tidak Unggul
981;75;13.08;87.11;86.05;19;A;94.06;91.41;83.91;Unggul
198;10;19.8;65.97;78.43;14;B;63.97;79.32;67.41;Tidak Unggul
223;13;17.15;81.63;86.13;16;A;90.56;91.01;82.55;Unggul
853;37;23.05;53.75;66.92;7;B;69.88;80.32;67.29;Tidak Unggul
410;21;19.52;65.37;88.78;16;B;77.09;94.05;90.08;Unggul
505;36;14.03;98.38;80.56;16;B;84.62;92.51;73.24;Unggul
731;39;18.74;94.1;84.84;14;A;78.9;91.9;81.94;Unggul
751;30;25.03;75.54;65.71;13;C;53.23;79.76;65.5;Tidak Unggul
409;21;19.48;84.5;81.74;16;A;91.6;93.8;88.41;Unggul
787;27;29.15;68.31;63.1;6;C;62.17;79.77;56.57;Tidak Unggul
892;45;19.82;82.02;70.37;12;B;79.87;90.99;81.18;Unggul
444;15;29.6;72.75;65.4;5;B;65.1;82.91;57.02;Tidak Unggul
790;43;18.37;75.17;79.65;14;A;66.64;85.71;85.72;Unggul
941;53;17.75;70.99;85.0;15;A;77.87;86.35;78.51;Unggul
462;31;14.9;75.14;75.32;14;B;71.27;92.81;81.04;Unggul
761;37;20.57;79.21;78.9;15;A;87.29;83.55;77.74;Unggul
987;54;18.28;78.38;80.31;15;A;82.2;92.69;77.41;Unggul
958;65;14.74;73.76;75.68;13;B;78.99;86.73;69.77;Unggul
331;11;30.09;69.21;68.2;5;C;54.64;82.89;65.43;Tidak Unggul
835;38;21.97;65.75;72.89;11;B;86.48;86.31;72.4;Tidak Unggul
977;52;18.79;91.29;79.46;17;A;75.9;90.41;87.92;Unggul
513;37;13.86;87.28;75.73;16;B;73.53;94.07;81.27;Unggul
337;20;16.85;98.99;76.51;17;A;79.59;97.8;91.03;Unggul
718;37;19.41;97.47;84.27;17;A;77.11;90.52;77.24;Unggul
692;29;23.86;67.72;69.31;7;B;65.28;84.6;66.4;Tidak Unggul
745;43;17.33;91.46;82.46;14;B;82.02;88.11;92.07;Unggul
813;32;25.41;72.73;75.5;8;C;63.29;90.38;64.93;Tidak Unggul
697;22;31.68;69.83;65.1;8;C;79.47;88.42;70.7;Tidak Unggul
874;56;15.61;84.29;84.21;17;B;87.62;92.6;84.88;Unggul
557;18;30.94;56.97;66.18;6;C;49.37;82.73;62.93;Tidak Unggul
767;39;19.67;76.42;79.33;11;B;56.29;89.13;71.96;Unggul
563;32;17.59;86.07;85.66;12;B;78.88;87.26;69.74;Unggul
491;23;21.35;62.13;68.01;12;B;69.51;86.93;77.22;Tidak Unggul
369;28;13.18;100.0;88.73;16;B;76.77;94.69;85.67;Unggul
312;22;14.18;95.32;88.68;23;A;79.78;88.07;92.73;Unggul
369;18;20.5;64.02;68.89;8;B;65.05;86.98;63.73;Tidak Unggul
419;13;32.23;65.04;66.2;6;B;62.99;82.5;62.43;Tidak Unggul
781;29;26.93;58.71;60.0;3;C;63.11;77.96;53.55;Tidak Unggul
997;36;27.69;60.12;63.71;4;C;56.88;82.57;62.78;Tidak Unggul
549;38;14.45;85.11;81.71;21;A;90.67;95.28;92.49;Unggul
331;17;19.47;75.25;77.45;10;B;64.44;84.31;71.15;Tidak Unggul
767;33;23.24;61.68;76.25;13;B;68.85;81.62;64.89;Tidak Unggul
878;37;23.73;81.84;68.98;7;C;66.59;81.41;65.13;Tidak Unggul
354;10;35.4;50.27;65.56;8;C;58.69;76.87;61.15;Tidak Unggul
731;32;22.84;72.6;68.59;10;C;75.32;83.28;74.74;Tidak Unggul
705;39;18.08;66.86;70.19;13;B;74.36;85.62;67.2;Tidak Unggul
990;42;23.57;62.03;79.2;10;B;47.64;85.84;58.94;Tidak Unggul
962;54;17.81;85.34;88.44;17;A;79.29;87.76;78.63;Unggul
377;11;34.27;55.93;62.77;2;C;67.88;75.0;54.0;Tidak Unggul
845;53;15.94;75.35;76.38;11;B;70.98;86.65;72.93;Unggul
768;61;12.59;84.67;95.0;20;A;88.66;99.0;94.66;Unggul
745;45;16.56;70.62;87.29;14;A;60.79;84.17;80.68;Unggul
999;39;25.62;73.97;71.51;11;C;61.38;78.93;73.69;Tidak Unggul
399;22;18.14;65.4;70.94;14;B;67.95;90.7;79.87;Tidak Unggul
590;32;18.44;67.73;76.6;15;B;89.84;85.69;66.97;Unggul
682;26;26.23;60.85;68.87;9;B;66.85;81.19;66.37;Tidak Unggul
345;9;38.33;64.46;66.95;9;B;66.75;85.35;68.69;Tidak Unggul
839;49;17.12;61.43;83.09;12;A;71.67;89.23;70.04;Unggul
668;41;16.29;66.74;83.0;16;A;69.46;92.3;79.68;Unggul
219;8;27.38;62.18;62.23;3;C;66.57;81.15;60.19;Tidak Unggul
788;29;27.17;64.47;63.93;4;B;46.48;78.5;57.79;Tidak Unggul
548;20;27.4;70.88;72.78;11;B;68.38;86.87;69.74;Tidak Unggul
821;37;22.19;76.87;68.26;8;B;49.66;84.8;65.04;Tidak Unggul
909;53;17.15;75.29;81.01;15;A;79.97;96.08;87.72;Unggul
352;10;35.2;45.0;74.01;4;C;45.0;83.52;61.97;Tidak Unggul
297;12;24.75;77.88;70.72;11;B;66.58;83.82;75.63;Tidak Unggul
621;28;22.18;57.31;63.97;11;B;79.87;91.46;80.05;Tidak Unggul
804;56;14.36;85.48;90.53;20;A;77.51;92.87;76.4;Unggul
348;8;43.5;59.08;69.07;4;C;52.18;75.0;54.94;Tidak Unggul
575;21;27.38;83.12;72.08;8;B;74.64;88.98;62.0;Tidak Unggul
815;50;16.3;77.02;75.06;17;B;100.0;94.03;91.42;Unggul
641;27;23.74;65.34;72.62;8;B;72.19;79.31;64.03;Tidak Unggul
291;15;19.4;83.87;78.32;15;A;76.8;88.61;87.69;Unggul
462;20;23.1;76.15;81.75;12;B;70.2;84.25;71.14;Tidak Unggul
314;12;26.17;67.03;69.59;10;B;65.41;83.88;67.41;Tidak Unggul
463;20;23.15;69.47;73.54;9;B;67.26;90.27;70.57;Tidak Unggul
170;8;21.25;67.35;79.59;10;B;98.49;86.74;84.56;Tidak Unggul
231;17;13.59;91.15;83.77;18;A;97.97;93.32;85.93;Unggul
730;49;14.9;64.93;77.17;15;A;84.37;92.72;80.89;Unggul
280;19;14.74;100.0;85.15;16;B;86.35;90.05;85.26;Unggul
748;37;20.22;85.03;65.39;13;B;82.22;97.64;76.32;Unggul
879;36;24.42;58.51;78.66;10;B;69.39;84.94;65.13;Tidak Unggul
454;18;25.22;61.33;63.72;5;C;77.25;85.28;61.44;Tidak Unggul
520;21;24.76;56.9;70.48;8;C;67.36;89.15;66.73;Tidak Unggul
533;28;19.04;73.46;75.24;17;A;80.39;88.43;74.94;Unggul
594;21;28.29;69.41;78.76;12;B;60.45;86.87;68.96;Tidak Unggul
574;31;18.52;92.68;83.24;17;A;84.93;90.02;78.01;Unggul
310;9;34.44;62.75;69.92;6;C;59.47;83.02;63.27;Tidak Unggul
327;18;18.17;61.52;82.11;13;A;77.12;83.46;72.73;Unggul
778;31;25.1;57.88;73.68;9;B;55.78;80.41;70.06;Tidak Unggul
857;38;22.55;61.29;64.95;7;C;67.1;87.59;67.92;Tidak Unggul
639;29;22.03;66.35;69.16;8;C;61.28;85.93;62.55;Tidak Unggul
476;31;15.35;73.49;84.01;12;B;66.14;87.19;84.73;Unggul
747;34;21.97;58.16;76.41;14;B;87.63;89.0;69.88;Unggul
438;22;19.91;70.44;87.1;13;A;68.18;92.0;79.66;Unggul
742;32;23.19;61.36;75.21;10;B;65.26;88.16;73.69;Tidak Unggul
813;39;20.85;86.01;78.94;15;B;83.9;91.52;79.34;Unggul
722;24;30.08;64.39;74.81;9;C;75.68;87.04;66.93;Tidak Unggul
722;36;20.06;59.75;77.83;14;A;77.29;88.15;74.02;Tidak Unggul
503;24;20.96;65.18;79.95;11;B;72.61;82.42;69.25;Tidak Unggul
177;8;22.12;76.04;68.92;8;B;57.14;81.09;71.96;Tidak Unggul
192;11;17.45;72.94;84.47;15;A;74.16;88.35;80.13;Unggul
830;34;24.41;58.02;70.95;5;C;50.64;76.52;65.72;Tidak Unggul
572;25;22.88;67.22;71.17;10;B;68.36;81.63;73.01;Tidak Unggul
747;34;21.97;78.35;70.12;14;B;82.23;86.16;75.25;Unggul
326;25;13.04;80.74;85.9;16;A;87.29;87.91;80.67;Unggul
678;38;17.84;80.92;81.56;13;B;60.1;82.16;70.56;Unggul
759;43;17.65;77.13;81.58;17;A;85.22;95.15;80.49;Unggul
643;27;23.81;75.15;62.58;10;B;81.33;88.37;80.71;Tidak Unggul
347;23;15.09;78.73;85.42;15;B;76.04;88.59;79.25;Unggul
759;44;17.25;63.77;79.28;11;B;88.36;88.34;60.53;Unggul
726;46;15.78;100.0;89.82;17;A;84.95;92.65;89.94;Unggul
991;63;15.73;86.09;79.08;12;A;66.33;87.94;80.56;Unggul
666;35;19.03;74.91;71.9;19;B;80.34;93.32;86.47;Unggul
663;27;24.56;66.19;74.57;7;B;65.71;84.87;74.54;Tidak Unggul
171;9;19.0;79.47;76.54;12;B;84.68;84.98;90.57;Tidak Unggul
261;10;26.1;64.18;64.53;9;C;55.42;85.41;63.09;Tidak Unggul
206;12;17.17;82.16;91.76;19;A;86.73;92.81;84.75;Unggul
215;9;23.89;77.1;79.39;12;B;60.83;89.96;76.28;Tidak Unggul
991;36;27.53;63.12;67.33;6;C;56.37;81.3;59.02;Tidak Unggul
247;17;14.53;79.6;75.08;17;B;75.56;89.42;77.43;Unggul
293;9;32.56;57.41;60.0;2;C;52.78;78.46;53.21;Tidak Unggul
584;26;22.46;79.12;79.72;13;B;63.12;89.35;73.61;Unggul
786;51;15.41;81.34;71.75;19;A;77.41;87.13;81.14;Unggul
828;31;26.71;61.75;68.65;4;C;60.53;82.12;62.73;Tidak Unggul
235;12;19.58;83.56;79.11;11;B;82.57;82.28;76.17;Tidak Unggul
737;24;30.71;64.77;73.91;5;C;55.71;79.39;56.22;Tidak Unggul
493;22;22.41;77.45;82.76;12;B;68.35;92.52;69.78;Tidak Unggul
443;23;19.26;69.6;85.07;15;A;96.68;85.88;76.14;Unggul
720;29;24.83;56.38;65.48;5;B;46.76;80.45;71.66;Tidak Unggul
799;47;17.0;83.14;69.88;13;B;69.53;86.23;77.63;Unggul
760;36;21.11;75.83;75.89;12;B;64.2;83.96;73.4;Unggul
853;63;13.54;85.24;82.54;17;A;66.42;89.06;83.55;Unggul
392;16;24.5;72.24;79.58;13;C;71.26;86.49;65.84;Tidak Unggul
980;41;23.9;70.35;79.17;8;C;76.94;88.48;71.85;Unggul
710;35;20.29;70.43;69.45;11;B;81.34;89.63;70.08;Unggul
181;8;22.62;70.09;78.53;11;C;76.19;87.63;63.57;Tidak Unggul
540;20;27.0;63.19;60.0;9;B;77.04;83.53;66.59;Tidak Unggul
426;17;25.06;78.25;73.44;9;B;66.75;82.35;73.96;Tidak Unggul
681;32;21.28;70.11;82.14;16;A;77.6;90.41;78.54;Unggul
303;19;15.95;83.73;75.38;19;B;85.46;92.75;82.93;Unggul
532;22;24.18;70.25;78.32;11;B;83.07;87.97;69.11;Tidak Unggul
217;14;15.5;90.35;78.86;17;A;81.88;91.1;84.31;Unggul
363;26;13.96;80.57;79.03;14;A;90.37;90.65;91.57;Unggul
804;29;27.72;61.15;68.26;6;C;70.3;79.94;61.55;Tidak Unggul
525;27;19.44;81.31;80.13;18;A;84.28;88.9;81.91;Unggul
893;43;20.77;70.35;78.97;18;A;86.77;93.32;75.54;Unggul
362;23;15.74;87.16;85.81;17;A;75.7;87.51;75.13;Unggul
228;9;25.33;68.29;77.26;12;C;74.85;83.25;64.11;Tidak Unggul
875;64;13.67;74.01;82.08;18;B;86.79;88.27;80.55;Unggul
777;52;14.94;70.35;91.21;16;A;85.98;90.55;78.99;Unggul
753;55;13.69;82.38;87.46;21;A;98.81;93.76;84.32;Unggul
931;45;20.69;83.42;86.01;14;B;80.54;87.74;78.42;Unggul
530;25;21.2;83.91;76.5;12;B;68.43;88.05;63.94;Tidak Unggul
829;59;14.05;80.89;85.32;15;A;81.15;91.52;84.03;Unggul
207;8;25.88;57.39;64.49;12;C;65.57;80.83;70.43;Tidak Unggul
945;56;16.88;80.53;85.84;14;A;79.02;90.99;87.4;Unggul
175;11;15.91;86.78;81.13;16;B;77.21;91.22;74.78;Unggul
596;21;28.38;78.93;80.41;6;C;61.02;76.72;61.12;Tidak Unggul
215;13;16.54;82.97;77.57;12;B;79.5;85.77;69.06;Unggul
909;33;27.55;68.21;71.03;8;B;67.78;85.71;72.16;Tidak Unggul
403;10;40.3;68.67;66.68;10;C;55.56;83.79;60.33;Tidak Unggul
193;8;24.12;66.32;75.71;12;B;78.07;88.59;71.15;Tidak Unggul
246;9;27.33;74.05;79.2;10;B;61.53;82.05;68.7;Tidak Unggul
703;26;27.04;72.2;73.7;7;C;80.65;84.17;60.4;Tidak Unggul
376;17;22.12;54.36;78.95;12;B;67.92;82.64;82.31;Tidak Unggul
923;54;17.09;79.1;84.65;14;B;95.34;89.2;73.75;Unggul
828;29;28.55;79.21;69.62;8;C;72.0;89.52;69.07;Tidak Unggul
585;27;21.67;62.39;69.62;11;B;65.48;87.2;63.87;Tidak Unggul
940;54;17.41;65.7;81.02;18;A;78.81;92.81;82.52;Unggul
750;38;19.74;71.12;80.01;13;B;77.47;84.71;72.84;Unggul
528;22;24.0;71.98;74.13;8;C;61.17;86.05;59.34;Tidak Unggul
327;17;19.24;77.47;73.42;14;B;70.06;87.89;58.25;Tidak Unggul
576;24;24.0;69.86;70.34;11;C;65.9;84.33;76.4;Tidak Unggul
858;35;24.51;56.8;68.69;7;C;64.8;86.77;55.42;Tidak Unggul
456;21;21.71;63.38;70.62;12;B;74.23;87.02;71.08;Tidak Unggul
928;39;23.79;73.76;77.02;15;B;83.46;87.96;73.89;Unggul
653;25;26.12;61.78;74.97;6;C;60.96;77.43;62.72;Tidak Unggul
417;17;24.53;75.29;74.61;12;C;74.2;83.43;70.23;Tidak Unggul
735;32;22.97;71.26;77.32;11;C;65.38;86.74;67.64;Tidak Unggul
157;9;17.44;71.98;73.73;16;B;72.55;89.61;80.53;Tidak Unggul
657;35;18.77;79.76;77.65;15;A;73.96;89.33;81.53;Unggul
625;27;23.15;68.34;62.61;9;C;45.0;81.24;75.47;Tidak Unggul
446;29;15.38;73.24;86.93;20;A;89.45;96.87;86.38;Unggul
313;19;16.47;76.36;92.68;15;A;78.39;89.61;88.13;Unggul
634;34;18.65;80.3;90.71;16;A;80.13;91.47;80.54;Unggul
746;24;31.08;62.98;71.04;9;C;60.21;86.68;67.54;Tidak Unggul
221;15;14.73;88.26;86.99;18;A;88.73;98.98;89.56;Unggul
716;37;19.35;71.48;77.08;11;B;83.15;83.76;67.33;Unggul
708;56;12.64;83.2;76.49;17;A;87.88;90.2;75.18;Unggul
387;17;22.76;71.17;75.09;11;B;64.11;87.38;73.21;Tidak Unggul
253;16;15.81;84.01;74.63;19;A;98.47;90.99;80.93;Unggul
359;14;25.64;63.47;60.0;7;C;82.47;84.69;57.87;Tidak Unggul
703;34;20.68;75.84;79.25;13;B;80.48;92.18;79.05;Unggul
977;35;27.91;54.78;76.35;5;C;57.57;81.45;63.76;Tidak Unggul
617;36;17.14;74.8;85.54;11;B;82.28;87.14;82.36;Unggul
603;41;14.71;61.3;85.62;19;A;84.55;89.75;72.35;Unggul
417;15;27.8;60.92;69.19;8;C;61.27;84.11;50.86;Tidak Unggul
535;20;26.75;63.79;81.35;12;B;66.62;86.02;69.84;Tidak Unggul
924;37;24.97;57.21;66.52;10;B;61.07;78.05;61.19;Tidak Unggul
997;31;32.16;59.25;61.5;5;B;72.41;85.56;70.56;Tidak Unggul
536;21;25.52;51.37;64.82;7;C;59.91;82.09;66.33;Tidak Unggul
408;32;12.75;83.0;78.35;17;A;88.08;93.73;83.92;Unggul
432;20;21.6;68.88;82.96;9;C;75.99;87.86;61.29;Tidak Unggul
775;49;15.82;88.17;84.53;19;A;92.01;90.44;84.19;Unggul
189;10;18.9;94.98;75.56;13;B;72.06;86.48;76.12;Unggul
635;37;17.16;64.3;80.74;18;A;71.12;89.39;76.73;Unggul
369;17;21.71;59.62;71.12;8;C;70.83;87.87;69.61;Tidak Unggul
278;12;23.17;62.79;77.39;7;C;66.93;80.41;60.85;Tidak Unggul
669;37;18.08;79.86;92.19;14;A;86.88;84.52;81.96;Unggul
762;33;23.09;76.23;82.08;11;B;63.4;85.68;76.95;Unggul
837;64;13.08;83.88;92.72;22;A;89.0;96.72;84.91;Unggul
768;60;12.8;67.5;89.77;19;A;92.22;98.35;92.55;Unggul
762;30;25.4;80.33;76.22;12;B;65.7;87.4;73.38;Tidak Unggul
409;20;20.45;76.18;76.19;10;B;77.57;85.73;63.49;Tidak Unggul
515;20;25.75;69.38;69.51;5;B;74.07;78.2;65.51;Tidak Unggul
907;55;16.49;71.41;75.52;12;B;67.01;85.73;71.22;Unggul
936;41;22.83;72.09;71.19;9;B;76.88;79.65;68.71;Tidak Unggul
693;24;28.88;47.16;63.23;7;C;62.95;85.44;66.99;Tidak Unggul
798;35;22.8;65.24;75.87;16;A;70.53;84.46;73.39;Unggul
673;33;20.39;80.07;67.85;11;B;68.19;83.64;79.93;Tidak Unggul
963;31;31.06;61.54;64.22;7;B;69.15;77.44;50.0;Tidak Unggul
165;8;20.62;89.97;77.46;11;B;73.35;87.81;77.43;Unggul
278;10;27.8;55.67;70.07;7;B;61.11;83.21;60.08;Tidak Unggul
724;27;26.81;81.88;68.38;4;C;70.19;84.6;58.63;Tidak Unggul
258;11;23.45;94.2;78.58;11;B;80.52;86.86;68.94;Tidak Unggul
682;45;15.16;71.65;81.49;14;A;75.0;87.07;81.76;Unggul
819;44;18.61;77.22;91.65;15;A;97.92;94.2;76.46;Unggul
418;13;32.15;76.69;79.62;9;B;74.72;85.04;75.6;Tidak Unggul
311;16;19.44;68.57;74.54;12;B;86.97;87.18;78.45;Unggul
409;22;18.59;72.28;82.12;12;A;90.25;86.73;72.6;Unggul
251;13;19.31;72.02;79.43;19;A;75.3;87.01;77.61;Unggul
655;43;15.23;74.51;73.77;16;A;76.89;92.81;86.57;Unggul
884;35;25.26;61.62;69.86;5;C;46.62;80.75;62.09;Tidak Unggul
720;28;25.71;68.75;72.11;11;B;84.11;81.62;78.79;Unggul
396;14;28.29;45.0;63.64;6;B;48.7;80.5;60.78;Tidak Unggul
789;59;13.37;91.24;78.85;19;A;84.03;93.48;86.7;Unggul
944;39;24.21;81.42;69.13;9;B;60.61;91.8;73.24;Tidak Unggul
986;42;23.48;69.63;79.59;9;B;65.51;82.64;69.88;Tidak Unggul
686;27;25.41;63.64;62.08;7;B;63.16;84.26;62.56;Tidak Unggul
280;14;20.0;67.0;76.82;13;A;90.53;86.82;78.58;Unggul
502;32;15.69;75.02;72.53;16;A;85.9;90.51;78.47;Unggul
345;13;26.54;74.23;66.76;9;B;89.91;84.38;62.7;Tidak Unggul
942;30;31.4;71.99;65.2;9;C;69.91;88.51;69.12;Tidak Unggul
815;31;26.29;73.02;76.08;9;B;73.01;88.76;73.98;Tidak Unggul
531;22;24.14;65.99;60.0;6;C;53.9;83.47;62.76;Tidak Unggul
794;51;15.57;83.22;84.93;14;B;71.0;85.69;69.6;Unggul
376;14;26.86;72.82;63.84;7;B;54.9;84.91;64.95;Tidak Unggul
850;32;26.56;71.65;65.72;7;B;66.71;88.26;68.41;Tidak Unggul
625;36;17.36;79.52;87.22;15;B;78.38;93.74;92.51;Unggul
626;32;19.56;89.6;88.29;12;B;74.73;90.96;82.35;Unggul
414;18;23.0;62.44;68.87;9;C;57.02;84.26;72.81;Tidak Unggul
521;33;15.79;72.58;84.59;15;A;75.33;89.67;70.06;Unggul
635;46;13.8;82.01;81.99;20;A;89.41;95.82;98.0;Unggul
583;33;17.67;72.89;81.38;18;B;68.88;91.48;87.18;Unggul
795;40;19.88;75.55;74.16;11;B;86.78;81.46;66.43;Tidak Unggul
360;27;13.33;83.78;80.97;18;A;97.23;96.92;80.16;Unggul
721;37;19.49;79.5;80.08;13;B;90.38;87.97;68.48;Unggul
526;16;32.88;45.0;70.88;5;C;53.74;75.23;57.36;Tidak Unggul
544;24;22.67;66.8;67.43;9;B;62.0;75.83;67.35;Tidak Unggul
599;26;23.04;72.96;65.75;12;B;93.26;87.72;73.39;Tidak Unggul
513;27;19.0;74.27;76.0;15;B;93.06;91.17;80.26;Unggul
606;24;25.25;62.47;80.93;10;B;68.42;84.32;71.36;Tidak Unggul
874;58;15.07;87.39;87.01;19;A;80.46;91.78;94.82;Unggul
877;34;25.79;55.68;72.55;6;B;77.26;81.05;61.93;Tidak Unggul
375;21;17.86;91.5;89.74;18;A;75.73;90.07;73.21;Unggul
280;14;20.0;83.68;83.96;15;A;85.88;89.46;75.23;Unggul
737;45;16.38;87.85;87.65;19;A;86.97;87.4;84.97;Unggul
625;25;25.0;54.6;69.97;9;B;67.14;85.47;77.11;Tidak Unggul
947;44;21.52;77.71;80.32;11;B;61.77;86.06;74.08;Unggul
426;19;22.42;78.95;75.04;13;B;82.8;82.56;84.52;Tidak Unggul
305;19;16.05;75.0;76.77;15;A;69.54;91.39;70.32;Unggul
909;40;22.72;68.27;84.38;10;B;59.02;84.46;71.78;Tidak Unggul
367;16;22.94;57.02;69.8;10;C;66.12;80.7;58.05;Tidak Unggul
339;14;24.21;59.44;63.96;8;C;51.58;82.07;65.66;Tidak Unggul
566;45;12.58;82.94;82.87;15;A;83.35;89.11;86.95;Unggul
824;44;18.73;66.61;70.14;10;B;85.51;85.62;66.22;Unggul
841;27;31.15;60.88;60.2;5;C;69.45;78.42;66.36;Tidak Unggul
695;30;23.17;83.92;67.79;8;B;77.98;83.21;73.66;Unggul
190;11;17.27;65.75;69.67;12;B;81.54;91.14;70.82;Tidak Unggul
456;19;24.0;74.34;72.97;12;B;70.67;86.35;81.76;Tidak Unggul
487;14;34.79;56.07;62.91;7;C;54.52;80.79;60.95;Tidak Unggul
463;21;22.05;62.68;82.55;12;B;66.94;90.66;77.21;Tidak Unggul
224;11;20.36;84.96;89.28;16;A;86.23;90.34;93.56;Unggul
428;21;20.38;65.46;66.02;12;B;75.8;80.88;67.44;Tidak Unggul
325;10;32.5;69.79;74.26;4;C;51.53;79.67;55.71;Tidak Unggul
811;44;18.43;78.66;81.09;12;B;74.19;85.79;75.52;Unggul
422;22;19.18;73.88;83.35;14;B;87.69;93.26;80.29;Unggul
986;49;20.12;70.11;72.08;14;A;75.42;83.55;88.22;Unggul
769;51;15.08;84.53;72.81;14;A;95.2;89.87;81.59;Unggul
800;34;23.53;55.43;68.9;7;C;67.01;85.9;73.94;Tidak Unggul
932;40;23.3;62.01;73.66;12;B;77.94;84.99;77.01;Unggul
438;16;27.38;46.7;64.89;7;C;60.29;80.4;55.19;Tidak Unggul
873;45;19.4;80.14;78.37;12;A;80.25;86.18;81.52;Unggul
421;17;24.76;66.08;72.48;13;B;61.97;86.48;73.46;Tidak Unggul
215;14;15.36;84.29;82.01;15;A;83.4;87.35;84.03;Unggul
632;22;28.73;56.29;71.34;10;B;61.56;80.33;77.18;Tidak Unggul
397;14;28.36;47.62;79.44;5;C;81.32;77.07;58.78;Tidak Unggul
305;16;19.06;82.65;68.16;17;B;80.09;93.52;78.51;Unggul
196;8;24.5;71.08;77.76;12;B;72.36;82.44;82.13;Tidak Unggul
603;25;24.12;63.72;73.74;11;B;73.5;82.84;69.64;Tidak Unggul
350;18;19.44;72.23;79.0;13;B;80.51;84.21;79.51;Tidak Unggul
809;37;21.86;70.06;78.97;11;B;75.56;92.27;74.0;Tidak Unggul
273;16;17.06;99.05;94.14;18;A;90.52;90.72;83.77;Unggul
150;9;16.67;75.74;78.62;14;B;79.86;83.28;72.03;Tidak Unggul
908;38;23.89;67.5;63.64;8;C;68.02;81.61;60.82;Tidak Unggul
789;33;23.91;61.08;73.48;11;C;80.28;81.38;64.95;Tidak Unggul
340;10;34.0;72.44;70.12;8;C;54.37;86.46;68.8;Tidak Unggul
728;47;15.49;76.7;83.65;20;A;85.16;93.22;83.74;Unggul
665;50;13.3;82.95;81.97;16;B;77.67;86.71;79.64;Unggul
591;25;23.64;68.27;68.67;7;B;64.63;86.95;70.01;Tidak Unggul
964;69;13.97;95.96;87.12;22;A;88.36;96.55;91.0;Unggul
955;35;27.29;45.31;66.34;7;B;57.27;78.46;72.72;Tidak Unggul
292;16;18.25;82.27;70.72;11;A;84.73;88.57;77.97;Unggul
340;8;42.5;58.27;65.93;1;C;47.52;75.0;50.0;Tidak Unggul
682;33;20.67;64.19;73.49;9;C;75.29;80.57;66.61;Tidak Unggul
376;15;25.07;51.81;74.59;11;B;66.12;81.79;58.24;Tidak Unggul
462;32;14.44;77.68;78.41;14;B;86.19;93.62;82.08;Unggul
778;44;17.68;78.92;74.34;17;A;89.86;94.0;86.28;Unggul
451;24;18.79;68.59;80.74;18;A;57.53;87.99;84.12;Unggul
803;32;25.09;55.15;67.42;11;B;55.92;81.7;58.91;Tidak Unggul
609;21;29.0;45.77;60.64;2;C;49.34;83.54;64.17;Tidak Unggul
550;17;32.35;61.96;70.78;6;C;65.06;85.63;62.02;Tidak Unggul
700;27;25.93;60.16;62.33;9;C;77.38;83.39;73.57;Tidak Unggul
542;32;16.94;92.74;88.32;11;B;91.86;91.22;73.41;Unggul
913;66;13.83;87.45;78.6;15;A;89.92;93.81;84.91;Unggul
994;54;18.41;65.02;71.3;12;B;74.34;85.16;73.14;Unggul
356;16;22.25;64.85;81.74;14;B;69.91;79.81;68.28;Tidak Unggul
359;17;21.12;55.11;65.75;10;C;80.11;81.66;59.97;Tidak Unggul
264;11;24.0;66.9;73.49;9;B;57.32;84.05;71.7;Tidak Unggul
886;39;22.72;79.77;64.64;7;C;69.64;79.86;70.84;Tidak Unggul
795;28;28.39;75.48;69.2;9;B;76.42;82.48;69.67;Tidak Unggul
400;22;18.18;76.63;76.58;13;A;74.37;93.45;76.93;Tidak Unggul
368;26;14.15;80.22;80.31;18;A;87.46;93.44;76.79;Unggul
556;22;25.27;65.07;70.9;4;C;50.41;77.4;61.66;Tidak Unggul
592;25;23.68;65.52;75.71;6;B;67.96;78.66;64.67;Tidak Unggul
752;41;18.34;81.89;76.91;14;B;80.95;92.8;90.51;Unggul
503;26;19.35;79.7;81.15;13;A;84.45;89.39;77.81;Unggul
707;27;26.19;71.26;65.56;9;B;65.23;85.85;66.83;Tidak Unggul
699;42;16.64;70.23;83.81;16;A;74.98;92.72;85.06;Unggul
291;11;26.45;58.94;70.03;8;C;69.15;80.33;59.96;Tidak Unggul
761;32;23.78;72.78;75.3;10;B;81.29;93.34;71.81;Tidak Unggul
650;43;15.12;73.49;76.74;12;B;83.37;87.98;73.03;Unggul
989;48;20.6;58.16;71.23;9;B;72.42;80.85;71.35;Unggul
851;54;15.76;83.14;82.07;19;B;66.25;92.94;84.7;Unggul
696;25;27.84;100.0;70.98;7;B;78.27;84.38;62.09;Tidak Unggul
808;52;15.54;76.34;81.07;15;A;89.09;93.42;82.39;Unggul
691;19;36.37;63.73;70.76;11;B;75.84;81.73;59.68;Tidak Unggul
995;49;20.31;89.59;75.6;16;B;72.13;89.35;81.22;Unggul
656;41;16.0;89.32;64.17;15;A;82.11;92.24;84.0;Unggul
745;35;21.29;73.13;85.56;14;B;84.49;92.59;76.04;Unggul
430;18;23.89;77.35;73.41;10;B;45.0;84.82;70.46;Tidak Unggul
573;29;19.76;84.43;81.07;16;B;79.3;90.95;80.17;Unggul
419;23;18.22;74.25;76.89;14;A;80.25;91.3;87.13;Unggul
303;14;21.64;77.44;73.8;12;B;66.19;86.78;73.89;Tidak Unggul
763;51;14.96;82.2;79.54;17;A;89.83;88.76;80.04;Unggul
876;65;13.48;75.98;88.68;16;A;85.05;84.35;95.93;Unggul
811;39;20.79;91.74;77.88;13;B;74.77;91.89;85.11;Unggul
232;8;29.0;61.61;60.0;3;C;52.27;77.55;50.0;Tidak Unggul
771;39;19.77;58.57;79.0;10;B;60.13;90.94;74.87;Tidak Unggul
575;21;27.38;56.66;69.82;2;C;61.46;75.23;63.27;Tidak Unggul
424;24;17.67;70.28;76.64;13;A;78.62;89.28;76.32;Unggul
862;28;30.79;55.99;71.69;5;C;56.88;75.85;59.8;Tidak Unggul
433;26;16.65;77.29;78.0;11;B;72.49;87.9;74.54;Unggul
322;23;14.0;84.7;83.26;19;A;90.64;90.26;82.4;Unggul
476;16;29.75;72.21;66.13;4;C;62.44;75.12;54.93;Tidak Unggul
867;46;18.85;80.16;76.81;13;B;78.28;88.03;69.64;Unggul
212;10;21.2;59.59;78.83;9;B;72.18;86.62;58.79;Tidak Unggul
222;15;14.8;86.08;90.1;18;A;97.0;95.87;98.0;Unggul
912;39;23.38;48.77;70.78;9;B;72.0;86.64;65.26;Tidak Unggul
785;30;26.17;54.79;68.57;7;C;71.07;84.33;56.96;Tidak Unggul
524;39;13.44;60.8;83.56;16;B;74.65;88.44;79.68;Unggul
782;33;23.7;51.82;66.3;8;B;70.59;88.92;71.5;Tidak Unggul
657;31;21.19;85.87;70.19;12;B;76.37;89.9;79.79;Tidak Unggul
936;43;21.77;75.8;74.75;10;B;70.01;82.61;65.82;Unggul
547;28;19.54;78.93;72.14;13;B;71.82;86.91;73.81;Tidak Unggul
269;15;17.93;82.06;68.66;12;B;76.86;85.15;78.51;Tidak Unggul
586;41;14.29;89.17;93.51;17;A;71.21;98.71;83.15;Unggul
978;61;16.03;81.97;67.5;22;A;87.76;95.08;86.89;Unggul
825;37;22.3;62.03;74.52;9;B;70.48;84.86;64.97;Tidak Unggul
614;23;26.7;72.39;60.0;8;C;67.7;78.79;58.75;Tidak Unggul
435;32;13.59;88.35;76.3;18;A;80.93;95.74;85.57;Unggul
414;18;23.0;69.82;77.42;11;B;84.0;90.22;69.83;Tidak Unggul
469;23;20.39;75.01;84.76;12;B;66.95;83.81;61.74;Tidak Unggul
822;38;21.63;49.2;78.73;9;B;68.86;86.8;84.26;Unggul
525;28;18.75;77.96;70.06;12;B;85.63;88.08;71.3;Tidak Unggul
969;40;24.22;59.87;68.87;8;C;60.05;80.23;66.31;Tidak Unggul
238;14;17.0;93.82;74.25;14;B;55.84;84.52;84.13;Unggul
803;30;26.77;71.31;60.0;6;C;75.62;87.72;65.48;Tidak Unggul
352;12;29.33;45.0;63.17;5;C;69.75;78.4;55.79;Tidak Unggul
970;51;19.02;68.33;73.85;16;B;74.39;86.81;75.83;Unggul
888;52;17.08;79.76;85.12;13;A;80.86;92.95;91.04;Unggul
483;32;15.09;78.94;79.88;16;B;77.35;87.33;85.85;Unggul
371;20;18.55;77.79;88.53;17;A;95.53;90.13;78.13;Unggul
190;8;23.75;79.43;77.0;10;B;85.27;90.45;77.55;Tidak Unggul
857;45;19.04;73.36;81.22;14;B;75.29;85.03;76.78;Unggul
217;9;24.11;72.85;86.57;15;B;76.16;85.5;76.38;Tidak Unggul
925;49;18.88;84.51;77.34;11;B;88.17;86.18;77.29;Unggul
663;40;16.58;87.33;86.21;11;B;93.2;86.01;73.14;Unggul
786;59;13.32;92.58;80.16;17;A;90.7;96.78;85.01;Unggul
771;59;13.07;82.14;75.87;20;A;92.12;97.12;84.85;Unggul
747;45;16.6;73.22;82.23;13;B;81.38;91.64;74.88;Unggul
781;42;18.6;69.52;79.88;11;B;67.31;85.38;71.46;Unggul
276;9;30.67;62.03;61.71;9;C;68.2;86.27;62.04;Tidak Unggul
404;12;33.67;66.14;68.94;8;B;81.26;82.63;68.85;Tidak Unggul
844;50;16.88;80.78;70.68;12;A;72.17;89.37;80.13;Unggul
165;11;15.0;89.64;87.25;21;A;92.24;95.06;86.92;Unggul
626;41;15.27;81.45;81.06;15;B;83.35;88.91;85.11;Unggul
211;8;26.38;56.71;69.4;7;B;51.31;80.21;61.53;Tidak Unggul
581;27;21.52;60.93;71.91;11;B;73.24;82.71;64.54;Tidak Unggul
819;41;19.98;79.45;75.79;12;B;75.33;91.15;77.2;Unggul
417;22;18.95;77.48;82.74;13;B;76.57;83.39;75.59;Tidak Unggul
184;12;15.33;83.89;83.57;15;A;95.14;91.38;69.36;Unggul
928;73;12.71;87.82;87.48;19;B;84.72;90.92;95.88;Unggul
725;52;13.94;60.49;83.63;15;B;72.52;88.69;69.1;Unggul
643;29;22.17;81.59;75.92;13;B;75.57;78.6;64.24;Tidak Unggul
711;41;17.34;70.86;88.86;13;B;80.6;91.73;75.79;Unggul
618;33;18.73;92.69;85.58;17;A;85.82;90.7;84.71;Unggul
916;43;21.3;72.96;75.89;12;B;77.63;87.26;71.75;Unggul
810;29;27.93;58.87;70.48;8;B;68.72;84.49;66.81;Tidak Unggul
474;16;29.62;53.07;65.3;4;C;57.74;79.31;50.89;Tidak Unggul
453;18;25.17;56.11;60.89;6;C;57.3;82.64;64.39;Tidak Unggul
425;29;14.66;73.38;77.65;15;A;88.43;86.49;75.14;Unggul
833;37;22.51;53.41;77.69;8;B;81.2;84.49;71.39;Unggul
350;15;23.33;68.65;70.28;13;B;96.56;84.05;79.7;Tidak Unggul
594;47;12.64;93.75;93.79;19;A;95.22;90.87;88.93;Unggul
473;21;22.52;84.18;77.0;15;B;92.72;87.0;72.06;Unggul
184;10;18.4;74.89;77.7;15;A;78.47;88.77;80.14;Tidak Unggul
631;32;19.72;60.3;76.85;14;B;71.09;89.0;86.13;Unggul
877;69;12.71;91.07;89.77;19;A;80.32;89.81;87.95;Unggul
629;45;13.98;75.38;85.65;18;A;87.73;94.81;78.69;Unggul
214;15;14.27;76.11;94.84;17;A;85.01;99.0;90.01;Unggul
157;12;13.08;78.61;84.88;18;B;97.73;94.36;79.57;Unggul
450;18;25.0;62.68;73.1;7;B;64.52;84.81;72.52;Tidak Unggul
492;19;25.89;60.36;74.04;10;C;66.25;82.31;55.89;Tidak Unggul
580;36;16.11;68.17;77.7;15;B;83.14;88.19;76.82;Unggul
573;19;30.16;56.9;65.51;5;C;71.4;82.73;71.35;Tidak Unggul
481;26;18.5;74.75;82.88;18;A;88.02;94.46;86.49;Unggul
587;36;16.31;73.87;82.41;16;A;88.45;95.48;84.58;Unggul
737;30;24.57;65.62;72.19;10;C;76.63;82.89;65.17;Tidak Unggul
323;11;29.36;60.3;70.26;5;C;74.6;75.0;52.56;Tidak Unggul
708;32;22.12;76.5;83.37;13;A;62.42;89.48;73.76;Unggul
676;27;25.04;60.69;64.11;9;C;61.93;82.73;68.68;Tidak Unggul
808;31;26.06;68.36;79.56;11;B;85.71;83.21;71.02;Unggul
175;8;21.88;88.06;79.75;13;A;79.71;87.68;71.23;Tidak Unggul
969;45;21.53;84.73;77.95;13;B;85.72;86.15;82.13;Unggul
754;34;22.18;70.13;74.14;12;C;48.0;84.06;66.95;Tidak Unggul
555;22;25.23;50.28;70.98;8;B;60.27;88.8;67.2;Tidak Unggul
381;12;31.75;67.43;66.78;10;C;53.69;84.2;65.71;Tidak Unggul
682;44;15.5;78.65;89.28;18;A;81.82;91.91;86.88;Unggul
968;45;21.51;69.16;79.02;14;B;76.61;92.54;81.51;Unggul
699;31;22.55;68.31;78.9;9;A;75.55;87.27;70.37;Unggul
937;58;16.16;87.53;81.25;14;A;92.34;92.13;76.61;Unggul
654;20;32.7;63.41;67.06;3;C;62.81;84.54;50.0;Tidak Unggul
818;53;15.43;79.62;90.39;18;A;92.72;87.86;86.83;Unggul
328;25;13.12;87.38;93.35;19;A;86.28;90.25;90.37;Unggul
281;10;28.1;53.63;60.55;5;C;48.19;78.17;61.41;Tidak Unggul
972;47;20.68;67.47;82.65;11;C;70.0;89.48;74.29;Unggul
604;42;14.38;90.59;83.38;17;A;78.74;91.56;84.89;Unggul
497;19;26.16;66.92;65.95;9;C;61.45;86.8;69.47;Tidak Unggul
689;29;23.76;50.08;70.22;9;C;53.81;78.69;73.54;Tidak Unggul
921;68;13.54;81.08;81.08;15;A;82.9;93.27;85.33;Unggul
555;14;39.64;71.9;60.98;8;C;59.11;79.52;58.85;Tidak Unggul
225;11;20.45;64.25;74.13;11;B;81.2;83.41;66.19;Tidak Unggul
728;33;22.06;88.53;82.68;14;A;88.35;92.83;75.55;Unggul
641;30;21.37;79.56;79.37;12;B;81.69;90.64;68.48;Unggul
343;17;20.18;85.99;85.93;14;B;100.0;89.48;79.83;Unggul
311;18;17.28;88.4;82.51;17;B;79.02;91.14;79.88;Unggul
496;27;18.37;75.9;79.71;15;B;73.67;83.4;70.94;Unggul
510;22;23.18;67.76;77.38;12;B;72.77;85.84;75.88;Tidak Unggul
918;39;23.54;76.16;87.1;13;B;74.59;83.91;81.73;Unggul
733;56;13.09;88.04;81.87;23;A;76.08;94.19;85.48;Unggul
236;18;13.11;90.47;81.33;18;A;80.59;93.35;83.37;Unggul
411;15;27.4;48.04;81.25;10;C;70.61;85.43;65.45;Tidak Unggul
363;22;16.5;72.37;83.94;18;A;95.54;93.02;93.33;Unggul
814;63;12.92;81.22;73.6;16;A;71.5;95.3;75.58;Unggul
871;49;17.78;76.87;87.29;13;B;66.79;83.66;63.17;Unggul
722;34;21.24;70.36;74.99;13;B;71.79;89.53;81.23;Tidak Unggul
929;63;14.75;89.72;87.98;18;A;93.73;98.15;76.52;Unggul
411;22;18.68;81.03;83.87;14;B;70.26;90.48;72.21;Unggul
879;43;20.44;70.2;79.91;11;B;62.56;84.94;82.96;Unggul
432;22;19.64;83.21;71.04;12;B;62.37;88.81;72.83;Unggul
797;49;16.27;92.15;93.3;16;A;79.7;89.0;83.07;Unggul
616;26;23.69;74.97;79.83;15;A;76.02;87.98;80.03;Unggul
529;21;25.19;68.98;67.59;8;C;69.82;83.73;55.44;Tidak Unggul
511;16;31.94;46.57;61.13;6;C;66.49;76.26;61.9;Tidak Unggul
598;25;23.92;81.98;79.12;10;A;83.99;90.54;65.99;Unggul
590;21;28.1;72.29;73.95;4;B;61.31;83.4;57.16;Tidak Unggul
242;16;15.12;76.01;83.89;20;A;80.2;87.62;86.23;Unggul
770;40;19.25;78.57;68.15;14;B;77.91;77.42;70.48;Unggul
902;57;15.82;68.61;81.35;17;A;75.97;86.44;85.41;Unggul
573;40;14.32;81.59;86.64;18;A;94.96;95.07;94.87;Unggul
291;11;26.45;59.21;61.07;6;B;67.58;87.83;59.9;Tidak Unggul
440;30;14.67;73.93;89.21;21;A;98.6;96.35;90.97;Unggul
581;37;15.7;84.11;90.49;19;A;96.79;97.39;83.61;Unggul
898;30;29.93;64.62;68.06;9;B;72.78;86.86;73.85;Tidak Unggul
973;63;15.44;84.52;85.89;15;A;68.27;91.89;85.22;Unggul
838;53;15.81;67.59;77.19;16;B;78.71;84.14;85.2;Unggul
802;54;14.85;83.82;74.41;13;B;86.37;93.87;85.16;Unggul
850;40;21.25;63.55;68.62;9;B;83.32;83.93;81.6;Tidak Unggul
198;12;16.5;68.58;76.91;15;B;86.74;86.93;82.02;Unggul
451;23;19.61;69.24;78.59;9;B;61.92;85.02;67.64;Unggul
339;15;22.6;78.83;79.03;12;B;88.14;89.7;77.39;Tidak Unggul
285;12;23.75;65.16;68.65;14;B;71.39;85.31;71.15;Tidak Unggul
704;25;28.16;71.31;68.39;8;B;72.8;84.7;69.33;Tidak Unggul
553;23;24.04;74.21;84.43;12;B;78.67;86.64;75.0;Tidak Unggul
751;26;28.88;84.19;69.38;4;C;54.75;84.19;51.04;Tidak Unggul
956;42;22.76;67.57;67.0;10;B;65.17;80.56;66.74;Tidak Unggul
490;35;14.0;84.19;93.05;21;A;90.61;93.7;81.07;Unggul
906;63;14.38;87.02;91.8;15;A;74.07;91.83;91.61;Unggul
853;66;12.92;77.72;80.38;15;B;76.18;90.58;89.87;Unggul
467;19;24.58;73.73;73.87;13;A;71.02;90.81;85.21;Unggul
767;36;21.31;53.57;69.97;9;B;54.55;85.12;77.44;Tidak Unggul
512;26;19.69;78.15;79.75;14;B;87.05;89.34;80.73;Unggul
971;68;14.28;81.48;91.54;24;A;100.0;92.56;84.2;Unggul
531;23;23.09;65.22;70.08;11;B;75.13;80.4;70.67;Tidak Unggul
382;10;38.2;66.94;73.73;7;C;50.21;81.15;75.07;Tidak Unggul
926;38;24.37;65.6;70.83;9;B;70.66;80.0;68.48;Tidak Unggul
493;17;29.0;71.69;67.46;8;B;75.75;83.07;66.83;Tidak Unggul
698;25;27.92;74.27;73.1;7;C;64.39;78.27;68.39;Tidak Unggul
966;28;34.5;54.54;61.69;3;C;58.93;78.75;56.44;Tidak Unggul
702;30;23.4;72.5;70.89;14;B;76.3;84.51;71.2;Tidak Unggul
678;29;23.38;54.56;74.52;11;B;65.92;89.74;70.39;Tidak Unggul
938;57;16.46;75.36;76.2;11;B;67.83;88.89;81.14;Unggul
968;67;14.45;96.12;85.77;18;A;74.96;98.36;85.71;Unggul
720;38;18.95;67.0;73.34;14;B;71.74;88.09;76.75;Unggul
332;22;15.09;87.16;83.34;16;B;76.55;94.23;81.25;Unggul
190;8;23.75;61.24;70.91;8;B;63.83;83.23;60.07;Tidak Unggul
700;40;17.5;74.22;83.07;14;B;88.41;87.7;77.96;Unggul
546;21;26.0;80.59;75.2;10;B;76.97;83.82;65.89;Tidak Unggul
853;38;22.45;71.23;81.79;12;B;63.79;88.16;66.83;Unggul
928;51;18.2;86.95;76.57;15;A;79.78;92.32;83.74;Unggul
643;23;27.96;49.82;78.28;8;C;67.39;84.1;73.56;Tidak Unggul
808;42;19.24;66.91;68.74;11;B;52.67;86.88;68.41;Unggul
482;22;21.91;76.11;80.58;11;B;71.32;86.63;69.24;Tidak Unggul
276;16;17.25;74.52;79.33;13;A;73.22;84.99;73.79;Unggul
707;31;22.81;62.85;66.88;7;B;63.25;83.25;66.31;Tidak Unggul
706;42;16.81;77.94;64.38;12;B;77.3;86.34;76.05;Unggul
150;8;18.75;74.47;75.42;15;A;74.34;90.92;86.53;Tidak Unggul
317;15;21.13;87.98;77.43;14;B;84.22;84.19;74.35;Unggul
769;30;25.63;59.25;68.99;4;C;62.96;82.24;53.34;Tidak Unggul
168;8;21.0;63.96;71.71;10;B;83.8;81.89;67.22;Tidak Unggul
481;23;20.91;61.9;72.13;8;B;69.1;80.67;65.58;Tidak Unggul
733;37;19.81;77.63;78.45;14;A;91.59;91.18;77.94;Unggul
605;28;21.61;68.18;76.12;12;B;85.12;81.56;67.59;Tidak Unggul
258;11;23.45;74.7;67.48;11;B;74.83;88.3;71.7;Tidak Unggul
417;20;20.85;72.83;75.24;12;B;74.07;85.04;76.47;Unggul
594;31;19.16;74.84;82.78;13;B;74.15;91.37;83.76;Unggul
389;15;25.93;66.1;81.25;6;C;66.34;78.23;59.9;Tidak Unggul
450;26;17.31;69.07;80.86;11;B;89.31;85.86;75.25;Unggul
751;32;23.47;67.01;67.54;9;C;66.25;84.43;68.7;Tidak Unggul
252;12;21.0;74.45;72.27;13;B;76.23;85.93;64.74;Tidak Unggul
399;17;23.47;76.27;79.47;15;B;88.03;84.96;72.42;Tidak Unggul
602;42;14.33;76.73;77.48;16;A;96.45;92.0;75.06;Unggul
669;32;20.91;63.87;73.85;12;B;70.14;77.53;71.55;Tidak Unggul
302;12;25.17;78.26;77.02;12;B;76.69;90.03;82.33;Tidak Unggul
323;8;40.38;61.2;62.05;3;C;49.6;75.3;53.01;Tidak Unggul
492;20;24.6;53.83;72.37;8;C;64.39;86.05;69.08;Tidak Unggul
819;51;16.06;80.71;84.87;17;A;91.05;95.18;91.7;Unggul
580;36;16.11;92.63;81.28;17;A;84.29;90.94;84.56;Unggul
876;35;25.03;73.69;68.1;8;B;61.75;84.86;64.75;Tidak Unggul
838;31;27.03;57.65;65.15;9;B;61.71;78.72;65.44;Tidak Unggul
836;48;17.42;80.65;75.33;16;B;90.34;88.78;91.23;Unggul
999;64;15.61;77.88;80.62;12;B;79.78;86.56;72.5;Unggul
807;28;28.82;71.49;76.22;5;B;64.95;83.45;66.49;Tidak Unggul
473;25;18.92;78.2;90.49;14;B;68.49;89.29;75.15;Unggul
822;45;18.27;85.94;89.24;18;A;84.11;91.01;76.35;Unggul
788;53;14.87;94.39;90.15;18;A;86.98;93.02;85.5;Unggul
569;34;16.74;85.59;81.19;16;A;67.85;88.77;86.6;Unggul
743;36;20.64;72.67;83.84;13;B;83.79;87.74;82.08;Unggul
634;27;23.48;64.94;67.82;8;B;71.44;85.07;62.95;Tidak Unggul
808;43;18.79;64.27;83.27;11;B;73.18;87.02;85.29;Unggul
900;52;17.31;74.74;79.34;14;A;66.73;90.59;85.9;Unggul
561;33;17.0;77.25;83.71;17;B;89.91;95.71;79.23;Unggul
233;16;14.56;80.97;84.11;15;A;86.52;93.58;83.53;Unggul
262;16;16.38;77.46;86.2;17;B;81.48;90.28;78.9;Unggul
886;46;19.26;85.38;81.04;16;A;82.43;92.48;77.55;Unggul
481;20;24.05;74.56;77.44;12;B;67.25;86.13;76.05;Unggul
527;37;14.24;74.71;79.86;20;A;87.74;93.41;89.12;Unggul
904;75;12.05;83.1;79.99;15;B;89.66;94.15;83.37;Unggul
804;60;13.4;82.55;92.79;17;A;77.52;94.95;92.45;Unggul
190;9;21.11;68.76;75.76;15;A;87.38;91.65;81.05;Unggul
919;36;25.53;51.53;66.4;6;C;64.29;84.66;56.65;Tidak Unggul
946;70;13.51;83.3;83.35;15;A;89.1;97.25;83.46;Unggul
254;8;31.75;75.59;68.76;10;B;66.81;78.88;68.04;Tidak Unggul
351;27;13.0;83.4;91.16;21;A;86.46;88.49;86.69;Unggul
599;23;26.04;72.99;72.87;6;B;55.98;80.02;69.95;Tidak Unggul
968;46;21.04;69.17;77.3;10;B;66.91;79.74;69.59;Tidak Unggul
992;41;24.2;51.51;78.26;9;B;72.49;95.46;77.37;Unggul
415;20;20.75;77.01;75.84;12;B;85.55;90.22;72.77;Unggul
359;17;21.12;63.43;80.08;14;B;70.95;82.95;76.56;Tidak Unggul
712;22;32.36;54.2;60.47;7;C;50.4;81.3;60.28;Tidak Unggul
267;14;19.07;76.07;74.15;9;B;72.19;83.86;73.82;Tidak Unggul
862;41;21.02;76.36;78.98;14;B;72.36;84.77;78.5;Unggul
526;40;13.15;88.93;80.87;20;A;91.91;89.04;85.22;Unggul
700;43;16.28;79.62;88.15;14;A;81.71;84.88;73.6;Unggul
689;22;31.32;55.97;63.85;5;C;79.26;84.33;64.58;Tidak Unggul
920;42;21.9;84.53;74.63;10;B;74.75;84.2;65.78;Tidak Unggul
233;14;16.64;75.65;81.19;12;B;78.9;85.11;78.48;Unggul
603;22;27.41;70.42;84.91;8;B;74.09;90.81;78.14;Tidak Unggul
816;27;30.22;55.89;60.0;2;C;51.99;80.0;52.46;Tidak Unggul
778;35;22.23;53.06;73.78;8;B;79.08;87.36;65.38;Unggul
663;26;25.5;60.2;69.1;7;C;69.6;81.39;54.65;Tidak Unggul
754;31;24.32;59.93;77.02;10;B;69.08;88.89;60.9;Tidak Unggul
827;43;19.23;62.68;81.28;15;B;79.63;89.1;77.64;Unggul
536;32;16.75;62.44;79.91;13;B;87.72;83.97;76.58;Unggul
499;23;21.7;70.34;78.73;16;B;79.94;88.5;73.1;Tidak Unggul
445;20;22.25;69.21;67.95;9;B;70.35;79.36;56.64;Tidak Unggul
407;18;22.61;55.09;66.24;9;B;67.88;83.14;65.19;Tidak Unggul
230;12;19.17;79.05;80.79;11;B;81.01;85.16;75.67;Unggul
417;31;13.45;82.12;77.49;16;A;85.67;91.97;88.31;Unggul
568;24;23.67;67.09;75.28;10;B;72.11;84.07;68.49;Tidak Unggul
384;15;25.6;85.32;78.93;10;B;67.83;88.42;82.54;Tidak Unggul
982;53;18.53;77.76;75.26;16;A;84.28;89.93;79.54;Unggul
460;17;27.06;66.93;72.97;7;C;49.86;81.38;55.14;Tidak Unggul
962;42;22.9;67.39;76.93;10;C;76.84;84.72;74.89;Unggul
506;18;28.11;68.01;64.92;3;C;57.34;77.72;63.69;Tidak Unggul
362;25;14.48;87.12;77.68;15;A;72.04;93.79;87.28;Unggul
723;29;24.93;58.68;69.52;7;C;59.21;83.77;70.55;Tidak Unggul
198;11;18.0;72.76;77.01;12;B;82.99;89.33;79.75;Tidak Unggul
276;20;13.8;67.67;77.18;17;B;92.84;88.51;76.99;Unggul
372;14;26.57;66.48;71.14;10;C;70.69;79.97;56.93;Tidak Unggul
428;16;26.75;68.14;63.94;7;B;68.93;82.11;62.92;Tidak Unggul
557;22;25.32;60.89;61.19;5;C;59.07;80.91;57.08;Tidak Unggul
654;32;20.44;83.28;72.94;10;B;89.05;84.23;72.74;Unggul
443;25;17.72;74.76;68.28;12;B;73.89;86.68;64.45;Tidak Unggul
945;49;19.29;87.12;85.71;17;B;79.72;85.76;70.57;Unggul
426;18;23.67;65.74;74.22;8;B;68.91;89.03;70.18;Tidak Unggul
587;23;25.52;52.47;63.09;7;C;75.35;84.42;63.98;Tidak Unggul
256;9;28.44;55.07;63.51;6;C;63.5;76.79;58.15;Tidak Unggul
807;38;21.24;68.53;76.82;9;B;76.86;85.86;62.11;Tidak Unggul
569;34;16.74;76.19;90.12;19;A;80.43;85.99;85.32;Unggul
760;51;14.9;73.85;88.21;20;A;93.56;93.55;87.44;Unggul
578;27;21.41;50.09;69.6;9;C;63.15;83.08;64.33;Tidak Unggul
524;38;13.79;93.19;77.9;17;A;83.24;91.15;93.49;Unggul
222;12;18.5;76.25;74.92;14;B;80.13;84.8;81.79;Unggul
783;41;19.1;72.1;68.22;14;B;68.94;86.35;73.56;Tidak Unggul
179;9;19.89;69.48;66.67;10;B;64.29;83.33;71.12;Tidak Unggul
337;20;16.85;78.69;90.62;18;B;95.53;94.23;92.26;Unggul
513;20;25.65;70.45;68.69;7;B;58.59;86.68;64.33;Tidak Unggul
949;46;20.63;65.17;81.97;13;A;96.61;91.41;78.13;Unggul
600;48;12.5;66.5;86.57;16;A;94.1;96.55;85.71;Unggul
344;29;11.86;78.43;81.15;16;A;96.05;88.61;86.38;Unggul
305;18;16.94;82.7;83.67;15;A;78.48;91.7;85.22;Unggul
321;9;35.67;59.28;71.18;8;B;72.94;87.15;56.19;Tidak Unggul
996;63;15.81;71.0;82.87;18;A;88.0;92.15;91.59;Unggul
190;8;23.75;76.32;76.64;13;B;80.52;87.39;75.15;Tidak Unggul
212;9;23.56;63.55;71.03;10;C;63.47;81.04;69.62;Tidak Unggul
172;11;15.64;80.34;78.28;13;A;85.29;93.2;80.78;Unggul
509;24;21.21;78.99;72.86;9;B;74.72;82.69;68.72;Tidak Unggul
224;12;18.67;62.34;87.91;12;B;75.65;88.94;78.26;Unggul
709;50;14.18;89.49;93.18;21;A;78.52;92.77;94.79;Unggul
821;37;22.19;75.54;80.71;11;B;83.21;83.83;78.03;Unggul
974;36;27.06;73.87;74.68;9;B;68.0;85.9;64.52;Tidak Unggul
267;9;29.67;54.13;66.85;3;C;52.22;84.96;57.41;Tidak Unggul
761;40;19.02;78.01;78.64;16;A;75.85;87.29;76.72;Unggul
529;30;17.63;87.6;88.99;17;A;89.14;88.58;83.15;Unggul
828;44;18.82;78.85;79.93;14;B;75.92;86.7;83.51;Unggul
439;18;24.39;79.29;74.38;9;B;69.09;83.0;73.02;Tidak Unggul
589;31;19.0;71.08;78.96;14;A;82.25;91.06;84.22;Unggul
817;30;27.23;66.03;65.14;8;C;57.3;77.07;58.74;Tidak Unggul
156;8;19.5;79.98;88.22;18;A;87.59;94.58;80.71;Unggul
345;13;26.54;62.06;69.61;11;C;69.58;86.62;51.68;Tidak Unggul
570;30;19.0;76.08;72.7;10;B;89.74;87.54;73.04;Tidak Unggul
717;29;24.72;67.79;73.2;8;B;73.21;80.79;66.46;Tidak Unggul
982;39;25.18;54.79;68.13;7;C;66.81;85.53;62.44;Tidak Unggul
342;12;28.5;70.21;75.82;10;C;50.1;80.47;69.13;Tidak Unggul
708;36;19.67;74.53;72.07;10;B;76.46;86.13;67.85;Unggul
297;18;16.5;96.21;87.76;16;A;100.0;92.98;89.22;Unggul
936;68;13.76;93.01;93.19;20;A;85.69;90.95;97.28;Unggul
818;35;23.37;63.2;73.21;9;C;53.9;88.93;66.51;Tidak Unggul
351;18;19.5;68.97;77.21;12;B;66.32;82.08;77.29;Tidak Unggul
593;23;25.78;74.14;68.15;10;C;72.84;83.62;70.25;Tidak Unggul
568;39;14.56;78.86;86.58;21;A;84.45;93.87;84.44;Unggul
576;35;16.46;68.28;80.72;12;B;71.27;88.72;79.1;Unggul
628;36;17.44;73.94;76.59;11;B;75.99;87.57;82.36;Unggul
624;35;17.83;65.61;87.46;16;A;81.3;89.63;78.84;Unggul
275;17;16.18;84.5;82.54;17;A;95.15;92.91;82.71;Unggul
544;24;22.67;70.76;71.77;11;B;64.63;81.19;68.54;Tidak Unggul
966;47;20.55;74.1;91.77;14;B;78.75;85.3;95.39;Unggul
955;38;25.13;83.41;79.87;13;B;56.93;90.16;70.87;Unggul
725;40;18.12;81.17;70.87;12;B;69.34;88.24;72.25;Unggul
474;29;16.34;73.03;83.89;18;B;83.67;90.0;80.69;Unggul
541;28;19.32;74.7;77.53;11;B;68.62;89.38;68.25;Unggul
837;30;27.9;66.97;61.27;3;C;45.0;81.68;59.32;Tidak Unggul
777;56;13.88;78.27;78.58;13;B;84.5;91.82;72.2;Unggul
589;23;25.61;61.32;63.86;8;C;69.8;87.49;61.9;Tidak Unggul
353;21;16.81;73.52;85.38;21;B;77.44;92.49;80.66;Unggul
635;22;28.86;57.8;60.0;9;C;68.51;80.61;57.24;Tidak Unggul
982;39;25.18;54.47;64.59;10;B;53.61;80.94;67.72;Tidak Unggul
180;8;22.5;72.03;62.87;9;B;59.74;76.69;70.15;Tidak Unggul
537;24;22.38;69.16;76.6;12;B;83.76;83.21;75.8;Unggul
774;52;14.88;80.87;77.66;14;B;88.96;91.42;77.18;Unggul
583;26;22.42;78.63;74.83;10;B;75.18;82.51;66.14;Tidak Unggul
986;53;18.6;77.73;69.65;12;B;72.93;87.58;79.21;Unggul
525;25;21.0;86.86;76.05;17;A;82.97;91.7;77.19;Unggul
493;16;30.81;53.2;66.75;3;C;60.12;78.92;50.0;Tidak Unggul
592;24;24.67;72.44;67.73;10;B;56.65;85.95;78.93;Tidak Unggul
728;43;16.93;73.98;80.98;13;B;65.38;90.97;63.95;Unggul
224;10;22.4;66.49;74.92;11;B;82.24;89.03;80.37;Tidak Unggul
706;35;20.17;71.83;73.26;15;B;55.31;81.69;71.07;Tidak Unggul
921;48;19.19;90.22;77.25;14;B;81.61;95.12;78.54;Unggul
815;30;27.17;61.36;70.37;7;C;64.52;81.75;65.78;Tidak Unggul
304;13;23.38;54.0;82.82;10;C;61.99;86.24;75.51;Tidak Unggul
579;28;20.68;67.04;87.43;11;B;71.14;86.21;69.26;Unggul
512;22;23.27;58.16;62.67;8;C;64.94;80.26;61.93;Tidak Unggul
597;39;15.31;84.67;86.18;18;A;84.39;92.65;93.94;Unggul
383;20;19.15;84.81;90.24;16;A;80.92;89.0;86.47;Unggul
712;40;17.8;80.1;73.56;14;A;83.61;88.31;85.14;Unggul
967;75;12.89;83.53;84.32;21;A;95.43;96.53;98.0;Unggul
411;21;19.57;72.54;77.1;12;B;66.67;84.53;75.79;Tidak Unggul
976;44;22.18;67.66;74.35;13;B;79.44;79.9;74.24;Unggul
274;11;24.91;53.22;62.91;9;B;64.22;80.47;66.78;Tidak Unggul
394;27;14.59;75.93;83.2;14;B;62.26;93.02;85.36;Unggul
691;49;14.1;100.0;85.21;16;B;79.94;94.39;81.55;Unggul
634;22;28.82;56.39;74.4;9;C;65.01;84.45;61.96;Tidak Unggul
271;20;13.55;66.97;86.11;19;A;72.48;92.92;88.42;Unggul
274;8;34.25;74.36;71.01;6;B;62.67;88.09;63.83;Tidak Unggul
698;43;16.23;86.04;84.1;17;A;82.17;95.91;84.71;Unggul
319;13;24.54;67.68;76.28;7;B;68.86;81.0;61.93;Tidak Unggul
273;17;16.06;80.3;77.9;17;A;82.09;93.87;76.87;Unggul
184;8;23.0;69.49;66.66;12;B;67.72;86.4;60.69;Tidak Unggul
236;9;26.22;62.5;73.15;11;C;70.43;79.52;67.28;Tidak Unggul
795;45;17.67;84.33;75.66;12;B;77.87;88.91;69.15;Unggul
857;58;14.78;85.01;75.6;14;B;81.91;87.3;84.46;Unggul
935;34;27.5;70.98;75.15;10;C;64.42;83.54;80.08;Tidak Unggul
350;14;25.0;66.1;78.62;13;B;65.07;85.95;78.92;Tidak Unggul
518;35;14.8;79.85;70.47;14;A;84.46;93.62;81.93;Unggul
946;75;12.61;73.87;84.45;14;B;72.62;93.21;82.45;Unggul
226;8;28.25;69.74;62.77;7;C;72.97;77.77;54.59;Tidak Unggul
208;11;18.91;71.69;82.38;14;A;70.84;95.65;83.86;Unggul
580;27;21.48;69.13;73.77;10;B;69.67;87.79;83.55;Unggul
787;37;21.27;64.02;79.24;11;B;82.17;82.84;67.31;Unggul
649;24;27.04;62.92;71.47;8;B;67.32;81.26;69.55;Tidak Unggul
258;8;32.25;55.93;60.0;5;C;63.55;76.68;59.69;Tidak Unggul
885;26;34.04;66.02;63.75;9;C;69.51;82.86;71.45;Tidak Unggul
427;28;15.25;71.0;73.83;17;A;68.36;95.15;79.67;Unggul
217;11;19.73;89.89;76.57;14;B;74.56;90.79;91.0;Tidak Unggul
218;13;16.77;73.38;80.09;14;A;74.49;89.08;77.81;Unggul
314;16;19.62;65.42;78.55;12;B;70.15;91.44;75.46;Unggul
638;28;22.79;79.19;74.87;10;B;80.4;84.56;79.92;Tidak Unggul
454;32;14.19;100.0;81.25;21;A;87.83;94.28;87.89;Unggul
823;26;31.65;61.7;70.1;7;C;64.66;86.4;63.26;Tidak Unggul
514;37;13.89;78.73;72.68;18;A;79.75;88.56;82.33;Unggul
970;40;24.25;67.25;79.62;12;B;81.25;89.84;78.89;Unggul
528;20;26.4;65.46;65.77;6;C;55.24;81.39;67.41;Tidak Unggul
492;21;23.43;70.94;69.0;5;B;54.85;78.18;63.0;Tidak Unggul
703;45;15.62;77.33;77.48;14;A;78.3;92.38;84.83;Unggul
503;28;17.96;76.95;79.25;15;B;89.35;92.1;78.8;Unggul
565;22;25.68;72.23;64.12;8;B;64.33;84.96;60.4;Tidak Unggul
258;14;18.43;81.29;82.64;14;A;78.84;89.58;77.28;Unggul
712;31;22.97;79.15;65.07;9;B;60.24;88.87;60.91;Tidak Unggul
911;54;16.87;68.31;72.77;12;B;68.5;87.31;79.31;Unggul
646;32;20.19;78.48;70.59;11;B;84.63;84.17;76.82;Unggul
490;19;25.79;66.05;74.32;9;B;49.49;79.37;75.32;Tidak Unggul
532;27;19.7;62.76;76.39;16;B;72.54;86.82;81.94;Unggul
682;30;22.73;84.0;80.28;12;B;59.36;83.93;81.02;Tidak Unggul
449;23;19.52;82.46;84.98;17;B;75.89;88.92;94.16;Unggul
288;13;22.15;70.82;66.05;12;C;73.41;83.1;62.99;Tidak Unggul
508;41;12.39;89.44;82.99;19;A;96.19;94.11;79.81;Unggul
985;55;17.91;81.44;70.85;15;B;68.52;86.3;79.58;Unggul
648;31;20.9;66.99;79.78;11;B;82.15;85.48;72.66;Tidak Unggul
534;26;20.54;78.5;73.2;14;B;64.05;86.8;73.75;Tidak Unggul
753;40;18.82;84.62;77.24;15;B;77.59;91.16;73.86;Unggul
429;24;17.88;64.92;79.25;16;B;82.37;92.33;80.16;Unggul
786;41;19.17;82.79;71.25;8;B;56.5;86.11;67.98;Tidak Unggul
632;36;17.56;69.65;77.55;11;B;68.7;88.43;73.17;Unggul
260;9;28.89;72.35;79.01;8;B;64.51;83.28;68.26;Tidak Unggul
288;11;26.18;65.09;78.83;11;B;52.24;80.39;71.23;Tidak Unggul
584;45;12.98;75.36;75.74;19;A;75.11;85.93;83.81;Unggul
658;54;12.19;77.84;88.45;14;A;76.35;83.58;77.51;Unggul
422;16;26.38;82.8;70.89;10;B;60.88;79.91;69.17;Tidak Unggul
248;12;20.67;90.74;64.99;15;B;72.07;87.12;75.66;Tidak Unggul
913;36;25.36;57.56;66.33;7;B;64.99;82.31;60.95;Tidak Unggul
999;72;13.88;92.29;76.06;15;A;86.27;84.72;88.14;Unggul
253;10;25.3;64.19;67.02;10;C;74.91;80.11;67.46;Tidak Unggul
363;11;33.0;82.56;80.67;7;B;65.33;82.2;69.82;Tidak Unggul
910;41;22.2;76.58;65.34;8;B;56.26;82.7;66.24;Tidak Unggul
813;64;12.7;88.96;80.69;19;A;72.5;92.69;86.65;Unggul
911;51;17.86;77.83;79.25;12;B;89.74;85.13;73.58;Unggul
936;47;19.91;72.93;68.36;11;B;68.68;83.93;73.62;Unggul
314;15;20.93;76.67;74.96;12;B;76.73;84.34;77.5;Tidak Unggul
669;40;16.73;64.85;77.48;13;A;81.8;91.33;78.95;Unggul
433;35;12.37;87.49;79.26;18;A;90.08;97.15;79.82;Unggul
666;25;26.64;60.07;71.37;8;B;75.82;80.66;66.3;Tidak Unggul
806;40;20.15;63.47;68.36;9;B;74.75;82.28;61.22;Tidak Unggul
762;46;16.57;84.1;83.51;12;B;84.82;93.64;71.12;Unggul
313;26;12.04;88.89;83.44;19;A;83.46;90.3;97.23;Unggul
808;27;29.93;54.74;61.15;5;C;64.83;79.87;53.68;Tidak Unggul
213;10;21.3;62.37;71.0;11;B;76.94;91.17;70.97;Tidak Unggul
240;8;30.0;52.61;62.99;5;C;51.43;77.18;56.93;Tidak Unggul
266;8;33.25;65.81;63.82;7;C;79.97;78.97;62.78;Tidak Unggul
416;29;14.34;95.9;86.54;17;A;83.94;90.42;79.85;Unggul
971;54;17.98;70.8;78.72;14;A;67.18;89.58;72.45;Unggul
834;46;18.13;73.84;79.24;9;B;78.64;86.91;67.18;Unggul
708;29;24.41;65.27;67.91;5;B;66.6;81.9;63.55;Tidak Unggul
289;20;14.45;88.64;89.65;16;A;78.68;91.39;77.53;Unggul
395;22;17.95;75.49;76.3;12;B;80.77;80.1;72.8;Unggul
810;26;31.15;66.69;66.95;7;C;57.47;82.45;51.49;Tidak Unggul
907;51;17.78;87.38;83.28;14;A;83.65;87.56;76.51;Unggul
544;19;28.63;53.9;60.0;8;C;66.57;84.5;71.23;Tidak Unggul
636;21;30.29;69.34;66.01;8;C;66.47;84.31;59.92;Tidak Unggul
625;41;15.24;65.41;78.82;15;B;78.56;91.96;82.45;Unggul
666;35;19.03;70.47;77.59;10;B;70.01;88.63;67.28;Unggul
333;16;20.81;75.21;84.34;14;B;90.41;89.76;80.94;Unggul
169;8;21.12;67.33;82.08;12;A;70.28;85.86;82.48;Tidak Unggul
707;31;22.81;79.54;73.93;11;B;74.0;86.11;72.98;Tidak Unggul
673;19;35.42;66.99;61.33;5;C;58.28;82.7;56.64;Tidak Unggul
731;30;24.37;74.7;71.21;10;B;69.82;82.82;67.51;Tidak Unggul
678;45;15.07;78.86;77.33;15;B;87.67;88.91;72.67;Unggul
296;23;12.87;78.39;80.22;19;A;100.0;94.77;91.76;Unggul
815;37;22.03;69.54;76.56;13;B;78.96;86.0;73.18;Unggul
453;27;16.78;81.45;72.15;10;B;76.99;91.2;76.45;Unggul
769;31;24.81;78.76;73.52;10;B;75.44;84.53;61.54;Tidak Unggul
897;46;19.5;83.52;75.72;13;B;86.92;84.35;75.8;Unggul
969;54;17.94;82.6;92.78;14;A;73.52;92.92;85.14;Unggul
731;59;12.39;76.45;84.82;14;A;77.47;89.31;79.66;Unggul
844;38;22.21;49.28;73.21;7;C;60.38;81.39;70.3;Tidak Unggul
911;67;13.6;85.89;86.05;14;A;86.43;88.88;76.18;Unggul
377;17;22.18;66.49;70.1;9;B;66.47;83.24;64.72;Tidak Unggul
251;13;19.31;68.11;74.29;16;B;67.4;87.68;83.11;Tidak Unggul
736;31;23.74;77.24;64.1;12;C;67.56;90.96;76.74;Tidak Unggul
566;27;20.96;85.33;79.88;14;B;76.86;91.03;82.14;Unggul
365;23;15.87;91.45;88.38;18;A;90.79;89.3;88.04;Unggul
556;18;30.89;63.43;60.62;3;C;56.97;77.69;50.0;Tidak Unggul
548;41;13.37;95.78;85.46;20;A;83.61;94.03;96.97;Unggul
864;47;18.38;59.39;78.98;16;A;94.93;84.48;85.04;Unggul
853;56;15.23;93.67;77.92;15;A;86.13;88.77;83.04;Unggul
910;32;28.44;50.62;61.04;3;C;60.67;80.4;64.87;Tidak Unggul
648;22;29.45;58.27;70.8;9;B;66.89;81.92;68.34;Tidak Unggul
903;41;22.02;65.28;78.55;9;C;61.31;89.04;74.6;Tidak Unggul
614;24;25.58;66.74;73.56;12;C;71.79;86.7;60.72;Tidak Unggul
840;30;28.0;70.43;71.07;4;C;45.0;83.96;56.26;Tidak Unggul
880;67;13.13;88.52;95.0;19;B;89.94;94.98;91.6;Unggul
231;9;25.67;60.54;72.77;9;B;45.0;83.2;66.61;Tidak Unggul
753;44;17.11;68.91;76.2;11;B;68.54;84.24;77.16;Unggul
836;26;32.15;79.41;60.0;6;B;60.15;76.77;60.9;Tidak Unggul
900;39;23.08;67.28;72.59;8;B;67.35;83.79;70.24;Tidak Unggul
921;35;26.31;61.06;69.92;9;C;55.19;85.63;58.94;Tidak Unggul
514;21;24.48;58.78;75.84;10;B;67.77;87.05;64.87;Tidak Unggul
312;14;22.29;54.45;71.17;8;B;58.71;85.94;67.87;Tidak Unggul
197;8;24.62;61.66;72.3;14;B;81.18;88.06;73.79;Tidak Unggul
660;51;12.94;80.76;77.0;16;A;76.49;89.64;79.59;Unggul
478;19;25.16;77.59;77.01;10;C;69.37;86.47;69.63;Tidak Unggul
989;43;23.0;79.68;64.25;15;B;78.14;89.77;69.56;Unggul
265;10;26.5;71.92;70.24;6;C;68.51;78.54;56.71;Tidak Unggul
998;42;23.76;78.0;69.2;12;B;79.11;88.0;71.55;Tidak Unggul
486;35;13.89;72.88;90.54;17;A;89.74;93.48;89.37;Unggul
886;46;19.26;76.13;74.52;13;B;64.88;88.23;76.38;Unggul
989;44;22.48;79.0;81.0;13;B;80.3;89.24;80.57;Unggul
296;15;19.73;67.61;73.81;10;C;58.67;87.33;74.26;Tidak Unggul
724;43;16.84;70.19;82.08;13;B;77.34;93.67;86.19;Unggul
955;35;27.29;63.6;79.05;6;B;75.71;83.62;58.03;Tidak Unggul
472;19;24.84;58.3;80.33;10;B;63.25;90.81;67.71;Tidak Unggul
592;29;20.41;65.76;82.23;16;A;66.84;83.92;84.93;Unggul
986;51;19.33;90.05;72.36;11;B;84.27;86.0;70.06;Unggul
162;8;20.25;69.07;83.69;19;A;76.45;85.66;83.55;Unggul
643;38;16.92;66.65;87.77;20;A;87.61;89.74;77.02;Unggul
850;37;22.97;69.43;76.23;13;A;63.98;93.45;78.44;Unggul
436;30;14.53;83.27;82.02;15;B;89.03;93.06;86.94;Unggul
869;32;27.16;70.61;67.09;9;B;75.61;84.05;66.44;Tidak Unggul
263;9;29.22;57.34;74.76;9;C;79.1;86.85;68.58;Tidak Unggul
629;30;20.97;71.86;77.37;9;B;86.72;87.03;73.93;Unggul
171;8;21.38;73.3;73.78;15;B;72.24;88.46;83.7;Tidak Unggul
498;23;21.65;70.22;74.64;13;B;79.78;79.94;65.45;Tidak Unggul
875;60;14.58;77.02;80.51;14;B;85.49;91.8;73.26;Unggul
832;32;26.0;64.99;75.07;13;B;71.44;83.1;73.88;Tidak Unggul
984;54;18.22;77.01;80.26;18;A;86.48;91.96;88.97;Unggul
715;27;26.48;45.0;74.25;8;C;79.2;81.3;72.21;Tidak Unggul
959;35;27.4;57.17;61.88;4;C;52.01;78.89;59.82;Tidak Unggul
469;27;17.37;80.22;93.3;16;B;84.49;92.25;79.36;Unggul
275;15;18.33;70.29;83.99;17;B;93.09;97.07;83.11;Unggul
426;21;20.29;72.06;76.33;12;B;78.97;88.66;76.28;Tidak Unggul
353;22;16.05;79.15;85.2;14;A;72.93;91.21;82.3;Unggul
343;8;42.88;49.52;71.02;9;C;65.92;82.13;67.08;Tidak Unggul
830;36;23.06;59.16;80.16;8;C;52.4;83.37;76.97;Tidak Unggul
813;40;20.32;72.84;83.73;18;B;78.12;93.66;87.78;Unggul
696;35;19.89;73.86;66.67;12;A;64.02;76.88;65.84;Unggul
845;46;18.37;87.77;77.08;13;B;74.72;88.95;79.73;Unggul
435;13;33.46;61.12;70.64;5;C;69.31;75.0;53.15;Tidak Unggul
206;9;22.89;78.7;72.67;9;B;66.49;83.99;67.09;Tidak Unggul
883;47;18.79;76.35;77.99;14;A;79.63;90.06;76.06;Unggul
452;17;26.59;73.58;71.14;12;C;84.96;89.06;71.31;Tidak Unggul
312;13;24.0;70.72;69.55;9;B;73.82;88.12;70.61;Tidak Unggul
168;9;18.67;98.71;82.81;16;B;81.06;94.6;80.7;Unggul
519;33;15.73;72.99;74.04;14;B;73.44;86.83;84.43;Unggul
413;23;17.96;86.89;89.23;16;B;85.76;88.43;88.05;Unggul
943;58;16.26;78.41;75.29;13;B;89.26;87.44;77.59;Unggul
262;9;29.11;65.56;60.0;4;C;49.03;80.73;58.55;Tidak Unggul
637;40;15.92;80.04;77.89;12;B;79.69;92.46;84.7;Unggul
476;18;26.44;69.69;61.39;7;B;57.78;85.44;61.02;Tidak Unggul
691;26;26.58;61.53;62.5;10;B;57.35;84.59;71.61;Tidak Unggul
796;28;28.43;55.54;72.3;8;B;67.19;78.48;66.5;Tidak Unggul
728;29;25.1;58.83;69.28;7;B;65.75;81.8;60.45;Tidak Unggul
214;10;21.4;65.96;62.21;10;B;54.18;86.88;61.84;Tidak Unggul
441;27;16.33;80.34;82.02;16;A;74.35;86.79;78.81;Unggul
174;8;21.75;61.2;69.43;9;C;62.55;89.7;65.8;Tidak Unggul
698;40;17.45;60.5;71.44;14;A;81.58;88.36;83.09;Unggul
150;8;18.75;85.95;83.84;14;A;91.17;92.71;70.75;Unggul
698;31;22.52;79.65;86.45;14;B;67.57;85.62;79.96;Unggul
290;11;26.36;64.44;78.8;7;C;62.71;81.22;62.75;Tidak Unggul
893;62;14.4;88.24;82.2;18;A;93.99;93.92;82.25;Unggul
797;26;30.65;58.58;70.12;6;C;75.99;79.61;74.12;Tidak Unggul
337;16;21.06;74.36;87.19;14;B;58.75;90.14;72.78;Tidak Unggul
277;14;19.79;79.91;82.17;14;A;77.73;87.55;86.32;Unggul
350;14;25.0;60.0;66.95;9;B;67.27;79.54;66.34;Tidak Unggul
276;8;34.5;53.59;62.69;8;B;66.2;80.32;58.36;Tidak Unggul
406;24;16.92;91.2;88.13;18;A;95.71;91.04;89.57;Unggul
825;29;28.45;59.99;60.0;5;C;45.0;80.32;61.82;Tidak Unggul
696;27;25.78;72.8;78.04;11;B;70.56;83.88;64.91;Tidak Unggul
343;15;22.87;60.04;64.35;11;C;69.54;81.77;61.4;Tidak Unggul
852;60;14.2;88.81;79.5;18;A;93.53;91.41;78.64;Unggul
253;9;28.11;61.08;72.4;10;B;71.06;88.25;64.8;Tidak Unggul
684;26;26.31;66.79;78.58;11;B;69.45;80.24;62.19;Tidak Unggul
414;32;12.94;100.0;86.75;18;A;93.37;91.56;93.27;Unggul
951;63;15.1;86.81;76.74;16;A;82.18;87.88;84.87;Unggul
533;37;14.41;90.71;93.73;19;A;100.0;92.07;91.86;Unggul
409;33;12.39;93.89;82.27;18;A;77.56;89.7;90.27;Unggul
563;26;21.65;62.72;63.42;10;C;78.23;80.32;68.13;Tidak Unggul
507;20;25.35;69.04;73.12;8;B;64.44;85.84;68.09;Tidak Unggul
224;10;22.4;66.83;75.67;14;A;70.71;88.03;77.5;Tidak Unggul
504;25;20.16;75.06;79.15;14;B;78.28;89.66;77.89;Unggul
733;21;34.9;73.36;70.19;10;B;59.63;88.1;55.61;Tidak Unggul
920;57;16.14;82.76;86.59;20;B;97.22;92.93;76.62;Unggul
337;15;22.47;85.9;73.95;12;A;66.53;98.76;82.78;Unggul
834;38;21.95;74.17;78.61;16;A;66.3;92.16;71.62;Unggul
439;21;20.9;84.33;69.86;12;A;67.72;84.42;81.28;Unggul
194;13;14.92;85.41;84.71;16;A;85.74;89.43;95.01;Unggul
722;30;24.07;70.14;68.87;10;B;63.95;83.69;66.82;Tidak Unggul
232;16;14.5;75.87;77.49;13;B;58.25;87.57;78.73;Unggul
272;8;34.0;58.39;60.36;5;C;50.05;82.09;53.84;Tidak Unggul
507;32;15.84;83.64;85.66;18;A;79.0;92.56;86.24;Unggul
677;27;25.07;51.25;60.0;6;C;70.93;81.45;71.84;Tidak Unggul
215;11;19.55;73.11;70.13;11;B;79.98;83.96;79.34;Tidak Unggul
806;52;15.5;86.69;85.42;18;A;91.08;95.74;87.59;Unggul
524;21;24.95;76.22;75.99;10;B;50.03;85.48;67.92;Tidak Unggul
311;18;17.28;63.92;87.26;17;A;95.64;94.21;91.65;Unggul
895;35;25.57;82.84;76.09;9;B;64.6;86.05;69.21;Tidak Unggul
529;16;33.06;75.47;68.69;7;B;74.65;87.29;72.38;Tidak Unggul
805;34;23.68;71.5;66.09;8;B;71.83;85.27;62.35;Tidak Unggul
507;41;12.37;82.85;86.41;19;B;77.42;94.06;80.5;Unggul
337;17;19.82;70.95;75.46;17;B;83.86;88.05;82.7;Tidak Unggul
471;17;27.71;75.31;73.93;6;B;60.86;79.55;60.17;Tidak Unggul
599;22;27.23;74.11;69.17;6;C;73.55;84.61;64.62;Tidak Unggul
623;46;13.54;87.65;95.0;18;A;82.97;92.37;92.11;Unggul
162;10;16.2;78.82;87.74;17;B;79.71;95.19;77.67;Unggul
333;11;30.27;65.63;73.3;8;B;59.4;85.18;72.49;Tidak Unggul
260;18;14.44;88.61;86.99;16;B;96.22;94.56;89.67;Unggul
657;33;19.91;68.15;69.58;9;C;68.69;88.11;70.08;Tidak Unggul
439;22;19.95;71.99;80.23;10;B;63.31;86.28;69.6;Unggul
444;20;22.2;70.51;69.7;7;B;72.95;85.59;68.07;Tidak Unggul
600;24;25.0;83.13;60.51;6;C;72.92;80.74;58.86;Tidak Unggul
364;19;19.16;70.66;86.13;15;A;76.13;88.79;78.56;Unggul
781;38;20.55;69.38;75.21;14;B;85.86;84.73;63.73;Unggul
716;40;17.9;84.9;75.49;14;B;88.92;85.04;79.01;Unggul
176;8;22.0;82.73;80.22;14;B;78.27;93.69;71.09;Tidak Unggul
779;27;28.85;67.45;67.79;5;B;59.17;78.2;55.08;Tidak Unggul
882;32;27.56;84.39;73.63;7;C;50.27;77.5;60.43;Tidak Unggul
380;18;21.11;86.64;75.32;14;A;71.31;89.83;83.05;Unggul
714;37;19.3;66.79;82.88;11;B;58.16;87.99;72.97;Tidak Unggul
956;35;27.31;62.57;79.44;10;B;74.38;82.75;75.58;Tidak Unggul
470;28;16.79;80.95;79.8;18;A;82.91;89.96;84.15;Unggul
382;18;21.22;71.64;80.21;12;B;72.56;87.54;88.34;Tidak Unggul
819;35;23.4;72.97;78.61;10;B;51.01;87.01;74.9;Tidak Unggul
586;41;14.29;84.82;95.0;18;B;88.69;93.87;96.75;Unggul
930;68;13.68;88.95;83.51;17;A;89.12;92.09;89.57;Unggul
682;32;21.31;56.52;69.31;14;A;78.11;87.62;81.53;Tidak Unggul
552;29;19.03;67.54;66.82;14;B;75.18;88.7;75.98;Tidak Unggul
202;8;25.25;70.96;71.24;9;B;74.29;86.8;68.01;Tidak Unggul
936;59;15.86;97.71;90.78;20;A;74.09;95.94;83.86;Unggul
462;32;14.44;78.9;79.26;18;A;100.0;93.1;87.15;Unggul
430;22;19.55;75.87;80.29;16;A;70.53;84.2;74.87;Unggul
875;64;13.67;83.76;83.36;17;A;85.12;90.53;86.57;Unggul
180;13;13.85;97.62;79.34;16;B;64.57;90.47;83.54;Unggul
486;23;21.13;67.0;74.27;8;B;68.77;86.99;65.59;Tidak Unggul
332;20;16.6;58.1;70.09;12;B;75.27;85.63;82.78;Unggul
172;11;15.64;94.45;85.31;15;A;82.14;86.33;84.29;Unggul
693;28;24.75;73.77;70.44;9;B;72.28;85.97;59.95;Tidak Unggul
595;26;22.88;61.07;80.06;11;B;68.75;87.93;77.24;Tidak Unggul
223;19;11.74;82.43;88.08;19;A;100.0;91.95;89.28;Unggul
159;11;14.45;77.36;77.23;20;A;82.05;91.45;90.58;Unggul
633;25;25.32;68.96;76.07;10;B;76.21;90.83;72.63;Tidak Unggul
605;27;22.41;79.89;70.48;14;B;62.07;80.55;62.63;Tidak Unggul
715;28;25.54;52.85;77.69;8;C;77.01;81.46;75.96;Tidak Unggul
713;26;27.42;55.12;67.93;3;C;49.76;81.31;62.16;Tidak Unggul
809;29;27.9;63.34;73.68;7;C;61.06;82.18;63.61;Tidak Unggul
309;12;25.75;62.35;66.6;10;B;58.54;81.86;57.95;Tidak Unggul
163;13;12.54;76.04;79.35;16;B;87.17;87.46;86.81;Unggul
327;19;17.21;85.63;78.81;20;A;70.85;85.98;79.37;Unggul
561;20;28.05;55.82;67.34;4;C;51.68;78.14;52.01;Tidak Unggul
202;8;25.25;63.75;66.05;9;C;65.58;89.38;66.63;Tidak Unggul
557;42;13.26;92.33;91.19;19;A;88.97;94.18;83.22;Unggul
996;42;23.71;63.94;72.82;13;C;67.33;79.3;57.9;Tidak Unggul
171;9;19.0;73.81;87.47;14;B;73.86;88.62;74.62;Tidak Unggul
179;8;22.38;63.73;69.69;11;B;66.48;84.14;72.8;Tidak Unggul
852;39;21.85;86.68;75.79;11;B;70.06;87.01;66.04;Unggul
409;24;17.04;79.45;74.02;14;B;85.73;79.47;79.91;Tidak Unggul
354;9;39.33;54.59;60.34;4;C;55.36;77.32;54.08;Tidak Unggul
208;8;26.0;79.01;82.79;13;B;75.72;89.4;68.14;Tidak Unggul
620;29;21.38;73.44;75.63;8;B;73.62;87.2;75.94;Tidak Unggul
925;53;17.45;73.49;84.23;11;B;68.25;87.54;72.48;Unggul
615;33;18.64;65.56;73.3;13;B;81.17;85.99;75.48;Unggul
161;11;14.64;75.96;92.45;19;A;84.15;94.21;89.86;Unggul
780;54;14.44;92.06;83.41;18;A;94.83;94.99;96.47;Unggul
439;29;15.14;85.47;85.54;16;A;100.0;87.21;86.02;Unggul
999;39;25.62;54.93;66.01;7;C;67.18;86.91;69.1;Tidak Unggul
909;48;18.94;71.62;72.54;16;B;86.24;94.93;87.39;Unggul
503;28;17.96;76.24;74.51;10;B;80.48;84.92;65.66;Unggul
788;47;16.77;86.14;87.54;14;A;75.64;86.41;89.55;Unggul
224;10;22.4;75.69;81.58;10;B;69.33;88.94;74.14;Tidak Unggul
865;39;22.18;68.03;76.05;10;B;62.56;89.37;75.25;Tidak Unggul
710;46;15.43;85.36;83.16;18;A;95.08;91.86;80.34;Unggul
740;58;12.76;84.28;88.36;19;A;81.47;90.32;82.36;Unggul
590;26;22.69;70.42;66.63;7;B;63.7;85.66;65.96;Tidak Unggul
390;14;27.86;71.58;66.51;7;C;75.37;75.0;59.93;Tidak Unggul
303;14;21.64;64.89;75.15;11;C;68.42;86.73;72.45;Tidak Unggul
935;62;15.08;86.02;85.28;18;B;99.34;83.22;87.47;Unggul
245;17;14.41;76.12;81.84;16;B;94.37;87.98;75.95;Unggul
875;34;25.74;69.16;78.97;12;B;65.65;89.98;74.92;Tidak Unggul
443;24;18.46;75.52;67.36;13;B;84.41;95.6;70.68;Tidak Unggul
358;17;21.06;80.55;69.88;10;B;75.13;88.89;78.56;Tidak Unggul
492;26;18.92;82.46;76.98;16;A;86.12;90.24;76.87;Unggul
237;14;16.93;68.88;75.38;11;B;83.58;88.55;75.06;Unggul
967;42;23.02;74.63;73.19;10;B;56.14;86.11;68.88;Tidak Unggul
925;37;25.0;62.17;74.48;9;B;72.29;80.9;67.51;Tidak Unggul
539;18;29.94;45.0;65.2;3;C;62.7;80.29;58.58;Tidak Unggul
474;28;16.93;63.99;89.93;16;A;80.91;91.05;98.0;Unggul
981;70;14.01;90.08;85.35;17;A;96.27;96.36;79.79;Unggul
306;11;27.82;56.28;61.45;7;C;68.76;83.26;54.32;Tidak Unggul
817;40;20.42;79.63;74.62;11;B;69.2;85.23;66.88;Tidak Unggul
800;47;17.02;76.36;76.76;13;B;64.41;87.17;76.34;Unggul
782;60;13.03;90.18;88.98;20;A;100.0;95.75;92.87;Unggul
726;49;14.82;75.52;80.02;15;A;74.61;91.07;88.16;Unggul
768;26;29.54;64.55;71.73;7;C;50.17;87.37;61.1;Tidak Unggul
808;31;26.06;75.56;73.44;5;B;65.43;81.36;70.27;Tidak Unggul
286;12;23.83;49.99;76.35;9;C;48.97;78.1;72.69;Tidak Unggul
823;56;14.7;83.29;80.66;16;A;87.67;92.55;86.4;Unggul
577;20;28.85;75.13;73.12;9;C;71.87;88.55;61.73;Tidak Unggul
601;39;15.41;71.5;90.56;16;A;78.4;92.42;82.17;Unggul
761;35;21.74;74.44;82.3;11;B;79.19;87.77;71.63;Unggul
999;34;29.38;55.8;64.45;4;C;65.65;77.61;62.18;Tidak Unggul
968;51;18.98;67.46;72.02;11;B;74.89;85.1;66.89;Unggul
290;12;24.17;48.5;60.3;7;B;60.11;86.54;65.06;Tidak Unggul
232;11;21.09;78.82;81.19;11;B;72.62;89.51;64.16;Tidak Unggul
326;22;14.82;85.55;80.6;16;A;88.35;97.43;88.76;Unggul
347;14;24.79;60.62;73.35;11;B;74.24;83.11;77.11;Tidak Unggul
773;36;21.47;69.42;73.65;10;C;65.7;85.91;69.89;Tidak Unggul
717;26;27.58;63.2;67.95;8;C;76.54;75.2;50.0;Tidak Unggul
840;40;21.0;63.61;75.12;10;B;72.92;84.99;71.42;Unggul
570;26;21.92;90.79;75.16;12;B;80.09;89.25;78.87;Unggul
550;45;12.22;92.24;82.2;21;A;81.16;98.56;98.0;Unggul
847;54;15.69;86.78;80.25;13;A;96.7;91.83;79.12;Unggul
620;25;24.8;68.39;69.34;11;B;77.98;89.34;63.57;Tidak Unggul
367;27;13.59;72.87;89.3;18;A;91.19;98.09;80.06;Unggul
977;44;22.2;48.24;67.01;9;B;81.61;83.86;66.7;Tidak Unggul
878;61;14.39;72.97;82.12;15;A;73.89;87.42;79.03;Unggul
781;32;24.41;79.91;81.88;11;B;61.55;86.95;74.44;Unggul
324;14;23.14;59.57;70.01;6;B;72.84;84.99;72.62;Tidak Unggul
172;9;19.11;82.35;73.21;14;A;85.71;86.15;63.59;Tidak Unggul
874;54;16.19;65.79;80.59;11;B;62.01;88.57;75.2;Unggul
384;23;16.7;73.83;80.6;16;A;73.3;92.47;87.65;Unggul
162;10;16.2;79.38;80.88;16;B;73.86;97.27;90.17;Unggul
250;11;22.73;72.15;74.4;10;B;79.41;81.68;67.5;Tidak Unggul
685;26;26.35;48.4;71.57;6;C;60.34;83.86;61.47;Tidak Unggul
672;46;14.61;69.47;81.68;12;A;81.29;88.53;83.63;Unggul
934;32;29.19;60.55;67.02;9;C;54.74;81.32;63.22;Tidak Unggul
601;27;22.26;57.86;66.82;10;C;71.87;88.75;73.05;Tidak Unggul
580;38;15.26;67.47;86.91;19;A;71.48;90.03;90.17;Unggul
942;39;24.15;64.12;71.51;9;B;71.26;84.18;64.26;Tidak Unggul
755;36;20.97;65.31;70.61;16;A;92.12;86.69;78.18;Unggul
862;44;19.59;88.64;73.73;15;B;62.82;89.68;86.11;Unggul
682;31;22.0;85.78;86.54;13;B;88.66;93.15;81.22;Unggul
872;45;19.38;67.74;77.53;10;B;73.11;88.23;80.7;Unggul
801;43;18.63;82.66;73.31;16;A;82.64;93.59;84.48;Unggul
442;28;15.79;77.76;85.45;13;A;76.04;83.27;87.89;Unggul
959;51;18.8;87.38;87.16;15;B;72.35;94.22;78.0;Unggul
250;17;14.71;73.13;75.89;14;B;92.06;86.14;80.35;Unggul
651;29;22.45;77.74;72.31;13;B;70.25;85.71;74.56;Tidak Unggul
453;17;26.65;66.23;69.38;5;C;76.82;81.11;56.18;Tidak Unggul
689;33;20.88;79.11;80.42;13;B;85.31;90.46;74.01;Unggul
702;30;23.4;67.09;74.82;15;B;71.62;87.93;79.02;Unggul
504;18;28.0;70.52;61.46;6;C;75.26;82.94;64.89;Tidak Unggul
452;20;22.6;71.9;76.38;14;B;76.59;89.5;81.78;Tidak Unggul
645;26;24.81;61.12;67.42;6;B;75.82;84.02;64.3;Tidak Unggul
807;44;18.34;76.24;76.16;16;A;94.37;90.97;85.21;Unggul
917;35;26.2;63.1;77.66;10;C;59.44;85.56;71.75;Tidak Unggul
376;28;13.43;87.36;84.11;21;A;86.07;96.95;90.83;Unggul
385;26;14.81;79.44;85.2;17;A;76.09;84.47;79.66;Unggul
604;23;26.26;68.52;68.57;5;C;61.5;83.33;52.39;Tidak Unggul
162;13;12.46;87.86;84.25;22;A;93.26;95.03;89.9;Unggul
359;24;14.96;97.59;88.95;20;A;75.29;97.24;86.66;Unggul
890;39;22.82;65.08;68.65;12;B;64.58;87.22;67.54;Tidak Unggul
546;24;22.75;49.52;75.73;7;C;69.1;87.27;73.24;Tidak Unggul
249;12;20.75;60.63;84.5;10;C;78.09;76.02;74.03;Tidak Unggul
180;8;22.5;80.29;79.71;16;A;71.75;85.53;79.6;Tidak Unggul
677;45;15.04;81.64;84.5;19;A;78.61;89.99;97.71;Unggul
798;61;13.08;78.65;91.46;15;A;81.5;91.88;82.52;Unggul
478;20;23.9;54.56;66.8;9;B;67.28;79.76;58.63;Tidak Unggul
315;14;22.5;67.84;72.2;12;B;62.84;89.18;65.67;Tidak Unggul
608;27;22.52;64.05;77.86;10;B;65.97;82.22;75.76;Tidak Unggul
971;62;15.66;87.02;88.68;20;A;81.92;93.07;91.28;Unggul
249;17;14.65;78.92;80.13;14;A;70.82;88.96;76.01;Unggul
770;38;20.26;85.95;80.16;12;B;64.87;89.07;83.14;Unggul
322;15;21.47;70.91;77.2;15;B;89.89;81.1;80.55;Tidak Unggul
898;43;20.88;74.74;79.5;11;B;81.16;85.32;67.8;Unggul
311;12;25.92;50.25;71.32;8;B;72.33;77.11;66.45;Tidak Unggul
877;46;19.07;83.82;74.45;15;B;77.86;93.44;81.59;Unggul
925;65;14.23;67.88;81.61;13;A;82.51;90.81;81.39;Unggul
412;30;13.73;92.19;80.68;22;A;95.02;94.42;83.63;Unggul
953;47;20.28;53.55;65.51;11;B;82.03;83.64;83.01;Tidak Unggul
423;21;20.14;69.56;77.79;13;A;82.92;89.19;74.01;Unggul
152;8;19.0;77.04;71.29;12;B;66.31;89.07;67.02;Tidak Unggul
177;10;17.7;84.27;66.86;13;B;78.49;86.62;66.72;Unggul
475;20;23.75;45.18;65.6;8;C;45.25;82.95;74.7;Tidak Unggul
298;12;24.83;63.92;68.41;11;B;67.07;81.84;68.62;Tidak Unggul
689;37;18.62;96.44;79.74;16;A;84.95;90.14;82.3;Unggul
637;41;15.54;77.75;81.93;14;B;83.63;88.76;80.83;Unggul
971;63;15.41;67.88;86.3;13;B;83.51;89.99;67.38;Unggul
587;25;23.48;78.99;77.03;8;C;65.02;85.85;63.63;Tidak Unggul
214;11;19.45;77.39;78.33;13;B;73.16;89.24;70.45;Tidak Unggul
505;31;16.29;83.26;85.79;18;B;82.1;91.66;90.2;Unggul
682;25;27.28;47.55;67.78;6;C;69.08;79.34;62.75;Tidak Unggul
401;22;18.23;96.64;81.4;16;A;86.25;90.24;79.83;Unggul
384;18;21.33;77.17;84.98;12;A;76.04;85.49;82.15;Unggul
376;19;19.79;72.7;81.24;13;B;71.84;82.95;74.48;Tidak Unggul
674;28;24.07;83.91;76.77;12;B;76.81;88.1;80.29;Unggul
462;35;13.2;72.53;73.11;18;A;82.76;84.98;95.42;Unggul
198;8;24.75;54.28;72.06;5;B;75.78;78.84;70.09;Tidak Unggul
267;13;20.54;68.44;82.69;15;B;77.66;88.75;88.3;Unggul
203;13;15.62;73.99;76.52;15;B;77.2;94.28;82.1;Unggul
799;49;16.31;73.3;77.6;13;B;67.99;85.24;76.06;Unggul
714;37;19.3;85.09;81.31;15;A;94.33;84.61;82.04;Unggul
193;8;24.12;59.55;70.96;8;B;71.47;85.02;76.14;Tidak Unggul
964;41;23.51;70.68;74.65;11;C;71.31;84.52;63.05;Tidak Unggul
202;13;15.54;78.21;79.02;17;A;99.12;89.53;90.93;Unggul
735;27;27.22;60.75;77.48;7;C;71.47;80.65;60.25;Tidak Unggul
707;53;13.34;98.62;91.82;21;A;80.78;93.12;95.19;Unggul
674;54;12.48;82.53;80.32;14;A;90.22;91.16;81.61;Unggul
826;31;26.65;70.81;75.75;8;B;76.44;81.52;70.78;Tidak Unggul
251;9;27.89;61.17;74.8;7;C;53.08;81.5;71.12;Tidak Unggul
941;42;22.4;85.53;70.38;14;B;83.52;88.13;72.94;Unggul
919;35;26.26;73.53;69.99;11;C;64.65;84.12;70.51;Tidak Unggul
998;33;30.24;62.96;60.0;12;B;73.39;82.05;65.06;Tidak Unggul
547;21;26.05;77.44;67.29;8;B;65.34;89.38;69.76;Tidak Unggul
287;12;23.92;70.57;74.15;9;B;85.15;84.69;63.12;Tidak Unggul
824;35;23.54;59.54;74.63;11;C;72.56;80.42;65.2;Tidak Unggul
536;38;14.11;88.95;85.41;20;A;97.35;90.93;82.1;Unggul
260;12;21.67;63.18;76.48;9;B;73.54;85.87;76.16;Tidak Unggul
763;44;17.34;63.61;79.28;17;A;73.66;93.45;76.94;Unggul
166;9;18.44;72.25;71.31;13;A;76.8;82.17;80.41;Unggul
929;50;18.58;80.37;70.31;9;B;61.46;82.58;73.16;Tidak Unggul
331;18;18.39;82.6;86.12;12;B;74.54;90.21;66.18;Unggul
685;30;22.83;71.35;77.59;13;A;75.53;86.06;69.01;Tidak Unggul
690;47;14.68;80.58;83.82;20;A;74.14;89.9;87.12;Unggul
320;21;15.24;87.01;81.29;12;B;74.0;84.35;72.03;Unggul
558;17;32.82;70.87;75.3;8;B;57.74;85.03;67.73;Tidak Unggul
889;27;32.93;65.32;65.99;5;B;58.29;76.24;64.68;Tidak Unggul
527;30;17.57;81.83;88.12;15;A;81.71;90.9;77.5;Unggul
337;10;33.7;62.35;62.14;5;C;62.49;80.17;50.0;Tidak Unggul
379;10;37.9;65.87;70.83;10;B;60.04;83.93;66.13;Tidak Unggul
982;46;21.35;85.35;74.08;14;A;68.08;87.96;73.14;Unggul
268;20;13.4;85.27;90.82;17;A;91.63;92.22;85.3;Unggul
305;10;30.5;54.3;60.0;2;C;55.91;81.45;50.0;Tidak Unggul
933;40;23.32;50.49;72.69;7;C;73.96;85.34;73.0;Tidak Unggul
836;32;26.12;70.83;70.85;7;B;61.35;77.47;62.53;Tidak Unggul
614;25;24.56;65.24;81.48;12;B;78.89;85.66;77.35;Tidak Unggul
253;10;25.3;45.0;70.76;7;B;45.0;87.59;62.86;Tidak Unggul
753;27;27.89;63.81;65.59;7;B;60.25;84.36;70.56;Tidak Unggul
847;49;17.29;69.47;78.63;12;B;73.92;88.94;72.37;Unggul
944;53;17.81;76.93;80.36;12;B;74.03;83.84;73.25;Unggul
651;35;18.6;79.13;80.39;14;B;76.72;90.76;71.26;Unggul
842;66;12.76;80.86;86.79;19;A;97.31;88.41;91.58;Unggul
831;35;23.74;93.91;74.96;14;B;69.41;87.75;71.77;Unggul
848;38;22.32;74.56;83.92;14;B;80.39;87.94;75.42;Unggul
324;12;27.0;55.57;73.27;8;B;68.41;84.39;61.78;Tidak Unggul
883;57;15.49;87.87;73.39;12;B;80.66;91.47;74.84;Unggul
894;40;22.35;80.45;75.65;16;B;80.22;84.72;78.31;Unggul
823;65;12.66;86.55;92.08;16;A;76.9;93.25;85.03;Unggul
570;40;14.25;83.1;80.55;20;A;92.04;95.02;92.11;Unggul
283;22;12.86;79.21;87.58;13;B;85.63;91.02;75.71;Unggul
540;25;21.6;58.25;78.6;16;B;78.54;92.84;74.53;Unggul
885;61;14.51;75.39;73.42;13;B;82.5;89.48;81.42;Unggul
650;27;24.07;85.75;74.84;8;B;68.37;85.05;66.91;Tidak Unggul
814;47;17.32;64.33;72.01;10;B;67.17;89.83;58.42;Unggul
182;9;20.22;70.41;73.67;11;B;66.46;82.94;67.37;Tidak Unggul
204;8;25.5;51.96;61.16;11;B;67.69;82.9;60.86;Tidak Unggul
668;24;27.83;62.52;78.07;8;B;67.05;80.19;66.88;Tidak Unggul
905;39;23.21;62.6;74.7;10;B;68.96;88.79;58.78;Tidak Unggul
974;38;25.63;66.09;65.07;6;B;57.81;82.27;64.34;Tidak Unggul
787;27;29.15;58.58;64.44;3;C;56.47;81.16;60.33;Tidak Unggul
161;9;17.89;65.14;82.88;13;A;66.19;88.34;74.25;Unggul
677;45;15.04;86.37;85.59;18;A;84.32;92.13;86.91;Unggul
869;47;18.49;72.05;79.12;11;B;82.4;87.35;68.86;Unggul
704;43;16.37;81.01;81.56;16;A;83.89;94.98;89.64;Unggul
522;21;24.86;68.81;68.02;5;B;58.96;83.33;69.2;Tidak Unggul
633;24;26.38;77.01;65.59;9;B;61.65;78.59;71.05;Tidak Unggul
796;29;27.45;53.85;70.29;3;C;78.32;80.5;68.57;Tidak Unggul
377;12;31.42;53.53;66.14;3;C;55.79;84.88;62.6;Tidak Unggul
772;37;20.86;67.52;75.87;12;B;74.4;83.17;67.45;Tidak Unggul
456;22;20.73;59.47;79.25;11;B;65.39;84.2;71.71;Tidak Unggul
606;16;37.88;50.32;60.0;5;C;62.61;75.0;61.43;Tidak Unggul
309;18;17.17;84.24;82.14;17;A;70.85;90.45;83.45;Unggul
480;19;25.26;76.39;72.33;7;C;58.31;79.72;54.23;Tidak Unggul
925;57;16.23;65.83;77.14;13;B;73.49;89.27;79.16;Unggul
374;12;31.17;75.66;64.59;4;C;45.0;79.22;60.12;Tidak Unggul
878;57;15.4;80.48;86.61;17;A;91.32;94.0;90.5;Unggul
653;28;23.32;80.47;76.98;11;B;68.12;87.77;73.75;Unggul
605;26;23.27;75.53;66.06;11;B;80.13;81.34;73.5;Tidak Unggul
194;16;12.12;83.85;84.42;15;A;82.57;95.47;87.8;Unggul
363;24;15.12;73.92;81.86;15;A;71.45;90.73;69.12;Unggul
208;9;23.11;63.97;71.03;7;C;68.81;85.46;67.15;Tidak Unggul
793;26;30.5;55.3;74.79;6;C;60.4;82.33;66.63;Tidak Unggul
765;29;26.38;73.33;67.68;8;B;67.01;84.7;75.22;Tidak Unggul
344;24;14.33;95.79;95.0;19;A;93.72;93.83;92.34;Unggul
638;38;16.79;77.96;82.72;19;A;87.31;91.02;81.0;Unggul
306;14;21.86;57.23;67.54;12;B;66.6;88.51;69.12;Tidak Unggul
759;30;25.3;62.83;77.89;10;B;52.72;84.68;68.79;Tidak Unggul
375;17;22.06;82.75;76.74;9;B;60.24;83.06;70.02;Tidak Unggul
561;33;17.0;77.07;78.85;11;A;75.47;92.4;71.73;Unggul
354;12;29.5;75.57;68.14;7;B;67.12;83.27;68.05;Tidak Unggul
228;10;22.8;58.12;69.39;7;C;78.01;84.63;65.53;Tidak Unggul
273;8;34.12;62.98;72.77;8;C;84.53;80.66;66.46;Tidak Unggul
620;23;26.96;61.6;76.21;6;C;63.92;81.33;65.3;Tidak Unggul
367;14;26.21;55.19;63.06;8;C;68.85;79.59;65.66;Tidak Unggul
665;30;22.17;68.19;70.43;9;B;64.18;80.81;75.7;Tidak Unggul
751;43;17.47;72.96;80.29;19;A;76.22;90.01;71.72;Unggul
253;10;25.3;73.49;68.29;9;C;65.11;82.0;66.63;Tidak Unggul
542;23;23.57;67.98;68.58;9;B;63.51;87.19;68.33;Tidak Unggul
780;46;16.96;87.21;86.33;12;A;71.08;86.56;67.96;Unggul
794;40;19.85;55.41;69.05;10;B;65.62;86.57;73.53;Tidak Unggul
973;33;29.48;57.11;67.76;6;B;56.43;79.05;66.15;Tidak Unggul
757;52;14.56;76.11;75.6;15;B;81.55;90.5;73.55;Unggul
583;29;20.1;80.03;83.4;14;B;79.33;85.67;82.11;Unggul
480;18;26.67;63.8;69.28;9;C;59.07;86.26;63.95;Tidak Unggul
292;20;14.6;93.32;70.62;15;A;84.47;95.06;83.47;Unggul
949;59;16.08;80.09;88.12;17;B;83.15;88.17;84.94;Unggul
689;26;26.5;54.48;64.61;5;B;60.66;83.19;63.5;Tidak Unggul
427;15;28.47;63.38;76.28;6;B;68.12;87.76;54.84;Tidak Unggul
382;13;29.38;52.59;67.6;2;C;67.26;75.64;50.0;Tidak Unggul
678;24;28.25;65.35;63.78;4;C;57.05;83.88;59.26;Tidak Unggul
720;31;23.23;62.92;72.95;9;B;59.72;83.87;69.82;Tidak Unggul
239;16;14.94;72.3;86.04;19;A;91.12;92.81;82.37;Unggul
641;24;26.71;60.49;60.0;5;C;63.77;79.21;66.28;Tidak Unggul
348;17;20.47;64.22;80.66;10;B;72.77;84.59;67.48;Tidak Unggul
511;21;24.33;56.79;69.54;7;B;66.74;80.02;65.25;Tidak Unggul
590;33;17.88;71.11;74.86;11;B;63.49;84.44;71.48;Unggul
175;8;21.88;73.41;77.76;15;B;66.97;94.42;77.34;Tidak Unggul
174;10;17.4;76.59;79.55;14;A;77.29;85.73;79.85;Unggul
543;37;14.68;88.48;90.32;21;A;80.92;94.68;87.58;Unggul
656;27;24.3;57.44;67.17;12;C;69.13;81.38;62.18;Tidak Unggul
450;19;23.68;66.81;68.14;7;C;54.23;83.15;67.97;Tidak Unggul
488;16;30.5;59.24;67.09;11;C;64.25;80.21;65.94;Tidak Unggul
416;17;24.47;76.29;82.08;11;B;69.81;80.37;72.37;Tidak Unggul
610;36;16.94;74.93;78.39;14;B;81.33;89.18;76.82;Unggul
842;35;24.06;83.32;81.58;8;B;76.3;83.41;73.99;Unggul
605;25;24.2;67.59;70.46;12;B;66.79;86.77;73.79;Tidak Unggul
509;30;16.97;75.38;72.79;11;B;84.32;84.77;75.46;Unggul
217;8;27.12;75.49;68.75;8;B;59.01;85.42;69.43;Tidak Unggul
561;22;25.5;67.35;68.04;6;B;70.65;81.96;66.89;Tidak Unggul
640;49;13.06;90.4;85.85;21;A;96.98;96.18;96.35;Unggul
982;40;24.55;70.61;71.69;8;B;54.5;86.16;68.65;Unggul
198;9;22.0;69.42;71.3;7;C;57.77;83.35;68.97;Tidak Unggul
836;48;17.42;78.8;84.16;13;B;85.48;86.65;84.04;Unggul
713;37;19.27;80.55;75.82;16;A;84.2;93.77;78.31;Unggul
251;16;15.69;88.77;88.95;18;A;85.78;97.9;85.07;Unggul
365;12;30.42;58.0;68.64;3;C;45.0;81.01;57.32;Tidak Unggul
587;32;18.34;69.32;74.89;15;B;77.73;81.16;85.41;Unggul
849;34;24.97;84.54;68.51;8;C;63.84;82.17;62.93;Tidak Unggul
718;47;15.28;81.82;79.63;13;B;66.55;87.55;73.23;Unggul
708;24;29.5;49.9;60.6;5;C;62.83;77.96;63.72;Tidak Unggul
308;11;28.0;61.23;75.4;8;C;64.24;77.52;64.68;Tidak Unggul
638;27;23.63;63.01;72.02;11;B;61.79;82.18;70.86;Tidak Unggul
835;45;18.56;68.19;69.69;14;B;67.54;86.73;72.54;Unggul
391;21;18.62;86.16;75.8;16;B;82.15;91.08;83.25;Unggul
943;61;15.46;77.59;74.74;16;B;86.11;90.92;81.98;Unggul
902;33;27.33;76.5;66.41;6;B;67.67;78.51;56.27;Tidak Unggul
154;8;19.25;56.71;74.39;14;B;76.47;82.43;79.42;Tidak Unggul
745;29;25.69;66.96;74.32;7;B;67.99;82.75;68.47;Tidak Unggul
969;43;22.53;61.7;82.2;11;A;67.1;85.42;75.03;Unggul
510;30;17.0;82.88;82.27;16;A;85.16;92.29;81.06;Unggul
608;24;25.33;66.49;74.67;6;C;55.7;78.43;71.25;Tidak Unggul
397;16;24.81;75.44;68.95;12;B;70.2;85.28;72.23;Tidak Unggul
715;27;26.48;59.86;66.38;10;C;69.64;85.33;69.72;Tidak Unggul
822;44;18.68;77.45;81.16;13;A;82.02;86.57;76.94;Unggul
571;32;17.84;66.46;80.38;11;B;80.8;88.61;70.52;Unggul
887;52;17.06;82.21;84.42;18;A;88.38;90.2;83.29;Unggul
164;9;18.22;68.96;79.4;12;B;77.82;90.01;71.57;Tidak Unggul
885;42;21.07;59.27;61.96;11;B;69.87;87.53;63.6;Tidak Unggul
722;36;20.06;74.73;70.81;10;B;82.56;83.12;70.79;Tidak Unggul
271;9;30.11;56.21;70.22;7;C;63.28;84.35;56.69;Tidak Unggul
426;28;15.21;86.49;80.41;16;A;93.61;84.68;89.15;Unggul
707;28;25.25;68.55;70.15;9;B;70.09;85.76;54.25;Tidak Unggul
602;20;30.1;76.17;83.56;8;C;63.24;87.64;64.45;Tidak Unggul
539;19;28.37;58.14;72.86;6;B;58.34;78.4;64.17;Tidak Unggul
443;17;26.06;58.95;69.31;10;B;71.3;82.93;71.88;Tidak Unggul
723;36;20.08;81.83;66.95;12;B;64.16;83.5;71.47;Tidak Unggul
747;49;15.24;83.59;87.79;17;B;82.32;90.87;96.62;Unggul
595;26;22.88;79.78;63.07;10;B;64.72;89.3;68.27;Tidak Unggul
359;20;17.95;70.58;78.08;14;B;81.98;90.39;77.14;Tidak Unggul
739;45;16.42;88.46;80.66;18;A;68.36;86.24;84.73;Unggul
863;32;26.97;66.46;70.29;8;C;84.19;85.91;76.15;Tidak Unggul
451;23;19.61;74.04;78.87;13;B;81.64;88.61;81.19;Unggul
372;10;37.2;62.01;65.35;9;B;73.68;79.36;74.05;Tidak Unggul
883;34;25.97;56.48;75.55;9;C;67.49;88.0;73.35;Tidak Unggul
152;8;19.0;75.9;81.56;10;B;81.52;88.1;81.27;Tidak Unggul
667;25;26.68;56.59;64.57;4;C;64.62;79.46;60.23;Tidak Unggul
242;8;30.25;68.31;76.66;9;C;74.22;84.71;77.01;Tidak Unggul
669;28;23.89;80.34;66.45;8;B;69.64;86.87;67.9;Unggul
577;24;24.04;67.75;70.46;12;A;84.37;88.49;76.88;Tidak Unggul
642;39;16.46;73.47;84.08;14;B;72.05;84.25;84.87;Unggul
384;13;29.54;58.97;67.55;6;C;73.22;78.5;72.47;Tidak Unggul
769;26;29.58;59.87;70.38;6;B;62.42;76.27;72.21;Tidak Unggul
310;16;19.38;67.73;83.71;11;B;65.57;85.41;65.58;Tidak Unggul
870;66;13.18;92.1;90.55;19;A;92.73;88.35;89.43;Unggul
901;37;24.35;80.65;86.06;11;B;62.51;86.05;71.44;Unggul
480;35;13.71;84.43;85.18;20;A;81.93;95.02;80.74;Unggul
482;18;26.78;71.01;77.63;7;C;63.74;82.74;60.23;Tidak Unggul
199;8;24.88;60.78;67.47;8;C;61.03;77.85;60.16;Tidak Unggul
672;41;16.39;76.69;74.85;13;A;88.04;89.81;83.91;Unggul
817;36;22.69;61.83;74.18;7;B;72.5;83.84;70.07;Tidak Unggul
641;44;14.57;73.17;81.25;17;B;78.9;93.23;79.82;Unggul
731;28;26.11;80.03;84.48;10;B;74.98;83.75;61.92;Tidak Unggul
830;40;20.75;69.75;79.83;17;B;92.24;89.15;76.22;Unggul
421;13;32.38;68.99;74.04;9;C;55.23;79.2;72.97;Tidak Unggul
729;39;18.69;69.99;71.51;15;B;70.51;86.37;75.08;Unggul
401;26;15.42;77.05;82.97;13;B;78.92;92.9;86.51;Unggul
709;39;18.18;77.67;79.78;14;B;100.0;95.44;79.4;Unggul
845;60;14.08;78.83;82.49;20;A;81.48;91.38;93.29;Unggul
981;44;22.3;63.45;78.01;8;C;62.51;87.23;73.02;Tidak Unggul
848;64;13.25;78.85;81.46;19;A;94.66;96.71;87.51;Unggul
239;10;23.9;69.19;75.02;11;B;77.84;83.74;69.79;Tidak Unggul
595;22;27.05;45.0;61.19;4;C;58.13;79.19;61.19;Tidak Unggul
481;18;26.72;64.14;71.05;9;B;67.25;84.48;65.46;Tidak Unggul
288;15;19.2;78.99;75.63;12;A;75.28;89.5;69.08;Unggul
506;15;33.73;58.53;64.0;3;C;60.38;83.91;59.6;Tidak Unggul
750;51;14.71;79.17;86.11;19;A;75.71;90.51;90.01;Unggul
423;26;16.27;78.93;80.5;17;A;88.01;95.59;84.69;Unggul
168;8;21.0;85.38;83.71;13;B;77.78;90.89;71.15;Tidak Unggul
460;16;28.75;66.99;73.91;7;C;69.56;87.95;75.65;Tidak Unggul
303;11;27.55;74.96;67.62;8;C;65.01;83.79;72.08;Tidak Unggul
539;43;12.53;96.47;95.0;21;A;95.84;98.82;97.64;Unggul
409;27;15.15;72.53;82.68;12;B;84.41;93.21;78.92;Unggul
769;49;15.69;71.5;82.12;17;B;100.0;91.46;81.94;Unggul
946;35;27.03;62.98;60.0;3;C;54.3;80.14;64.2;Tidak Unggul
720;31;23.23;62.56;70.3;10;B;62.82;85.41;70.11;Tidak Unggul
274;19;14.42;82.33;78.2;18;A;91.21;97.03;88.51;Unggul
503;23;21.87;68.41;72.96;7;B;72.81;87.84;73.83;Tidak Unggul
422;17;24.82;66.77;77.25;8;B;70.91;86.9;76.69;Tidak Unggul
768;30;25.6;49.22;68.57;10;B;69.84;86.52;66.39;Tidak Unggul
960;74;12.97;69.84;81.8;19;B;77.4;88.71;86.07;Unggul
394;16;24.62;72.21;74.28;7;C;52.45;80.76;58.4;Tidak Unggul
997;44;22.66;69.03;70.62;9;B;80.9;81.89;70.33;Tidak Unggul
599;25;23.96;70.33;72.37;9;C;78.19;88.94;67.9;Tidak Unggul
396;20;19.8;68.75;88.72;14;B;71.11;87.24;74.06;Unggul
669;38;17.61;68.24;83.39;13;B;74.18;91.46;81.93;Unggul
290;19;15.26;86.67;77.56;15;A;70.46;88.43;85.25;Unggul
511;20;25.55;71.92;67.12;6;C;58.94;79.91;64.95;Tidak Unggul
157;10;15.7;73.27;85.82;14;A;85.15;87.46;87.14;Unggul
627;19;33.0;63.75;64.98;4;C;50.5;75.77;55.04;Tidak Unggul
501;24;20.88;69.54;74.52;14;B;85.28;89.73;74.63;Tidak Unggul
644;24;26.83;49.19;70.02;8;B;55.39;82.71;60.15;Tidak Unggul
755;43;17.56;86.45;82.35;15;A;89.08;91.9;82.11;Unggul
982;55;17.85;71.8;79.28;16;A;84.01;88.18;92.2;Unggul
576;23;25.04;60.33;76.77;11;B;68.55;85.15;64.27;Tidak Unggul
188;16;11.75;72.09;92.1;16;A;81.86;94.36;79.61;Unggul
742;30;24.73;61.07;65.36;8;C;70.31;85.98;60.38;Tidak Unggul
336;8;42.0;46.38;68.25;4;B;82.19;82.65;68.28;Tidak Unggul
745;38;19.61;73.41;72.52;11;B;68.82;86.04;71.1;Unggul
749;29;25.83;74.62;77.66;11;B;80.08;85.21;66.63;Unggul
903;59;15.31;83.06;81.91;13;B;94.33;88.44;81.72;Unggul
242;20;12.1;99.52;87.0;20;A;87.58;95.7;91.25;Unggul
235;9;26.11;76.2;69.67;9;B;62.5;85.42;67.61;Tidak Unggul
193;12;16.08;67.09;79.79;13;B;76.1;90.99;79.07;Unggul
286;12;23.83;75.83;75.0;9;B;73.18;84.1;69.57;Tidak Unggul
570;19;30.0;67.21;67.76;4;C;62.64;76.67;61.63;Tidak Unggul
223;10;22.3;74.03;64.03;8;B;62.21;78.57;71.84;Tidak Unggul
697;41;17.0;82.32;83.63;17;A;82.9;91.63;72.44;Unggul
762;43;17.72;81.05;90.89;18;A;75.67;91.65;82.03;Unggul
661;20;33.05;55.94;67.66;8;C;61.5;76.42;61.41;Tidak Unggul
305;19;16.05;79.73;86.59;18;A;86.41;89.95;94.88;Unggul
404;15;26.93;55.79;71.99;6;C;50.95;79.14;61.68;Tidak Unggul
320;17;18.82;83.9;77.8;13;B;81.09;87.19;79.22;Unggul
877;37;23.7;68.31;72.62;9;B;66.03;85.94;66.78;Tidak Unggul
319;13;24.54;71.87;72.65;8;B;62.52;80.1;63.02;Tidak Unggul
913;54;16.91;63.63;75.56;12;B;79.4;90.9;73.37;Unggul
471;29;16.24;74.58;81.21;15;A;68.45;87.85;81.43;Unggul
716;31;23.1;63.28;65.09;11;B;76.1;84.1;75.73;Tidak Unggul
605;25;24.2;51.54;66.51;8;C;55.75;79.41;55.18;Tidak Unggul
752;33;22.79;78.06;85.85;14;B;80.26;88.31;79.15;Unggul
939;40;23.48;55.87;71.44;9;C;66.05;83.64;67.54;Tidak Unggul
762;47;16.21;76.08;77.27;13;B;93.15;89.12;88.29;Unggul
304;13;23.38;56.25;63.05;7;C;76.83;82.45;69.91;Tidak Unggul
498;23;21.65;62.47;83.19;12;C;72.81;82.7;64.17;Tidak Unggul
600;36;16.67;88.55;81.56;16;A;85.73;95.47;81.28;Unggul
802;37;21.68;67.69;75.79;14;B;76.99;87.76;74.14;Tidak Unggul
322;9;35.78;59.87;71.8;6;C;55.09;82.55;66.39;Tidak Unggul
159;8;19.88;82.8;76.7;17;B;66.22;94.76;78.9;Tidak Unggul
889;52;17.1;87.21;85.29;18;A;92.68;99.0;86.6;Unggul
414;15;27.6;61.77;70.08;7;B;62.3;80.61;74.89;Tidak Unggul
587;43;13.65;89.57;81.9;22;A;82.89;98.69;94.81;Unggul
909;70;12.99;89.08;84.28;16;B;70.71;89.24;86.78;Unggul
396;21;18.86;67.74;80.59;13;B;79.06;91.04;77.92;Unggul
816;27;30.22;58.8;64.32;8;C;63.2;88.21;64.72;Tidak Unggul
695;32;21.72;63.4;73.72;11;B;61.9;85.69;71.44;Tidak Unggul
648;36;18.0;84.73;86.41;15;A;77.53;91.36;83.46;Unggul
278;21;13.24;80.83;76.35;17;B;83.51;84.91;84.1;Unggul
821;39;21.05;77.41;81.94;13;B;79.14;87.52;75.17;Unggul
750;53;14.15;71.7;83.09;17;A;68.28;88.94;82.23;Unggul
754;53;14.23;86.98;80.29;15;A;74.99;88.76;82.42;Unggul
476;30;15.87;70.59;76.37;14;B;83.13;88.12;78.62;Unggul
902;45;20.04;76.45;82.84;19;B;74.51;90.93;74.08;Unggul
984;54;18.22;74.02;73.02;10;B;81.26;80.18;76.72;Unggul
553;21;26.33;82.29;74.1;9;B;67.46;78.96;67.93;Tidak Unggul
778;55;14.15;78.88;81.2;18;A;82.56;96.54;78.52;Unggul
755;47;16.06;71.31;75.83;13;B;75.42;88.18;84.39;Unggul
824;36;22.89;72.77;72.18;13;B;82.12;86.81;72.07;Tidak Unggul
760;53;14.34;85.92;70.71;13;B;70.91;90.09;76.94;Unggul
774;34;22.76;72.51;75.81;14;B;61.93;90.0;62.73;Unggul
508;36;14.11;85.05;73.86;17;A;78.5;86.78;87.88;Unggul
752;38;19.79;77.56;76.52;10;B;62.35;82.49;73.32;Unggul
867;55;15.76;84.84;78.23;14;B;68.99;87.18;84.79;Unggul
166;8;20.75;70.4;88.04;16;B;68.79;92.63;76.28;Unggul
423;21;20.14;83.0;84.09;14;B;81.9;95.2;83.45;Unggul
834;27;30.89;65.54;65.61;6;C;45.0;78.84;60.15;Tidak Unggul
265;22;12.05;81.77;78.74;16;A;83.01;92.17;83.43;Unggul
842;42;20.05;73.26;79.03;14;A;80.92;88.87;79.88;Unggul
240;12;20.0;59.86;70.28;10;B;74.74;84.4;64.51;Tidak Unggul
231;8;28.88;65.02;66.95;6;C;64.34;81.33;57.65;Tidak Unggul
473;20;23.65;59.71;70.22;9;B;72.21;81.67;73.53;Tidak Unggul
263;20;13.15;74.26;85.46;17;B;74.88;92.15;79.4;Unggul
918;29;31.66;59.2;66.55;6;C;60.39;84.48;60.49;Tidak Unggul
207;11;18.82;83.3;88.42;15;B;71.0;93.32;79.17;Unggul
303;17;17.82;81.07;75.02;14;A;87.52;86.16;77.81;Unggul
553;21;26.33;62.29;76.11;9;C;79.78;82.83;70.75;Tidak Unggul
777;34;22.85;61.28;84.98;14;B;76.64;85.2;75.88;Tidak Unggul
415;18;23.06;75.78;82.24;11;B;60.6;86.21;66.18;Unggul
464;19;24.42;67.53;63.4;6;C;67.73;82.3;62.87;Tidak Unggul
864;40;21.6;78.36;83.45;13;B;72.45;91.59;64.33;Unggul
190;11;17.27;79.13;67.79;15;A;64.48;89.41;78.96;Unggul
254;9;28.22;55.68;60.0;5;C;56.1;83.81;56.55;Tidak Unggul
342;26;13.15;87.73;92.32;22;A;100.0;99.0;81.65;Unggul
550;22;25.0;70.77;76.32;10;B;69.62;84.03;65.79;Tidak Unggul
427;9;47.44;60.04;74.44;8;B;68.56;84.38;67.4;Tidak Unggul
503;29;17.34;77.78;75.34;11;B;66.69;87.6;73.27;Unggul
898;43;20.88;77.73;73.84;16;B;76.6;90.84;78.86;Unggul
882;64;13.78;83.0;76.23;18;A;84.32;94.58;87.26;Unggul
729;56;13.02;97.05;85.49;24;A;84.42;97.46;94.12;Unggul
858;27;31.78;65.78;74.53;10;C;68.93;83.8;67.21;Tidak Unggul
405;26;15.58;91.28;91.11;19;A;86.38;94.38;82.8;Unggul
800;43;18.6;71.93;84.63;15;A;87.95;97.01;87.17;Unggul
973;40;24.32;68.46;68.37;7;B;58.01;80.19;62.63;Tidak Unggul
810;29;27.93;70.43;78.94;8;C;67.54;82.01;59.37;Tidak Unggul
248;13;19.08;89.74;82.99;14;B;67.91;84.85;70.08;Unggul
737;36;20.47;88.57;83.33;13;B;64.64;90.63;82.03;Unggul
431;20;21.55;85.1;85.86;15;A;87.97;90.88;72.59;Unggul
552;17;32.47;51.17;64.13;6;C;51.61;78.5;61.04;Tidak Unggul
258;15;17.2;71.64;83.37;16;A;73.31;88.7;91.47;Unggul
849;38;22.34;67.67;72.91;13;B;79.09;88.26;72.05;Tidak Unggul
348;27;12.89;84.93;84.58;19;A;83.03;93.03;79.12;Unggul
452;31;14.58;88.61;77.38;16;B;69.54;86.83;83.81;Unggul
476;22;21.64;56.52;77.17;9;C;65.34;85.63;65.12;Tidak Unggul
303;9;33.67;49.4;66.05;4;C;45.0;75.0;53.67;Tidak Unggul
701;26;26.96;66.21;68.61;9;C;61.4;89.39;69.65;Tidak Unggul
794;28;28.36;53.02;71.19;6;C;73.41;81.23;59.57;Tidak Unggul
554;29;19.1;66.06;79.16;9;B;62.07;89.33;69.2;Tidak Unggul
611;27;22.63;85.89;74.39;13;A;71.91;88.58;75.85;Unggul
281;14;20.07;81.5;77.3;12;B;79.03;92.62;77.37;Tidak Unggul
940;42;22.38;77.36;69.72;11;B;63.39;90.7;64.59;Unggul
233;17;13.71;72.21;81.87;14;B;76.38;92.39;80.1;Unggul
548;26;21.08;60.36;84.14;13;A;84.15;85.27;71.45;Tidak Unggul
903;33;27.36;58.36;67.43;9;C;54.87;79.01;57.39;Tidak Unggul
777;43;18.07;60.53;84.22;13;B;79.11;91.43;88.72;Unggul
258;9;28.67;67.46;66.34;9;C;58.81;82.92;75.59;Tidak Unggul
370;19;19.47;75.66;78.0;9;B;66.74;88.33;65.97;Tidak Unggul
702;29;24.21;66.67;76.05;11;B;75.53;86.86;76.7;Tidak Unggul
517;24;21.54;76.23;79.07;12;B;72.98;87.9;70.18;Tidak Unggul
296;11;26.91;67.4;72.57;10;B;58.58;82.06;66.59;Tidak Unggul
261;9;29.0;57.74;66.09;9;B;66.69;85.31;58.31;Tidak Unggul
764;27;28.3;58.17;63.68;4;C;69.25;82.32;58.66;Tidak Unggul
707;27;26.19;64.09;70.21;10;B;68.12;87.01;68.25;Tidak Unggul
643;38;16.92;87.66;91.04;17;B;82.2;92.13;72.62;Unggul
654;28;23.36;70.91;76.83;6;C;60.0;87.44;67.32;Tidak Unggul
624;36;17.33;88.31;85.48;16;B;90.29;98.67;78.34;Unggul
985;53;18.58;71.0;92.09;16;B;69.16;91.81;81.13;Unggul
420;25;16.8;88.11;73.19;15;B;89.68;89.22;75.26;Unggul
570;22;25.91;72.11;73.35;11;B;71.06;88.63;69.24;Tidak Unggul
856;38;22.53;74.65;80.43;12;B;69.55;88.43;71.85;Unggul
516;23;22.43;86.82;76.6;13;B;83.95;85.38;72.96;Unggul
429;23;18.65;85.38;77.82;15;B;87.84;96.78;83.62;Unggul
432;30;14.4;77.69;82.9;14;B;91.85;93.84;89.77;Unggul
189;8;23.62;60.73;83.15;9;B;72.73;82.57;71.27;Tidak Unggul
338;12;28.17;45.0;60.0;4;C;52.35;79.25;50.0;Tidak Unggul
313;12;26.08;57.61;70.45;10;B;67.42;82.37;67.41;Tidak Unggul
685;45;15.22;83.89;74.26;14;B;80.77;89.48;77.47;Unggul
685;50;13.7;64.72;80.32;14;A;80.06;92.63;75.7;Unggul
153;14;10.93;89.34;88.41;15;A;91.18;91.03;84.23;Unggul
984;37;26.59;68.58;75.56;10;C;55.21;78.35;69.89;Tidak Unggul
439;27;16.26;74.38;76.71;15;A;82.45;93.35;81.82;Unggul
582;31;18.77;82.68;86.03;15;A;80.47;90.7;84.74;Unggul
620;23;26.96;66.55;71.42;7;C;59.36;79.25;57.72;Tidak Unggul
330;22;15.0;80.64;78.51;16;A;81.8;91.98;82.44;Unggul
397;15;26.47;77.9;76.15;9;B;65.84;81.4;68.08;Tidak Unggul
777;43;18.07;64.7;80.55;16;A;74.42;89.05;76.28;Unggul
428;21;20.38;82.63;86.34;14;A;71.75;93.82;77.54;Unggul
730;23;31.74;56.29;60.0;9;C;61.24;83.85;66.78;Tidak Unggul
403;28;14.39;66.12;83.48;21;A;76.44;92.35;84.94;Unggul
330;12;27.5;59.75;77.3;9;B;64.29;85.41;73.46;Tidak Unggul
979;37;26.46;59.63;74.3;8;B;63.67;76.33;63.36;Tidak Unggul
830;50;16.6;75.65;82.4;14;A;79.26;87.61;76.84;Unggul
974;50;19.48;63.5;68.54;12;B;85.77;86.08;68.4;Unggul
658;28;23.5;70.96;85.14;12;A;71.5;90.61;73.92;Unggul
910;48;18.96;75.33;84.53;15;A;86.24;87.5;78.31;Unggul
849;36;23.58;60.67;72.26;8;C;66.58;86.14;65.51;Tidak Unggul
715;39;18.33;75.76;82.41;18;A;94.27;92.92;80.52;Unggul
475;22;21.59;76.82;84.61;14;B;89.35;87.08;81.97;Unggul
506;23;22.0;82.03;76.63;10;B;62.2;87.8;72.77;Tidak Unggul
974;39;24.97;71.5;74.64;11;B;72.2;81.95;72.15;Tidak Unggul
799;60;13.32;87.49;82.9;20;A;91.89;91.46;84.28;Unggul
829;39;21.26;71.49;74.58;10;A;84.73;87.13;68.56;Tidak Unggul
540;17;31.76;52.43;60.0;1;C;48.16;76.1;50.0;Tidak Unggul
764;32;23.88;67.84;60.0;7;C;72.03;81.94;70.63;Tidak Unggul
234;8;29.25;72.53;70.85;8;C;65.82;86.41;66.61;Tidak Unggul
466;22;21.18;66.91;70.19;12;A;63.29;79.48;75.79;Tidak Unggul
361;14;25.79;76.19;69.16;9;C;68.33;91.67;69.39;Tidak Unggul
664;23;28.87;78.47;68.82;9;B;71.77;85.33;69.22;Tidak Unggul
533;39;13.67;77.55;79.19;20;A;99.15;94.01;81.82;Unggul
840;41;20.49;85.46;85.57;13;B;81.36;88.76;81.63;Unggul
491;26;18.88;84.31;74.41;11;B;72.08;87.6;72.11;Unggul
964;49;19.67;78.74;64.92;10;B;60.17;86.06;72.99;Unggul
993;71;13.99;80.63;87.83;18;B;87.03;92.35;85.24;Unggul
187;8;23.38;72.88;80.16;8;B;62.49;84.11;72.72;Tidak Unggul
660;48;13.75;79.07;87.36;17;A;85.87;92.38;98.0;Unggul
569;28;20.32;76.02;83.91;15;A;87.61;90.84;84.09;Unggul
900;38;23.68;61.75;73.71;7;B;72.98;82.75;59.24;Tidak Unggul
318;16;19.88;68.73;84.46;17;A;85.39;91.72;83.31;Unggul
492;18;27.33;64.03;66.26;9;B;57.32;84.46;64.11;Tidak Unggul
975;33;29.55;63.83;63.39;4;C;50.65;87.15;67.16;Tidak Unggul
455;24;18.96;81.93;74.04;15;A;72.86;89.57;80.05;Unggul
691;34;20.32;45.0;75.1;12;C;61.92;92.91;72.93;Tidak Unggul
851;49;17.37;77.7;82.22;14;B;86.74;90.62;78.02;Unggul
686;30;22.87;71.13;77.56;11;B;73.3;86.65;71.02;Unggul
261;15;17.4;74.31;82.33;17;B;100.0;89.83;85.72;Unggul
560;20;28.0;60.74;68.47;10;B;68.64;82.14;77.59;Tidak Unggul
355;11;32.27;65.11;64.27;6;C;70.81;83.32;57.39;Tidak Unggul
334;25;13.36;78.15;77.37;14;B;82.71;86.14;75.5;Unggul
531;17;31.24;66.88;61.98;10;C;76.91;81.96;67.94;Tidak Unggul
645;49;13.16;90.7;83.87;18;A;86.11;92.62;77.34;Unggul
528;21;25.14;90.5;74.09;16;B;83.47;86.51;65.76;Tidak Unggul
196;11;17.82;75.69;79.87;15;A;86.5;93.01;73.14;Tidak Unggul
889;36;24.69;70.51;70.17;9;B;58.61;88.62;65.12;Tidak Unggul
700;42;16.67;74.12;84.46;16;B;90.68;87.99;98.0;Unggul
677;26;26.04;80.3;82.06;8;C;69.28;84.63;58.83;Tidak Unggul
653;34;19.21;73.17;83.91;14;B;63.98;88.09;78.97;Unggul
171;9;19.0;61.21;76.16;14;B;76.37;89.54;73.97;Tidak Unggul
362;15;24.13;75.13;73.01;11;B;79.89;85.52;71.77;Tidak Unggul
459;31;14.81;72.54;85.77;20;A;70.64;96.04;95.59;Unggul
810;30;27.0;70.46;66.66;6;C;65.93;75.0;67.67;Tidak Unggul
902;28;32.21;67.23;67.99;8;B;66.13;80.83;60.07;Tidak Unggul
421;18;23.39;55.39;66.63;6;C;64.76;86.94;62.33;Tidak Unggul
720;44;16.36;79.58;74.86;13;B;100.0;87.64;78.99;Unggul
948;71;13.35;82.84;89.64;21;A;93.9;86.68;91.58;Unggul
351;15;23.4;67.25;67.75;6;C;60.31;80.44;64.2;Tidak Unggul
181;8;22.62;61.11;77.95;11;B;70.43;89.54;76.01;Tidak Unggul
592;33;17.94;62.68;75.65;11;B;82.23;84.18;69.27;Tidak Unggul
311;16;19.44;74.86;66.84;14;B;78.67;85.33;68.45;Tidak Unggul
916;45;20.36;83.95;67.82;8;B;67.99;86.92;67.56;Unggul
403;12;33.58;52.89;60.0;7;C;66.35;80.47;52.97;Tidak Unggul
670;31;21.61;69.8;79.49;15;A;69.01;84.59;80.47;Unggul
800;34;23.53;67.9;65.99;11;B;79.08;80.76;61.75;Tidak Unggul
629;25;25.16;61.51;73.18;10;B;69.9;84.76;72.79;Tidak Unggul
159;8;19.88;72.99;71.01;10;B;74.98;85.7;68.22;Tidak Unggul
875;47;18.62;86.69;80.34;16;A;96.06;91.45;83.39;Unggul
654;28;23.36;75.44;79.67;12;B;58.16;90.3;71.71;Unggul
934;34;27.47;59.01;71.57;6;C;58.0;75.03;63.35;Tidak Unggul
985;72;13.68;77.52;82.86;19;A;70.89;95.23;85.62;Unggul
709;33;21.48;90.97;77.47;11;B;81.21;86.45;71.58;Unggul
585;35;16.71;71.24;78.37;17;B;89.38;89.41;76.65;Unggul
260;10;26.0;60.65;74.27;8;B;63.48;86.3;67.81;Tidak Unggul
302;15;20.13;58.72;76.03;11;B;78.13;91.58;71.55;Tidak Unggul
784;36;21.78;58.01;75.77;8;B;73.24;85.3;66.96;Tidak Unggul
251;17;14.76;83.75;77.1;18;A;85.99;91.67;72.97;Unggul
902;38;23.74;70.03;77.9;13;A;80.26;89.27;80.62;Unggul
982;45;21.82;63.01;66.92;14;B;75.61;86.38;72.33;Unggul
340;18;18.89;67.94;73.55;11;B;72.36;90.14;73.31;Tidak Unggul
878;34;25.82;62.86;72.08;8;C;65.11;90.56;74.51;Tidak Unggul
712;36;19.78;72.02;70.11;16;A;67.33;98.47;72.71;Unggul
953;32;29.78;75.22;60.0;9;B;47.74;82.51;61.5;Tidak Unggul
230;10;23.0;60.8;63.23;6;C;64.24;88.2;66.18;Tidak Unggul
638;27;23.63;72.22;70.15;11;B;86.1;85.09;70.72;Tidak Unggul
237;10;23.7;68.53;68.27;10;B;61.37;82.49;69.16;Tidak Unggul
343;24;14.29;83.08;81.25;18;A;79.98;85.72;81.06;Unggul
253;18;14.06;80.16;86.04;17;A;86.04;93.05;78.76;Unggul
932;34;27.41;62.43;80.78;9;B;64.47;83.09;62.97;Tidak Unggul
245;18;13.61;92.21;84.51;18;A;89.57;94.71;92.19;Unggul
572;22;26.0;68.94;73.65;8;C;71.04;84.63;69.86;Tidak Unggul
347;14;24.79;61.83;78.55;9;B;70.66;84.99;64.11;Tidak Unggul
150;8;18.75;51.27;82.65;13;A;68.13;88.47;65.58;Unggul
556;29;19.17;65.81;70.6;9;B;63.55;79.82;71.78;Tidak Unggul
527;26;20.27;68.27;85.69;14;B;82.93;86.98;77.92;Unggul
316;20;15.8;72.04;87.99;19;B;70.67;91.08;80.86;Unggul
658;25;26.32;55.17;78.25;7;C;75.33;79.02;69.26;Tidak Unggul
787;33;23.85;80.8;83.06;11;B;75.24;88.19;81.7;Unggul
462;25;18.48;80.02;69.14;10;B;81.17;84.7;69.46;Tidak Unggul
742;57;13.02;94.26;89.76;21;A;95.11;94.17;88.99;Unggul
567;34;16.68;79.62;80.38;19;A;84.04;92.84;82.99;Unggul
912;49;18.61;73.93;74.87;13;A;89.42;93.03;85.66;Unggul
830;36;23.06;51.77;71.37;7;B;64.29;84.14;65.91;Tidak Unggul
626;45;13.91;90.22;85.33;15;A;82.03;91.75;85.22;Unggul
222;9;24.67;68.78;68.32;6;C;49.21;82.88;64.52;Tidak Unggul
290;13;22.31;75.21;72.64;11;B;71.47;84.37;64.5;Tidak Unggul
731;29;25.21;60.33;85.6;10;B;63.99;80.78;71.17;Tidak Unggul
411;19;21.63;64.27;79.12;9;B;62.05;79.46;74.22;Tidak Unggul
489;20;24.45;69.03;71.89;12;B;67.26;85.09;71.59;Tidak Unggul
457;23;19.87;59.35;76.67;13;B;79.22;88.25;75.59;Tidak Unggul
394;16;24.62;82.59;77.41;10;B;64.32;84.35;72.61;Tidak Unggul
664;34;19.53;64.19;83.14;13;B;66.24;85.59;84.45;Tidak Unggul
486;24;20.25;65.32;77.66;11;B;58.63;84.62;82.62;Tidak Unggul
724;29;24.97;50.63;70.42;9;B;69.05;81.19;63.72;Tidak Unggul
710;43;16.51;82.12;77.91;19;A;91.64;90.09;85.63;Unggul
225;13;17.31;75.18;89.55;16;B;74.75;90.18;75.08;Unggul
324;13;24.92;73.61;67.46;8;C;62.87;83.72;71.33;Tidak Unggul
258;19;13.58;69.83;85.24;15;B;86.29;97.05;81.72;Unggul
332;16;20.75;62.51;75.11;9;B;71.38;85.29;61.98;Tidak Unggul
341;23;14.83;86.2;92.7;19;A;91.17;92.35;89.66;Unggul
214;8;26.75;50.92;65.51;8;B;70.44;87.26;66.11;Tidak Unggul
998;69;14.46;89.03;77.52;15;A;72.38;89.23;80.7;Unggul
623;25;24.92;55.29;69.99;9;B;70.18;79.76;59.88;Tidak Unggul
932;61;15.28;91.45;74.95;16;B;80.12;91.69;75.85;Unggul
249;19;13.11;82.95;86.75;19;A;87.66;94.44;87.92;Unggul
693;24;28.88;51.09;74.46;9;C;60.42;85.76;62.6;Tidak Unggul
277;16;17.31;85.52;85.45;18;B;72.07;94.1;81.18;Unggul
601;22;27.32;70.34;78.15;7;B;73.48;90.43;67.96;Tidak Unggul
518;35;14.8;90.29;87.04;21;A;90.05;92.21;83.08;Unggul
1000;46;21.74;77.76;78.77;13;A;79.87;89.25;73.74;Unggul
192;11;17.45;89.73;68.91;10;B;73.9;84.3;73.47;Tidak Unggul
568;29;19.59;69.54;87.5;14;A;85.6;89.82;77.3;Unggul
637;18;35.39;76.56;69.73;6;C;54.57;83.03;62.83;Tidak Unggul
227;8;28.38;47.71;67.44;5;B;83.04;75.0;61.57;Tidak Unggul
975;71;13.73;100.0;84.77;18;A;95.44;96.47;97.24;Unggul
950;48;19.79;79.94;93.92;19;A;81.91;90.5;73.99;Unggul
419;20;20.95;88.64;79.54;15;B;92.77;96.62;69.16;Unggul
823;51;16.14;83.13;75.22;15;A;80.6;89.73;75.83;Unggul
850;58;14.66;65.94;78.88;20;B;100.0;87.33;84.78;Unggul
908;36;25.22;57.99;69.19;7;C;78.14;83.02;69.07;Tidak Unggul
877;30;29.23;55.37;66.55;9;C;77.19;82.74;68.33;Tidak Unggul
464;17;27.29;81.03;71.0;10;B;70.25;83.96;70.69;Tidak Unggul
1000;41;24.39;76.07;66.09;12;C;70.38;85.2;72.51;Tidak Unggul
317;16;19.81;75.56;77.81;14;B;73.11;91.11;73.93;Unggul
488;29;16.83;77.9;83.24;15;B;89.93;92.54;77.44;Unggul
342;19;18.0;78.03;87.0;13;A;68.09;94.99;82.64;Unggul
602;45;13.38;77.22;83.23;17;A;86.25;91.85;85.17;Unggul
432;23;18.78;80.59;69.68;14;B;62.86;91.22;85.77;Unggul
485;23;21.09;67.01;71.29;9;B;60.77;85.14;67.65;Tidak Unggul
539;18;29.94;50.18;69.89;7;C;57.66;75.55;61.23;Tidak Unggul
674;21;32.1;69.34;72.07;7;C;69.22;80.16;69.36;Tidak Unggul
389;16;24.31;82.04;76.99;7;B;76.04;86.71;65.27;Tidak Unggul
981;38;25.82;58.99;76.6;13;C;72.36;85.03;71.02;Tidak Unggul
632;38;16.63;83.97;76.93;13;B;73.8;90.88;79.79;Unggul
808;31;26.06;53.23;60.13;5;B;55.38;80.25;64.37;Tidak Unggul
865;38;22.76;76.5;70.55;13;B;68.04;84.35;66.89;Tidak Unggul
741;46;16.11;76.77;80.36;16;A;100.0;89.61;93.37;Unggul
704;24;29.33;59.38;70.6;5;C;58.93;77.96;59.39;Tidak Unggul
607;23;26.39;65.47;71.26;8;B;71.21;87.24;64.59;Tidak Unggul
238;15;15.87;90.98;73.08;16;A;80.38;89.96;89.27;Unggul
809;58;13.95;84.15;87.51;21;A;92.21;90.55;84.24;Unggul
244;8;30.5;52.82;68.54;5;C;47.79;76.53;58.71;Tidak Unggul
601;28;21.46;69.56;66.29;10;B;67.25;81.14;66.85;Tidak Unggul
577;14;41.21;72.75;66.81;5;C;61.43;80.7;60.54;Tidak Unggul
300;19;15.79;79.48;67.45;13;B;71.36;89.5;73.39;Unggul
663;46;14.41;73.72;76.51;20;B;86.02;92.47;79.98;Unggul
525;33;15.91;87.94;72.35;15;B;81.97;87.46;82.32;Unggul
171;14;12.21;91.12;93.16;19;A;92.67;93.97;85.99;Unggul
462;34;13.59;73.52;90.66;16;A;80.88;91.46;86.63;Unggul
989;33;29.97;60.98;69.57;4;C;56.6;78.91;57.43;Tidak Unggul
668;33;20.24;76.48;85.28;15;B;86.17;86.14;83.33;Unggul
355;17;20.88;45.0;70.68;11;B;77.25;90.43;64.5;Tidak Unggul
524;42;12.48;85.56;87.24;19;A;97.87;90.97;85.19;Unggul
600;39;15.38;71.19;83.03;17;A;71.95;95.16;78.95;Unggul
775;31;25.0;55.61;64.75;8;C;55.21;79.49;63.38;Tidak Unggul
933;39;23.92;50.67;76.36;9;C;64.35;86.78;61.54;Tidak Unggul
744;28;26.57;62.99;69.74;11;B;60.74;81.56;62.18;Tidak Unggul
328;15;21.87;74.77;77.66;15;A;77.09;89.17;70.06;Tidak Unggul
359;23;15.61;83.61;82.92;17;A;89.99;97.15;70.52;Unggul
649;30;21.63;61.31;72.89;11;B;71.47;82.49;59.23;Tidak Unggul
613;34;18.03;73.75;86.09;15;B;81.3;91.43;71.35;Unggul
989;41;24.12;81.98;80.36;9;C;62.68;86.96;63.01;Tidak Unggul
273;14;19.5;57.87;75.54;11;A;74.1;90.24;68.35;Tidak Unggul
262;13;20.15;87.19;78.52;17;B;80.53;89.37;74.76;Unggul
161;13;12.38;82.58;86.6;19;A;90.56;94.14;86.31;Unggul
275;12;22.92;98.25;76.75;12;A;76.24;88.07;71.19;Unggul
714;31;23.03;72.14;77.85;12;B;70.66;86.7;65.87;Unggul
480;25;19.2;75.92;77.45;16;A;90.51;93.86;80.15;Unggul
432;20;21.6;58.82;67.12;10;B;78.62;84.17;73.66;Tidak Unggul
289;8;36.12;60.35;64.84;3;C;60.2;78.41;52.2;Tidak Unggul
550;22;25.0;51.53;71.26;9;B;77.9;84.06;71.63;Tidak Unggul
246;15;16.4;87.31;84.41;16;B;86.68;93.24;74.04;Unggul
666;35;19.03;59.05;64.38;10;B;65.24;87.29;72.04;Tidak Unggul
718;30;23.93;62.22;81.69;10;B;58.41;84.98;64.07;Tidak Unggul
995;44;22.61;52.17;78.7;11;B;87.31;91.72;68.71;Tidak Unggul
218;12;18.17;74.65;89.12;13;B;70.67;85.91;76.03;Unggul
267;14;19.07;79.84;82.15;14;B;86.92;93.27;78.57;Unggul
208;9;23.11;68.5;70.61;10;C;81.34;85.89;76.71;Tidak Unggul
182;14;13.0;69.04;85.53;18;A;77.8;95.46;81.16;Unggul
467;21;22.24;79.53;79.84;8;B;62.5;88.63;65.02;Tidak Unggul
199;13;15.31;80.82;80.09;17;A;91.87;89.69;77.8;Unggul
638;29;22.0;65.2;76.42;13;B;74.09;82.37;69.68;Tidak Unggul
168;12;14.0;92.93;89.39;19;A;87.17;99.0;94.0;Unggul
875;34;25.74;67.92;78.12;10;B;75.28;91.44;66.06;Tidak Unggul
346;24;14.42;90.72;83.21;23;A;95.91;95.62;84.61;Unggul
599;21;28.52;51.43;67.33;5;C;64.74;79.44;57.0;Tidak Unggul
708;22;32.18;61.7;64.95;4;C;66.99;75.0;59.81;Tidak Unggul
828;45;18.4;81.77;86.19;13;A;72.1;87.65;75.33;Unggul
601;28;21.46;71.02;86.58;11;A;85.88;86.68;79.84;Unggul
438;24;18.25;83.48;85.67;20;B;100.0;94.35;84.61;Unggul
290;19;15.26;83.93;86.45;19;A;90.93;94.25;88.73;Unggul
233;10;23.3;69.22;69.37;10;B;83.83;91.05;70.17;Tidak Unggul
843;50;16.86;63.08;75.08;14;A;72.67;80.99;68.12;Unggul
540;23;23.48;64.59;74.09;11;B;76.08;89.08;78.07;Tidak Unggul
740;49;15.1;73.85;84.42;16;A;82.99;87.42;80.48;Unggul
364;26;14.0;77.56;81.14;13;A;80.34;89.21;79.72;Unggul
675;37;18.24;73.64;77.66;15;A;77.35;94.23;77.68;Unggul
364;17;21.41;72.84;71.97;12;B;65.56;86.49;64.17;Tidak Unggul
552;28;19.71;51.46;86.58;16;B;78.91;95.29;72.96;Unggul
277;11;25.18;65.19;67.99;9;C;73.22;82.15;57.73;Tidak Unggul
971;58;16.74;74.1;80.17;15;B;61.64;86.25;71.18;Unggul
626;50;12.52;92.12;86.56;18;A;93.81;88.41;89.78;Unggul
909;35;25.97;74.15;66.97;5;C;66.57;83.16;54.0;Tidak Unggul
553;20;27.65;73.0;77.89;9;C;64.4;84.66;68.45;Tidak Unggul
178;15;11.87;96.51;81.43;19;A;87.47;87.6;80.9;Unggul
941;44;21.39;71.65;74.0;13;A;65.74;85.41;71.32;Unggul
487;31;15.71;75.05;84.61;13;B;73.08;90.13;66.44;Unggul
980;41;23.9;72.08;68.58;7;B;60.04;79.89;64.81;Tidak Unggul
863;34;25.38;67.58;65.72;11;B;76.74;82.6;74.44;Tidak Unggul
510;22;23.18;69.64;70.19;10;B;71.27;87.51;72.13;Tidak Unggul
718;28;25.64;73.74;70.77;7;C;59.6;83.72;72.6;Tidak Unggul
541;33;16.39;84.89;77.77;14;A;75.6;94.36;74.64;Unggul
367;16;22.94;78.91;82.56;14;B;81.21;97.35;85.44;Unggul
